url,normalized_key,discovered_from,content_type,title,source_file,source_publish_state,local_route_state,http_status,final_url,redirect_chain,canonical,meta_robots,x_robots_tag,robots_access,sitemap_included,hub_linked,incoming_internal_links_in_sample,rendered_content_status,ad_observation,reviewed_at,proposed_action,evidence,notes
http://spinkorea.kr/,http://spinkorea.kr/,LIVE_HTTP,page,온라인 룰렛 돌리기 | 무료 원판돌리기·스핀 추첨,UNKNOWN,UNKNOWN,UNKNOWN,200,https://spinkorea.kr/,"[{""status"": 308, ""url"": ""http://spinkorea.kr/"", ""destination"": ""https://spinkorea.kr/""}]",https://spinkorea.kr/,ABSENT,ABSENT,ROBOTS_RULE_ALLOW,False,False,0,UNKNOWN,SCRIPT_PRESENT;DISPLAY_UNKNOWN,2026-09-19T22:57:33.588573+09:00,REVIEW,http-evidence.json,HTTP observation applies to fetched URL only; fragment variants retained; deployment SHA UNKNOWN
https://spinkorea.kr/,https://spinkorea.kr/,site-pages.json;existing-dist-unverified-build;LIVE_SITEMAP;LIVE_HTTP;link:https://spinkorea.kr/tools;link:https://spinkorea.kr/blog;link:https://spinkorea.kr/blog/random-choice-log;link:https://spinkorea.kr/tools/text-counter;link:https://spinkorea.kr/tools/random-team;link:https://spinkorea.kr/tools/random-password;link:https://spinkorea.kr/tools/loan-calculator;link:https://spinkorea.kr/tools/date-calculator;link:https://spinkorea.kr/tools/percentage-calculator;link:https://spinkorea.kr/tools/json-formatter;link:https://spinkorea.kr/tools/qr-code-generator;link:https://spinkorea.kr/tools/sleep-calculator;link:https://spinkorea.kr/tools/bmi-calculator;link:https://spinkorea.kr/tools/hourly-wage;link:https://spinkorea.kr/tools/lotto-generator;link:https://spinkorea.kr/contact;link:https://spinkorea.kr/privacy;link:https://spinkorea.kr/privacy/;link:https://spinkorea.kr/faq;link:https://spinkorea.kr/audit-nonexistent-20260919;link:https://spinkorea.kr/about;link:https://spinkorea.kr/blog/focus-thieves;link:https://spinkorea.kr/blog/goal-setting-smart;link:https://spinkorea.kr/blog/morning-routine;link:https://spinkorea.kr/blog/multitasking-myth;link:https://spinkorea.kr/blog/pareto-principle;link:https://spinkorea.kr/blog/perfectionism-trap;link:https://spinkorea.kr/blog/random-choice-psychology;link:https://spinkorea.kr/blog/success-habits;link:https://spinkorea.kr/lunch-menu;link:https://spinkorea.kr/random-number;link:https://spinkorea.kr/spinflow;link:https://spinkorea.kr/terms;link:https://spinkorea.kr/tools/age-calculator;link:https://spinkorea.kr/tools/annual-leave;link:https://spinkorea.kr/tools/area-converter;link:https://spinkorea.kr/tools/base-converter;link:https://spinkorea.kr/tools/base64-encoder;link:https://spinkorea.kr/tools/body-fat;link:https://spinkorea.kr/tools/calorie-burn;link:https://spinkorea.kr/tools/calorie-calculator;link:https://spinkorea.kr/tools/case-converter;link:https://spinkorea.kr/tools/coin-flip;link:https://spinkorea.kr/tools/color-converter;link:https://spinkorea.kr/tools/compound-interest;link:https://spinkorea.kr/tools/css-shadow-generator;link:https://spinkorea.kr/tools/d-day-counter;link:https://spinkorea.kr/tools/dice-roller;link:https://spinkorea.kr/tools/diff-checker;link:https://spinkorea.kr/tools/discount-calculator;link:https://spinkorea.kr/tools/dutch-pay;link:https://spinkorea.kr/tools/fuel-economy;link:https://spinkorea.kr/tools/ideal-weight;link:https://spinkorea.kr/tools/jeonse-converter;link:https://spinkorea.kr/tools/lorem-ipsum;link:https://spinkorea.kr/tools/margin-calculator;link:https://spinkorea.kr/tools/markdown-previewer;link:https://spinkorea.kr/tools/net-salary;link:https://spinkorea.kr/tools/roi-calculator;link:https://spinkorea.kr/tools/severance-pay;link:https://spinkorea.kr/tools/speed-calculator;link:https://spinkorea.kr/tools/statistics-calculator;link:https://spinkorea.kr/tools/time-calculator;link:https://spinkorea.kr/tools/timer;link:https://spinkorea.kr/tools/unit-converter;link:https://spinkorea.kr/tools/unix-timestamp;link:https://spinkorea.kr/tools/uri-encoder;link:https://spinkorea.kr/tools/uuid-generator;link:https://spinkorea.kr/tools/vat-calculator;link:https://spinkorea.kr/tools/water-intake;link:https://spinkorea.kr/tools/word-frequency;link:https://spinkorea.kr/tools/yes-no-oracle,page,온라인 룰렛 돌리기 | 무료 원판돌리기·스핀 추첨,src/data/site-pages.json,static;date=UNKNOWN,EXISTING_ARTIFACT_NOT_FRESH,200,https://spinkorea.kr/,[],https://spinkorea.kr/,ABSENT,ABSENT,ROBOTS_RULE_ALLOW,True,True,22,UNKNOWN,SCRIPT_PRESENT;DISPLAY_UNKNOWN,2026-09-19T22:57:10.772415+09:00,REVIEW,http-evidence.json,HTTP observation applies to fetched URL only; fragment variants retained; deployment SHA UNKNOWN
https://spinkorea.kr/#page-summary,https://spinkorea.kr/,link:https://spinkorea.kr/;link:http://spinkorea.kr/;link:https://www.spinkorea.kr/,page,UNKNOWN,UNKNOWN,UNKNOWN,UNKNOWN,UNKNOWN,UNKNOWN,UNKNOWN,UNKNOWN,UNKNOWN,UNKNOWN,ROBOTS_RULE_ALLOW,False,True,3,UNKNOWN,UNKNOWN,UNKNOWN,REVIEW,UNKNOWN,Candidate only: source/future/stale-build/link evidence is not proof of public availability
https://spinkorea.kr/#reference-links,https://spinkorea.kr/,link:https://spinkorea.kr/;link:http://spinkorea.kr/;link:https://www.spinkorea.kr/,page,UNKNOWN,UNKNOWN,UNKNOWN,UNKNOWN,UNKNOWN,UNKNOWN,UNKNOWN,UNKNOWN,UNKNOWN,UNKNOWN,ROBOTS_RULE_ALLOW,False,True,3,UNKNOWN,UNKNOWN,UNKNOWN,REVIEW,UNKNOWN,Candidate only: source/future/stale-build/link evidence is not proof of public availability
https://spinkorea.kr/#related-tools,https://spinkorea.kr/,link:https://spinkorea.kr/;link:http://spinkorea.kr/;link:https://www.spinkorea.kr/,page,UNKNOWN,UNKNOWN,UNKNOWN,UNKNOWN,UNKNOWN,UNKNOWN,UNKNOWN,UNKNOWN,UNKNOWN,UNKNOWN,ROBOTS_RULE_ALLOW,False,True,3,UNKNOWN,UNKNOWN,UNKNOWN,REVIEW,UNKNOWN,Candidate only: source/future/stale-build/link evidence is not proof of public availability
https://spinkorea.kr/about,https://spinkorea.kr/about,site-pages.json;existing-dist-unverified-build;LIVE_SITEMAP;link:https://spinkorea.kr/;link:https://spinkorea.kr/tools;link:https://spinkorea.kr/blog;link:https://spinkorea.kr/tools/text-counter;link:https://spinkorea.kr/tools/random-team;link:https://spinkorea.kr/tools/random-password;link:https://spinkorea.kr/tools/loan-calculator;link:https://spinkorea.kr/tools/date-calculator;link:https://spinkorea.kr/tools/percentage-calculator;link:https://spinkorea.kr/tools/json-formatter;link:https://spinkorea.kr/tools/qr-code-generator;link:https://spinkorea.kr/tools/sleep-calculator;link:https://spinkorea.kr/tools/bmi-calculator;link:https://spinkorea.kr/tools/hourly-wage;link:https://spinkorea.kr/tools/lotto-generator;link:https://spinkorea.kr/contact;link:https://spinkorea.kr/privacy;link:https://spinkorea.kr/privacy/;link:https://spinkorea.kr/faq;link:http://spinkorea.kr/;link:https://www.spinkorea.kr/;LIVE_HTTP;link:https://spinkorea.kr/lunch-menu;link:https://spinkorea.kr/random-number;link:https://spinkorea.kr/spinflow;link:https://spinkorea.kr/terms;link:https://spinkorea.kr/tools/age-calculator;link:https://spinkorea.kr/tools/annual-leave;link:https://spinkorea.kr/tools/area-converter;link:https://spinkorea.kr/tools/base-converter;link:https://spinkorea.kr/tools/base64-encoder;link:https://spinkorea.kr/tools/body-fat;link:https://spinkorea.kr/tools/calorie-burn;link:https://spinkorea.kr/tools/calorie-calculator;link:https://spinkorea.kr/tools/case-converter;link:https://spinkorea.kr/tools/coin-flip;link:https://spinkorea.kr/tools/color-converter;link:https://spinkorea.kr/tools/compound-interest;link:https://spinkorea.kr/tools/css-shadow-generator;link:https://spinkorea.kr/tools/d-day-counter;link:https://spinkorea.kr/tools/dice-roller;link:https://spinkorea.kr/tools/diff-checker;link:https://spinkorea.kr/tools/discount-calculator;link:https://spinkorea.kr/tools/dutch-pay;link:https://spinkorea.kr/tools/fuel-economy;link:https://spinkorea.kr/tools/ideal-weight;link:https://spinkorea.kr/tools/jeonse-converter;link:https://spinkorea.kr/tools/lorem-ipsum;link:https://spinkorea.kr/tools/margin-calculator;link:https://spinkorea.kr/tools/markdown-previewer;link:https://spinkorea.kr/tools/net-salary;link:https://spinkorea.kr/tools/roi-calculator;link:https://spinkorea.kr/tools/severance-pay;link:https://spinkorea.kr/tools/speed-calculator;link:https://spinkorea.kr/tools/statistics-calculator;link:https://spinkorea.kr/tools/time-calculator;link:https://spinkorea.kr/tools/timer;link:https://spinkorea.kr/tools/unit-converter;link:https://spinkorea.kr/tools/unix-timestamp;link:https://spinkorea.kr/tools/uri-encoder;link:https://spinkorea.kr/tools/uuid-generator;link:https://spinkorea.kr/tools/vat-calculator;link:https://spinkorea.kr/tools/water-intake;link:https://spinkorea.kr/tools/word-frequency;link:https://spinkorea.kr/tools/yes-no-oracle,page,SpinFlow 소개 | 무료 결정 도구·생활 유틸리티 51종,src/data/site-pages.json,static;date=UNKNOWN,EXISTING_ARTIFACT_NOT_FRESH,200,https://spinkorea.kr/about,[],https://spinkorea.kr/about,ABSENT,ABSENT,ROBOTS_RULE_ALLOW,True,True,21,UNKNOWN,SCRIPT_PRESENT;DISPLAY_UNKNOWN,2026-09-19T23:03:03.239060+09:00,REVIEW,http-evidence.json,HTTP observation applies to fetched URL only; fragment variants retained; deployment SHA UNKNOWN
https://spinkorea.kr/about#page-summary,https://spinkorea.kr/about,link:https://spinkorea.kr/about,page,UNKNOWN,UNKNOWN,UNKNOWN,UNKNOWN,UNKNOWN,UNKNOWN,UNKNOWN,UNKNOWN,UNKNOWN,UNKNOWN,ROBOTS_RULE_ALLOW,False,UNKNOWN,UNKNOWN,UNKNOWN,UNKNOWN,UNKNOWN,REVIEW,UNKNOWN,Candidate only: source/future/stale-build/link evidence is not proof of public availability
https://spinkorea.kr/about#reference-links,https://spinkorea.kr/about,link:https://spinkorea.kr/about,page,UNKNOWN,UNKNOWN,UNKNOWN,UNKNOWN,UNKNOWN,UNKNOWN,UNKNOWN,UNKNOWN,UNKNOWN,UNKNOWN,ROBOTS_RULE_ALLOW,False,UNKNOWN,UNKNOWN,UNKNOWN,UNKNOWN,UNKNOWN,REVIEW,UNKNOWN,Candidate only: source/future/stale-build/link evidence is not proof of public availability
https://spinkorea.kr/about#related-tools,https://spinkorea.kr/about,link:https://spinkorea.kr/about,page,UNKNOWN,UNKNOWN,UNKNOWN,UNKNOWN,UNKNOWN,UNKNOWN,UNKNOWN,UNKNOWN,UNKNOWN,UNKNOWN,ROBOTS_RULE_ALLOW,False,UNKNOWN,UNKNOWN,UNKNOWN,UNKNOWN,UNKNOWN,REVIEW,UNKNOWN,Candidate only: source/future/stale-build/link evidence is not proof of public availability
https://spinkorea.kr/about/,https://spinkorea.kr/about/,link:https://spinkorea.kr/;link:https://spinkorea.kr/tools;link:https://spinkorea.kr/blog;link:https://spinkorea.kr/tools/text-counter;link:https://spinkorea.kr/tools/random-team;link:https://spinkorea.kr/tools/random-password;link:https://spinkorea.kr/tools/loan-calculator;link:https://spinkorea.kr/tools/date-calculator;link:https://spinkorea.kr/tools/percentage-calculator;link:https://spinkorea.kr/tools/json-formatter;link:https://spinkorea.kr/tools/qr-code-generator;link:https://spinkorea.kr/tools/sleep-calculator;link:https://spinkorea.kr/tools/bmi-calculator;link:https://spinkorea.kr/tools/hourly-wage;link:https://spinkorea.kr/tools/lotto-generator;link:https://spinkorea.kr/contact;link:https://spinkorea.kr/privacy;link:https://spinkorea.kr/privacy/;link:https://spinkorea.kr/faq;link:http://spinkorea.kr/;link:https://www.spinkorea.kr/;link:https://spinkorea.kr/about;link:https://spinkorea.kr/lunch-menu;link:https://spinkorea.kr/random-number;link:https://spinkorea.kr/spinflow;link:https://spinkorea.kr/terms;link:https://spinkorea.kr/tools/age-calculator;link:https://spinkorea.kr/tools/annual-leave;link:https://spinkorea.kr/tools/area-converter;link:https://spinkorea.kr/tools/base-converter;link:https://spinkorea.kr/tools/base64-encoder;link:https://spinkorea.kr/tools/body-fat;link:https://spinkorea.kr/tools/calorie-burn;link:https://spinkorea.kr/tools/calorie-calculator;link:https://spinkorea.kr/tools/case-converter;link:https://spinkorea.kr/tools/coin-flip;link:https://spinkorea.kr/tools/color-converter;link:https://spinkorea.kr/tools/compound-interest;link:https://spinkorea.kr/tools/css-shadow-generator;link:https://spinkorea.kr/tools/d-day-counter;link:https://spinkorea.kr/tools/dice-roller;link:https://spinkorea.kr/tools/diff-checker;link:https://spinkorea.kr/tools/discount-calculator;link:https://spinkorea.kr/tools/dutch-pay;link:https://spinkorea.kr/tools/fuel-economy;link:https://spinkorea.kr/tools/ideal-weight;link:https://spinkorea.kr/tools/jeonse-converter;link:https://spinkorea.kr/tools/lorem-ipsum;link:https://spinkorea.kr/tools/margin-calculator;link:https://spinkorea.kr/tools/markdown-previewer;link:https://spinkorea.kr/tools/net-salary;link:https://spinkorea.kr/tools/roi-calculator;link:https://spinkorea.kr/tools/severance-pay;link:https://spinkorea.kr/tools/speed-calculator;link:https://spinkorea.kr/tools/statistics-calculator;link:https://spinkorea.kr/tools/time-calculator;link:https://spinkorea.kr/tools/timer;link:https://spinkorea.kr/tools/unit-converter;link:https://spinkorea.kr/tools/unix-timestamp;link:https://spinkorea.kr/tools/uri-encoder;link:https://spinkorea.kr/tools/uuid-generator;link:https://spinkorea.kr/tools/vat-calculator;link:https://spinkorea.kr/tools/water-intake;link:https://spinkorea.kr/tools/word-frequency;link:https://spinkorea.kr/tools/yes-no-oracle,page,UNKNOWN,UNKNOWN,UNKNOWN,UNKNOWN,UNKNOWN,UNKNOWN,UNKNOWN,UNKNOWN,UNKNOWN,UNKNOWN,ROBOTS_RULE_ALLOW,False,True,21,UNKNOWN,UNKNOWN,UNKNOWN,REVIEW,UNKNOWN,Candidate only: source/future/stale-build/link evidence is not proof of public availability
https://spinkorea.kr/ads.txt,https://spinkorea.kr/ads.txt,LIVE_HTTP,page,NON_HTML,UNKNOWN,UNKNOWN,UNKNOWN,200,https://spinkorea.kr/ads.txt,[],UNKNOWN,ABSENT,ABSENT,ROBOTS_RULE_ALLOW,False,False,0,UNKNOWN,NO_SCRIPT_IN_HTTP;DISPLAY_UNKNOWN,2026-09-19T22:57:10.239154+09:00,REVIEW,http-evidence.json,HTTP observation applies to fetched URL only; fragment variants retained; deployment SHA UNKNOWN
https://spinkorea.kr/audit-nonexistent-20260919,https://spinkorea.kr/audit-nonexistent-20260919,LIVE_HTTP,page,404 - 페이지를 찾을 수 없음 | SpinFlow,UNKNOWN,UNKNOWN,UNKNOWN,404,https://spinkorea.kr/audit-nonexistent-20260919,[],UNKNOWN,"noindex,follow",ABSENT,ROBOTS_RULE_ALLOW,False,False,0,UNKNOWN,SCRIPT_PRESENT;DISPLAY_UNKNOWN,2026-09-19T22:57:33.061396+09:00,REVIEW,http-evidence.json,HTTP observation applies to fetched URL only; fragment variants retained; deployment SHA UNKNOWN
https://spinkorea.kr/blog,https://spinkorea.kr/blog,site-pages.json;existing-dist-unverified-build;LIVE_SITEMAP;LIVE_RSS;LIVE_HTTP;link:https://spinkorea.kr/blog/css-shadow-states;link:https://spinkorea.kr/blog/yes-no-reversible-choice;link:https://spinkorea.kr/audit-nonexistent-20260919;link:https://spinkorea.kr/blog/coin-flip-question;link:https://spinkorea.kr/blog/dice-multiple-sum;link:https://spinkorea.kr/blog/diff-whitespace-review;link:https://spinkorea.kr/blog/hex-rgb-hsl-rounding;link:https://spinkorea.kr/blog/lorem-ipsum-layout-qa;link:https://spinkorea.kr/blog/lotto-random-combination;link:https://spinkorea.kr/blog/qr-print-scan-test;link:https://spinkorea.kr/blog/random-number-exclusion;link:https://spinkorea.kr/blog/random-team-odd-members,page,블로그 - 룰렛·생산성·도구 활용 가이드 | SpinFlow,src/data/site-pages.json,static;date=UNKNOWN,EXISTING_ARTIFACT_NOT_FRESH,200,https://spinkorea.kr/blog,[],https://spinkorea.kr/blog,ABSENT,ABSENT,ROBOTS_RULE_ALLOW,True,False,3,UNKNOWN,SCRIPT_PRESENT;DISPLAY_UNKNOWN,2026-09-19T22:57:12.041734+09:00,REVIEW,http-evidence.json,HTTP observation applies to fetched URL only; fragment variants retained; deployment SHA UNKNOWN
https://spinkorea.kr/blog#page-directory,https://spinkorea.kr/blog,link:https://spinkorea.kr/blog,page,UNKNOWN,UNKNOWN,UNKNOWN,UNKNOWN,UNKNOWN,UNKNOWN,UNKNOWN,UNKNOWN,UNKNOWN,UNKNOWN,ROBOTS_RULE_ALLOW,False,True,1,UNKNOWN,UNKNOWN,UNKNOWN,REVIEW,UNKNOWN,Candidate only: source/future/stale-build/link evidence is not proof of public availability
https://spinkorea.kr/blog#page-guide,https://spinkorea.kr/blog,link:https://spinkorea.kr/blog,page,UNKNOWN,UNKNOWN,UNKNOWN,UNKNOWN,UNKNOWN,UNKNOWN,UNKNOWN,UNKNOWN,UNKNOWN,UNKNOWN,ROBOTS_RULE_ALLOW,False,True,1,UNKNOWN,UNKNOWN,UNKNOWN,REVIEW,UNKNOWN,Candidate only: source/future/stale-build/link evidence is not proof of public availability
https://spinkorea.kr/blog#page-summary,https://spinkorea.kr/blog,link:https://spinkorea.kr/blog,page,UNKNOWN,UNKNOWN,UNKNOWN,UNKNOWN,UNKNOWN,UNKNOWN,UNKNOWN,UNKNOWN,UNKNOWN,UNKNOWN,ROBOTS_RULE_ALLOW,False,True,1,UNKNOWN,UNKNOWN,UNKNOWN,REVIEW,UNKNOWN,Candidate only: source/future/stale-build/link evidence is not proof of public availability
https://spinkorea.kr/blog#reference-links,https://spinkorea.kr/blog,link:https://spinkorea.kr/blog,page,UNKNOWN,UNKNOWN,UNKNOWN,UNKNOWN,UNKNOWN,UNKNOWN,UNKNOWN,UNKNOWN,UNKNOWN,UNKNOWN,ROBOTS_RULE_ALLOW,False,True,1,UNKNOWN,UNKNOWN,UNKNOWN,REVIEW,UNKNOWN,Candidate only: source/future/stale-build/link evidence is not proof of public availability
https://spinkorea.kr/blog#related-tools,https://spinkorea.kr/blog,link:https://spinkorea.kr/blog,page,UNKNOWN,UNKNOWN,UNKNOWN,UNKNOWN,UNKNOWN,UNKNOWN,UNKNOWN,UNKNOWN,UNKNOWN,UNKNOWN,ROBOTS_RULE_ALLOW,False,True,1,UNKNOWN,UNKNOWN,UNKNOWN,REVIEW,UNKNOWN,Candidate only: source/future/stale-build/link evidence is not proof of public availability
https://spinkorea.kr/blog/ads-auto-placement-ux,https://spinkorea.kr/blog/ads-auto-placement-ux,post-metadata.generated.json;post-metadata.runtime.generated.json;content-plan.generated.json;existing-dist-unverified-build,blog,"자동광고 UX 점검, 사이트맵 전에 볼 점",src/data/content-plan.generated.json,scheduled;date=2026-09-04T15:00:00+09:00,EXISTING_ARTIFACT_NOT_FRESH,UNKNOWN,UNKNOWN,UNKNOWN,UNKNOWN,UNKNOWN,UNKNOWN,ROBOTS_RULE_ALLOW,False,False,0,UNKNOWN,UNKNOWN,UNKNOWN,REVIEW,UNKNOWN,Candidate only: source/future/stale-build/link evidence is not proof of public availability
https://spinkorea.kr/blog/ads-layout-safe,https://spinkorea.kr/blog/ads-layout-safe,post-metadata.generated.json;post-metadata.runtime.generated.json;content-plan.generated.json;existing-dist-unverified-build,blog,"자동광고 UX 기준 선택법, 품질 점검과 검색 의도",src/data/content-plan.generated.json,scheduled;date=2026-06-15T04:00:00+09:00,EXISTING_ARTIFACT_NOT_FRESH,UNKNOWN,UNKNOWN,UNKNOWN,UNKNOWN,UNKNOWN,UNKNOWN,ROBOTS_RULE_ALLOW,False,False,0,UNKNOWN,UNKNOWN,UNKNOWN,REVIEW,UNKNOWN,Candidate only: source/future/stale-build/link evidence is not proof of public availability
https://spinkorea.kr/blog/ads-script-duplicate,https://spinkorea.kr/blog/ads-script-duplicate,post-metadata.generated.json;post-metadata.runtime.generated.json;content-plan.generated.json;existing-dist-unverified-build,blog,"광고 스크립트 중복 선택법, 배포 전 점검과 검증 절차",src/data/content-plan.generated.json,scheduled;date=2026-07-10T04:00:00+09:00,EXISTING_ARTIFACT_NOT_FRESH,UNKNOWN,UNKNOWN,UNKNOWN,UNKNOWN,UNKNOWN,UNKNOWN,ROBOTS_RULE_ALLOW,False,False,0,UNKNOWN,UNKNOWN,UNKNOWN,REVIEW,UNKNOWN,Candidate only: source/future/stale-build/link evidence is not proof of public availability
https://spinkorea.kr/blog/adsense-auto-ad-spacing,https://spinkorea.kr/blog/adsense-auto-ad-spacing,post-metadata.generated.json;post-metadata.runtime.generated.json;content-plan.generated.json;existing-dist-unverified-build,blog,"자동광고 간격 개선 포인트, 검색 의도",src/data/content-plan.generated.json,scheduled;date=2026-07-26T15:00:00+09:00,EXISTING_ARTIFACT_NOT_FRESH,UNKNOWN,UNKNOWN,UNKNOWN,UNKNOWN,UNKNOWN,UNKNOWN,ROBOTS_RULE_ALLOW,False,False,0,UNKNOWN,UNKNOWN,UNKNOWN,REVIEW,UNKNOWN,Candidate only: source/future/stale-build/link evidence is not proof of public availability
https://spinkorea.kr/blog/adsense-content-depth,https://spinkorea.kr/blog/adsense-content-depth,post-metadata.generated.json;post-metadata.runtime.generated.json;content-plan.generated.json;existing-dist-unverified-build,blog,"애드센스 본문 깊이 빠른 정리, 메타 설명까지",src/data/content-plan.generated.json,scheduled;date=2026-09-02T13:00:00+09:00,EXISTING_ARTIFACT_NOT_FRESH,UNKNOWN,UNKNOWN,UNKNOWN,UNKNOWN,UNKNOWN,UNKNOWN,ROBOTS_RULE_ALLOW,False,False,0,UNKNOWN,UNKNOWN,UNKNOWN,REVIEW,UNKNOWN,Candidate only: source/future/stale-build/link evidence is not proof of public availability
https://spinkorea.kr/blog/adsense-homepage-flow,https://spinkorea.kr/blog/adsense-homepage-flow,post-metadata.generated.json;post-metadata.runtime.generated.json;content-plan.generated.json;existing-dist-unverified-build,blog,"애드센스 홈 동선 사례별 정리, 검색 의도 중심",src/data/content-plan.generated.json,scheduled;date=2026-09-07T08:00:00+09:00,EXISTING_ARTIFACT_NOT_FRESH,UNKNOWN,UNKNOWN,UNKNOWN,UNKNOWN,UNKNOWN,UNKNOWN,ROBOTS_RULE_ALLOW,False,False,0,UNKNOWN,UNKNOWN,UNKNOWN,REVIEW,UNKNOWN,Candidate only: source/future/stale-build/link evidence is not proof of public availability
https://spinkorea.kr/blog/adsense-policy-footer,https://spinkorea.kr/blog/adsense-policy-footer,post-metadata.generated.json;post-metadata.runtime.generated.json;content-plan.generated.json;existing-dist-unverified-build,blog,"정책 링크 footer 개선 포인트, 검색 의도",src/data/content-plan.generated.json,scheduled;date=2026-09-06T07:00:00+09:00,EXISTING_ARTIFACT_NOT_FRESH,UNKNOWN,UNKNOWN,UNKNOWN,UNKNOWN,UNKNOWN,UNKNOWN,ROBOTS_RULE_ALLOW,False,False,0,UNKNOWN,UNKNOWN,UNKNOWN,REVIEW,UNKNOWN,Candidate only: source/future/stale-build/link evidence is not proof of public availability
https://spinkorea.kr/blog/adsense-policy-page,https://spinkorea.kr/blog/adsense-policy-page,post-metadata.generated.json;post-metadata.runtime.generated.json;content-plan.generated.json;existing-dist-unverified-build,blog,"애드센스 정책 페이지, 검색 의도 먼저 보기",src/data/content-plan.generated.json,scheduled;date=2026-07-23T22:00:00+09:00,EXISTING_ARTIFACT_NOT_FRESH,UNKNOWN,UNKNOWN,UNKNOWN,UNKNOWN,UNKNOWN,UNKNOWN,ROBOTS_RULE_ALLOW,False,False,0,UNKNOWN,UNKNOWN,UNKNOWN,REVIEW,UNKNOWN,Candidate only: source/future/stale-build/link evidence is not proof of public availability
https://spinkorea.kr/blog/adsense-review-checklist,https://spinkorea.kr/blog/adsense-review-checklist,post-metadata.generated.json;post-metadata.runtime.generated.json;content-plan.generated.json;existing-dist-unverified-build,blog,"애드센스 검수 체크리스트 발행 전 검토, 사이트맵",src/data/content-plan.generated.json,scheduled;date=2026-07-27T21:00:00+09:00,EXISTING_ARTIFACT_NOT_FRESH,UNKNOWN,UNKNOWN,UNKNOWN,UNKNOWN,UNKNOWN,UNKNOWN,ROBOTS_RULE_ALLOW,False,False,0,UNKNOWN,UNKNOWN,UNKNOWN,REVIEW,UNKNOWN,Candidate only: source/future/stale-build/link evidence is not proof of public availability
https://spinkorea.kr/blog/adsense-review-home,https://spinkorea.kr/blog/adsense-review-home,post-metadata.generated.json;post-metadata.runtime.generated.json;content-plan.generated.json;existing-dist-unverified-build,blog,"애드센스 검수 홈페이지, 검색 의도 먼저 보기",src/data/content-plan.generated.json,scheduled;date=2026-06-12T06:00:00+09:00,EXISTING_ARTIFACT_NOT_FRESH,UNKNOWN,UNKNOWN,UNKNOWN,UNKNOWN,UNKNOWN,UNKNOWN,ROBOTS_RULE_ALLOW,False,False,0,UNKNOWN,UNKNOWN,UNKNOWN,REVIEW,UNKNOWN,Candidate only: source/future/stale-build/link evidence is not proof of public availability
https://spinkorea.kr/blog/adsense-script-check,https://spinkorea.kr/blog/adsense-script-check,post-metadata.generated.json;post-metadata.runtime.generated.json;content-plan.generated.json;existing-dist-unverified-build,blog,"애드센스 스크립트 점검 비교법, 보안 확인과 디버깅",src/data/content-plan.generated.json,scheduled;date=2026-05-31T09:00:00+09:00,EXISTING_ARTIFACT_NOT_FRESH,UNKNOWN,UNKNOWN,UNKNOWN,UNKNOWN,UNKNOWN,UNKNOWN,ROBOTS_RULE_ALLOW,False,False,0,UNKNOWN,UNKNOWN,UNKNOWN,REVIEW,UNKNOWN,Candidate only: source/future/stale-build/link evidence is not proof of public availability
https://spinkorea.kr/blog/adsense-script-load,https://spinkorea.kr/blog/adsense-script-load,post-metadata.generated.json;post-metadata.runtime.generated.json;content-plan.generated.json;existing-dist-unverified-build,blog,"AdSense 스크립트 로딩 운영 체크, 보안 확인 반영",src/data/content-plan.generated.json,scheduled;date=2026-08-17T07:00:00+09:00,EXISTING_ARTIFACT_NOT_FRESH,UNKNOWN,UNKNOWN,UNKNOWN,UNKNOWN,UNKNOWN,UNKNOWN,ROBOTS_RULE_ALLOW,False,False,0,UNKNOWN,UNKNOWN,UNKNOWN,REVIEW,UNKNOWN,Candidate only: source/future/stale-build/link evidence is not proof of public availability
https://spinkorea.kr/blog/after-meeting-recover,https://spinkorea.kr/blog/after-meeting-recover,post-metadata.generated.json;post-metadata.runtime.generated.json;content-plan.generated.json;existing-dist-unverified-build,blog,"회의 후 회복 초보 흐름, 생활 적용 중심",src/data/content-plan.generated.json,scheduled;date=2026-08-28T18:00:00+09:00,EXISTING_ARTIFACT_NOT_FRESH,UNKNOWN,UNKNOWN,UNKNOWN,UNKNOWN,UNKNOWN,UNKNOWN,ROBOTS_RULE_ALLOW,False,False,0,UNKNOWN,UNKNOWN,UNKNOWN,REVIEW,UNKNOWN,Candidate only: source/future/stale-build/link evidence is not proof of public availability
https://spinkorea.kr/blog/age-calculation-trivia,https://spinkorea.kr/blog/age-calculation-trivia,post-metadata.generated.json;post-metadata.runtime.generated.json;existing-dist-unverified-build;LIVE_SITEMAP;LIVE_RSS;link:https://spinkorea.kr/blog;LIVE_HTTP,blog,나이 계산기로 알아보는 흥미로운 시간의 사실들,src/data/post-metadata.runtime.generated.json,curated;date=2026-04-30,EXISTING_ARTIFACT_NOT_FRESH,200,https://spinkorea.kr/blog/age-calculation-trivia,[],https://spinkorea.kr/blog/age-calculation-trivia,ABSENT,ABSENT,ROBOTS_RULE_ALLOW,True,True,1,UNKNOWN,SCRIPT_PRESENT;DISPLAY_UNKNOWN,2026-09-19T23:03:04.013089+09:00,REVIEW,http-evidence.json,HTTP observation applies to fetched URL only; fragment variants retained; deployment SHA UNKNOWN
https://spinkorea.kr/blog/age-calculation-trivia#post-content,https://spinkorea.kr/blog/age-calculation-trivia,link:https://spinkorea.kr/blog/age-calculation-trivia,blog,UNKNOWN,UNKNOWN,UNKNOWN,UNKNOWN,UNKNOWN,UNKNOWN,UNKNOWN,UNKNOWN,UNKNOWN,UNKNOWN,ROBOTS_RULE_ALLOW,False,UNKNOWN,UNKNOWN,UNKNOWN,UNKNOWN,UNKNOWN,REVIEW,UNKNOWN,Candidate only: source/future/stale-build/link evidence is not proof of public availability
https://spinkorea.kr/blog/age-calculation-trivia#post-related,https://spinkorea.kr/blog/age-calculation-trivia,link:https://spinkorea.kr/blog/age-calculation-trivia,blog,UNKNOWN,UNKNOWN,UNKNOWN,UNKNOWN,UNKNOWN,UNKNOWN,UNKNOWN,UNKNOWN,UNKNOWN,UNKNOWN,ROBOTS_RULE_ALLOW,False,UNKNOWN,UNKNOWN,UNKNOWN,UNKNOWN,UNKNOWN,REVIEW,UNKNOWN,Candidate only: source/future/stale-build/link evidence is not proof of public availability
https://spinkorea.kr/blog/age-calculation-trivia#post-summary,https://spinkorea.kr/blog/age-calculation-trivia,link:https://spinkorea.kr/blog/age-calculation-trivia,blog,UNKNOWN,UNKNOWN,UNKNOWN,UNKNOWN,UNKNOWN,UNKNOWN,UNKNOWN,UNKNOWN,UNKNOWN,UNKNOWN,ROBOTS_RULE_ALLOW,False,UNKNOWN,UNKNOWN,UNKNOWN,UNKNOWN,UNKNOWN,REVIEW,UNKNOWN,Candidate only: source/future/stale-build/link evidence is not proof of public availability
https://spinkorea.kr/blog/age-calculator-guide,https://spinkorea.kr/blog/age-calculator-guide,post-metadata.generated.json;post-metadata.runtime.generated.json;existing-dist-unverified-build;LIVE_SITEMAP;LIVE_RSS;link:https://spinkorea.kr/blog;LIVE_HTTP,blog,만 나이 계산기 완벽 가이드: 만 나이·세는 나이·연 나이 한 번에 정리,src/data/post-metadata.runtime.generated.json,curated;date=2026-01-20,EXISTING_ARTIFACT_NOT_FRESH,200,https://spinkorea.kr/blog/age-calculator-guide,[],https://spinkorea.kr/blog/age-calculator-guide,ABSENT,ABSENT,ROBOTS_RULE_ALLOW,True,True,1,UNKNOWN,SCRIPT_PRESENT;DISPLAY_UNKNOWN,2026-09-19T23:03:04.756603+09:00,REVIEW,http-evidence.json,HTTP observation applies to fetched URL only; fragment variants retained; deployment SHA UNKNOWN
https://spinkorea.kr/blog/age-calculator-guide#post-content,https://spinkorea.kr/blog/age-calculator-guide,link:https://spinkorea.kr/blog/age-calculator-guide,blog,UNKNOWN,UNKNOWN,UNKNOWN,UNKNOWN,UNKNOWN,UNKNOWN,UNKNOWN,UNKNOWN,UNKNOWN,UNKNOWN,ROBOTS_RULE_ALLOW,False,UNKNOWN,UNKNOWN,UNKNOWN,UNKNOWN,UNKNOWN,REVIEW,UNKNOWN,Candidate only: source/future/stale-build/link evidence is not proof of public availability
https://spinkorea.kr/blog/age-calculator-guide#post-related,https://spinkorea.kr/blog/age-calculator-guide,link:https://spinkorea.kr/blog/age-calculator-guide,blog,UNKNOWN,UNKNOWN,UNKNOWN,UNKNOWN,UNKNOWN,UNKNOWN,UNKNOWN,UNKNOWN,UNKNOWN,UNKNOWN,ROBOTS_RULE_ALLOW,False,UNKNOWN,UNKNOWN,UNKNOWN,UNKNOWN,UNKNOWN,REVIEW,UNKNOWN,Candidate only: source/future/stale-build/link evidence is not proof of public availability
https://spinkorea.kr/blog/age-calculator-guide#post-summary,https://spinkorea.kr/blog/age-calculator-guide,link:https://spinkorea.kr/blog/age-calculator-guide,blog,UNKNOWN,UNKNOWN,UNKNOWN,UNKNOWN,UNKNOWN,UNKNOWN,UNKNOWN,UNKNOWN,UNKNOWN,UNKNOWN,ROBOTS_RULE_ALLOW,False,UNKNOWN,UNKNOWN,UNKNOWN,UNKNOWN,UNKNOWN,REVIEW,UNKNOWN,Candidate only: source/future/stale-build/link evidence is not proof of public availability
https://spinkorea.kr/blog/age-standard-check,https://spinkorea.kr/blog/age-standard-check,post-metadata.generated.json;post-metadata.runtime.generated.json;content-plan.generated.json;existing-dist-unverified-build,blog,"나이 기준 확인 운영법, 생활 적용 남기기",src/data/content-plan.generated.json,scheduled;date=2026-05-15T08:00:00+09:00,EXISTING_ARTIFACT_NOT_FRESH,UNKNOWN,UNKNOWN,UNKNOWN,UNKNOWN,UNKNOWN,UNKNOWN,ROBOTS_RULE_ALLOW,False,False,0,UNKNOWN,UNKNOWN,UNKNOWN,REVIEW,UNKNOWN,Candidate only: source/future/stale-build/link evidence is not proof of public availability
https://spinkorea.kr/blog/ai-era-skills,https://spinkorea.kr/blog/ai-era-skills,post-metadata.generated.json;post-metadata.runtime.generated.json;existing-dist-unverified-build;LIVE_SITEMAP;LIVE_RSS;link:https://spinkorea.kr/blog;LIVE_HTTP,blog,AI 시대에 살아남는 스킬: 대체되지 않는 능력 5가지,src/data/post-metadata.runtime.generated.json,curated;date=2026-05-21,EXISTING_ARTIFACT_NOT_FRESH,200,https://spinkorea.kr/blog/ai-era-skills,[],https://spinkorea.kr/blog/ai-era-skills,ABSENT,ABSENT,ROBOTS_RULE_ALLOW,True,True,1,UNKNOWN,SCRIPT_PRESENT;DISPLAY_UNKNOWN,2026-09-19T22:57:21.164992+09:00,REVIEW,http-evidence.json,HTTP observation applies to fetched URL only; fragment variants retained; deployment SHA UNKNOWN
https://spinkorea.kr/blog/ai-era-skills#post-content,https://spinkorea.kr/blog/ai-era-skills,link:https://spinkorea.kr/blog/ai-era-skills,blog,UNKNOWN,UNKNOWN,UNKNOWN,UNKNOWN,UNKNOWN,UNKNOWN,UNKNOWN,UNKNOWN,UNKNOWN,UNKNOWN,ROBOTS_RULE_ALLOW,False,False,1,UNKNOWN,UNKNOWN,UNKNOWN,REVIEW,UNKNOWN,Candidate only: source/future/stale-build/link evidence is not proof of public availability
https://spinkorea.kr/blog/ai-era-skills#post-related,https://spinkorea.kr/blog/ai-era-skills,link:https://spinkorea.kr/blog/ai-era-skills,blog,UNKNOWN,UNKNOWN,UNKNOWN,UNKNOWN,UNKNOWN,UNKNOWN,UNKNOWN,UNKNOWN,UNKNOWN,UNKNOWN,ROBOTS_RULE_ALLOW,False,False,1,UNKNOWN,UNKNOWN,UNKNOWN,REVIEW,UNKNOWN,Candidate only: source/future/stale-build/link evidence is not proof of public availability
https://spinkorea.kr/blog/ai-era-skills#post-summary,https://spinkorea.kr/blog/ai-era-skills,link:https://spinkorea.kr/blog/ai-era-skills,blog,UNKNOWN,UNKNOWN,UNKNOWN,UNKNOWN,UNKNOWN,UNKNOWN,UNKNOWN,UNKNOWN,UNKNOWN,UNKNOWN,ROBOTS_RULE_ALLOW,False,False,1,UNKNOWN,UNKNOWN,UNKNOWN,REVIEW,UNKNOWN,Candidate only: source/future/stale-build/link evidence is not proof of public availability
https://spinkorea.kr/blog/ai-index-file,https://spinkorea.kr/blog/ai-index-file,post-metadata.generated.json;post-metadata.runtime.generated.json;content-plan.generated.json;existing-dist-unverified-build,blog,"AI 검색 인덱스 운영 체크, 메타 설명 반영",src/data/content-plan.generated.json,scheduled;date=2026-06-15T19:00:00+09:00,EXISTING_ARTIFACT_NOT_FRESH,UNKNOWN,UNKNOWN,UNKNOWN,UNKNOWN,UNKNOWN,UNKNOWN,ROBOTS_RULE_ALLOW,False,False,0,UNKNOWN,UNKNOWN,UNKNOWN,REVIEW,UNKNOWN,Candidate only: source/future/stale-build/link evidence is not proof of public availability
https://spinkorea.kr/blog/ai-index-json-check,https://spinkorea.kr/blog/ai-index-json-check,post-metadata.generated.json;post-metadata.runtime.generated.json;content-plan.generated.json;existing-dist-unverified-build,blog,"AI 인덱스 JSON 초보 흐름, 메타 설명 중심",src/data/content-plan.generated.json,scheduled;date=2026-07-26T10:00:00+09:00,EXISTING_ARTIFACT_NOT_FRESH,UNKNOWN,UNKNOWN,UNKNOWN,UNKNOWN,UNKNOWN,UNKNOWN,ROBOTS_RULE_ALLOW,False,False,0,UNKNOWN,UNKNOWN,UNKNOWN,REVIEW,UNKNOWN,Candidate only: source/future/stale-build/link evidence is not proof of public availability
https://spinkorea.kr/blog/annual-fee-calendar,https://spinkorea.kr/blog/annual-fee-calendar,post-metadata.generated.json;post-metadata.runtime.generated.json;content-plan.generated.json;existing-dist-unverified-build,blog,"연간 납부 캘린더 적용 순서, 생활 적용 확인",src/data/content-plan.generated.json,scheduled;date=2026-08-03T13:00:00+09:00,EXISTING_ARTIFACT_NOT_FRESH,UNKNOWN,UNKNOWN,UNKNOWN,UNKNOWN,UNKNOWN,UNKNOWN,ROBOTS_RULE_ALLOW,False,False,0,UNKNOWN,UNKNOWN,UNKNOWN,REVIEW,UNKNOWN,Candidate only: source/future/stale-build/link evidence is not proof of public availability
https://spinkorea.kr/blog/anonymous-feedback-draw,https://spinkorea.kr/blog/anonymous-feedback-draw,post-metadata.generated.json;post-metadata.runtime.generated.json;content-plan.generated.json;existing-dist-unverified-build,blog,익명 피드백 추첨 체크리스트: 참가자 목록 핵심,src/data/content-plan.generated.json,scheduled;date=2026-06-16T15:00:00+09:00,EXISTING_ARTIFACT_NOT_FRESH,UNKNOWN,UNKNOWN,UNKNOWN,UNKNOWN,UNKNOWN,UNKNOWN,ROBOTS_RULE_ALLOW,False,False,0,UNKNOWN,UNKNOWN,UNKNOWN,REVIEW,UNKNOWN,Candidate only: source/future/stale-build/link evidence is not proof of public availability
https://spinkorea.kr/blog/api-error-format,https://spinkorea.kr/blog/api-error-format,post-metadata.generated.json;post-metadata.runtime.generated.json;content-plan.generated.json;existing-dist-unverified-build,blog,"API 오류 형식 빠른 정리, 보안 확인까지",src/data/content-plan.generated.json,scheduled;date=2026-07-06T05:00:00+09:00,EXISTING_ARTIFACT_NOT_FRESH,UNKNOWN,UNKNOWN,UNKNOWN,UNKNOWN,UNKNOWN,UNKNOWN,ROBOTS_RULE_ALLOW,False,False,0,UNKNOWN,UNKNOWN,UNKNOWN,REVIEW,UNKNOWN,Candidate only: source/future/stale-build/link evidence is not proof of public availability
https://spinkorea.kr/blog/api-field-case-json,https://spinkorea.kr/blog/api-field-case-json,post-metadata.generated.json;post-metadata.runtime.generated.json;content-plan.generated.json,blog,API 필드명을 camelCase로 바꾼 뒤 JSON까지 검수하기,src/data/content-plan.generated.json,scheduled;date=2026-09-30T08:00:00+09:00,UNKNOWN,UNKNOWN,UNKNOWN,UNKNOWN,UNKNOWN,UNKNOWN,UNKNOWN,ROBOTS_RULE_ALLOW,False,False,0,UNKNOWN,UNKNOWN,UNKNOWN,REVIEW,UNKNOWN,Candidate only: source/future/stale-build/link evidence is not proof of public availability
https://spinkorea.kr/blog/api-request-check,https://spinkorea.kr/blog/api-request-check,post-metadata.generated.json;post-metadata.runtime.generated.json;content-plan.generated.json;existing-dist-unverified-build,blog,"API 요청 검증, 디버깅 먼저 보기",src/data/content-plan.generated.json,scheduled;date=2026-05-26T14:00:00+09:00,EXISTING_ARTIFACT_NOT_FRESH,UNKNOWN,UNKNOWN,UNKNOWN,UNKNOWN,UNKNOWN,UNKNOWN,ROBOTS_RULE_ALLOW,False,False,0,UNKNOWN,UNKNOWN,UNKNOWN,REVIEW,UNKNOWN,Candidate only: source/future/stale-build/link evidence is not proof of public availability
https://spinkorea.kr/blog/appliance-power-note,https://spinkorea.kr/blog/appliance-power-note,post-metadata.generated.json;post-metadata.runtime.generated.json;content-plan.generated.json;existing-dist-unverified-build,blog,"가전 전력 메모 빠른 정리, 실수 방지까지",src/data/content-plan.generated.json,scheduled;date=2026-08-04T09:00:00+09:00,EXISTING_ARTIFACT_NOT_FRESH,UNKNOWN,UNKNOWN,UNKNOWN,UNKNOWN,UNKNOWN,UNKNOWN,ROBOTS_RULE_ALLOW,False,False,0,UNKNOWN,UNKNOWN,UNKNOWN,REVIEW,UNKNOWN,Candidate only: source/future/stale-build/link evidence is not proof of public availability
https://spinkorea.kr/blog/approval-delay-log,https://spinkorea.kr/blog/approval-delay-log,post-metadata.generated.json;post-metadata.runtime.generated.json;content-plan.generated.json;existing-dist-unverified-build,blog,승인 지연 기록 FAQ: 우선순위 답변,src/data/content-plan.generated.json,scheduled;date=2026-07-16T10:00:00+09:00,EXISTING_ARTIFACT_NOT_FRESH,UNKNOWN,UNKNOWN,UNKNOWN,UNKNOWN,UNKNOWN,UNKNOWN,ROBOTS_RULE_ALLOW,False,False,0,UNKNOWN,UNKNOWN,UNKNOWN,REVIEW,UNKNOWN,Candidate only: source/future/stale-build/link evidence is not proof of public availability
https://spinkorea.kr/blog/approval-flow-check,https://spinkorea.kr/blog/approval-flow-check,post-metadata.generated.json;post-metadata.runtime.generated.json;content-plan.generated.json;existing-dist-unverified-build,blog,"승인 흐름 정리 초보 흐름, 집중 시간 중심",src/data/content-plan.generated.json,scheduled;date=2026-06-06T10:00:00+09:00,EXISTING_ARTIFACT_NOT_FRESH,UNKNOWN,UNKNOWN,UNKNOWN,UNKNOWN,UNKNOWN,UNKNOWN,ROBOTS_RULE_ALLOW,False,False,0,UNKNOWN,UNKNOWN,UNKNOWN,REVIEW,UNKNOWN,Candidate only: source/future/stale-build/link evidence is not proof of public availability
https://spinkorea.kr/blog/article-freshness-signal,https://spinkorea.kr/blog/article-freshness-signal,post-metadata.generated.json;post-metadata.runtime.generated.json;content-plan.generated.json;existing-dist-unverified-build,blog,"글 최신성 신호 상황별 표, 품질 점검",src/data/content-plan.generated.json,scheduled;date=2026-07-25T14:00:00+09:00,EXISTING_ARTIFACT_NOT_FRESH,UNKNOWN,UNKNOWN,UNKNOWN,UNKNOWN,UNKNOWN,UNKNOWN,ROBOTS_RULE_ALLOW,False,False,0,UNKNOWN,UNKNOWN,UNKNOWN,REVIEW,UNKNOWN,Candidate only: source/future/stale-build/link evidence is not proof of public availability
https://spinkorea.kr/blog/article-handoff-sheet,https://spinkorea.kr/blog/article-handoff-sheet,post-metadata.generated.json;post-metadata.runtime.generated.json;content-plan.generated.json;existing-dist-unverified-build,blog,"글 인수인계표 실전 흐름, 반복 업무부터",src/data/content-plan.generated.json,scheduled;date=2026-08-23T23:00:00+09:00,EXISTING_ARTIFACT_NOT_FRESH,UNKNOWN,UNKNOWN,UNKNOWN,UNKNOWN,UNKNOWN,UNKNOWN,ROBOTS_RULE_ALLOW,False,False,0,UNKNOWN,UNKNOWN,UNKNOWN,REVIEW,UNKNOWN,Candidate only: source/future/stale-build/link evidence is not proof of public availability
https://spinkorea.kr/blog/article-jsonld-date,https://spinkorea.kr/blog/article-jsonld-date,post-metadata.generated.json;post-metadata.runtime.generated.json;content-plan.generated.json;existing-dist-unverified-build,blog,"Article JSON-LD 날짜 비교법, 메타 설명과 내부 링크",src/data/content-plan.generated.json,scheduled;date=2026-09-04T05:00:00+09:00,EXISTING_ARTIFACT_NOT_FRESH,UNKNOWN,UNKNOWN,UNKNOWN,UNKNOWN,UNKNOWN,UNKNOWN,ROBOTS_RULE_ALLOW,False,False,0,UNKNOWN,UNKNOWN,UNKNOWN,REVIEW,UNKNOWN,Candidate only: source/future/stale-build/link evidence is not proof of public availability
https://spinkorea.kr/blog/article-summary-card,https://spinkorea.kr/blog/article-summary-card,post-metadata.generated.json;post-metadata.runtime.generated.json;content-plan.generated.json;existing-dist-unverified-build,blog,"글 요약 카드 초보 흐름, 표현 정리 중심",src/data/content-plan.generated.json,scheduled;date=2026-07-01T10:00:00+09:00,EXISTING_ARTIFACT_NOT_FRESH,UNKNOWN,UNKNOWN,UNKNOWN,UNKNOWN,UNKNOWN,UNKNOWN,ROBOTS_RULE_ALLOW,False,False,0,UNKNOWN,UNKNOWN,UNKNOWN,REVIEW,UNKNOWN,Candidate only: source/future/stale-build/link evidence is not proof of public availability
https://spinkorea.kr/blog/async-update-rule,https://spinkorea.kr/blog/async-update-rule,post-metadata.generated.json;post-metadata.runtime.generated.json;content-plan.generated.json;existing-dist-unverified-build,blog,"비동기 업데이트 기준 개선 포인트, 우선순위",src/data/content-plan.generated.json,scheduled;date=2026-07-14T03:00:00+09:00,EXISTING_ARTIFACT_NOT_FRESH,UNKNOWN,UNKNOWN,UNKNOWN,UNKNOWN,UNKNOWN,UNKNOWN,ROBOTS_RULE_ALLOW,False,False,0,UNKNOWN,UNKNOWN,UNKNOWN,REVIEW,UNKNOWN,Candidate only: source/future/stale-build/link evidence is not proof of public availability
https://spinkorea.kr/blog/author-bio-copy,https://spinkorea.kr/blog/author-bio-copy,post-metadata.generated.json;post-metadata.runtime.generated.json;content-plan.generated.json;existing-dist-unverified-build,blog,"작성자 소개 문구 판단법, 검토 순서 중심",src/data/content-plan.generated.json,scheduled;date=2026-07-04T13:00:00+09:00,EXISTING_ARTIFACT_NOT_FRESH,UNKNOWN,UNKNOWN,UNKNOWN,UNKNOWN,UNKNOWN,UNKNOWN,ROBOTS_RULE_ALLOW,False,False,0,UNKNOWN,UNKNOWN,UNKNOWN,REVIEW,UNKNOWN,Candidate only: source/future/stale-build/link evidence is not proof of public availability
https://spinkorea.kr/blog/author-note-trust,https://spinkorea.kr/blog/author-note-trust,post-metadata.generated.json;post-metadata.runtime.generated.json;content-plan.generated.json;existing-dist-unverified-build,blog,"작성자 신뢰 문장 발행 전 검토, 순서",src/data/content-plan.generated.json,scheduled;date=2026-08-13T13:00:00+09:00,EXISTING_ARTIFACT_NOT_FRESH,UNKNOWN,UNKNOWN,UNKNOWN,UNKNOWN,UNKNOWN,UNKNOWN,ROBOTS_RULE_ALLOW,False,False,0,UNKNOWN,UNKNOWN,UNKNOWN,REVIEW,UNKNOWN,Candidate only: source/future/stale-build/link evidence is not proof of public availability
https://spinkorea.kr/blog/author-signal-page,https://spinkorea.kr/blog/author-signal-page,post-metadata.generated.json;post-metadata.runtime.generated.json;content-plan.generated.json;existing-dist-unverified-build,blog,"저자 신뢰 신호 실수 방지, 검색 의도 먼저",src/data/content-plan.generated.json,scheduled;date=2026-06-14T08:00:00+09:00,EXISTING_ARTIFACT_NOT_FRESH,UNKNOWN,UNKNOWN,UNKNOWN,UNKNOWN,UNKNOWN,UNKNOWN,ROBOTS_RULE_ALLOW,False,False,0,UNKNOWN,UNKNOWN,UNKNOWN,REVIEW,UNKNOWN,Candidate only: source/future/stale-build/link evidence is not proof of public availability
https://spinkorea.kr/blog/author-trust-block,https://spinkorea.kr/blog/author-trust-block,post-metadata.generated.json;post-metadata.runtime.generated.json;content-plan.generated.json;existing-dist-unverified-build,blog,"저자 신뢰 블록 선택법, 품질 점검과 검색 의도",src/data/content-plan.generated.json,scheduled;date=2026-07-26T20:00:00+09:00,EXISTING_ARTIFACT_NOT_FRESH,UNKNOWN,UNKNOWN,UNKNOWN,UNKNOWN,UNKNOWN,UNKNOWN,ROBOTS_RULE_ALLOW,False,False,0,UNKNOWN,UNKNOWN,UNKNOWN,REVIEW,UNKNOWN,Candidate only: source/future/stale-build/link evidence is not proof of public availability
https://spinkorea.kr/blog/automation-candidate-list,https://spinkorea.kr/blog/automation-candidate-list,post-metadata.generated.json;post-metadata.runtime.generated.json;content-plan.generated.json;existing-dist-unverified-build,blog,"자동화 후보 목록, 우선순위 먼저 보기",src/data/content-plan.generated.json,scheduled;date=2026-07-15T14:00:00+09:00,EXISTING_ARTIFACT_NOT_FRESH,UNKNOWN,UNKNOWN,UNKNOWN,UNKNOWN,UNKNOWN,UNKNOWN,ROBOTS_RULE_ALLOW,False,False,0,UNKNOWN,UNKNOWN,UNKNOWN,REVIEW,UNKNOWN,Candidate only: source/future/stale-build/link evidence is not proof of public availability
https://spinkorea.kr/blog/automation-runbook,https://spinkorea.kr/blog/automation-runbook,post-metadata.generated.json;post-metadata.runtime.generated.json;content-plan.generated.json;existing-dist-unverified-build,blog,"자동화 런북 발행 전 검토, 회의 운영",src/data/content-plan.generated.json,scheduled;date=2026-08-26T01:00:00+09:00,EXISTING_ARTIFACT_NOT_FRESH,UNKNOWN,UNKNOWN,UNKNOWN,UNKNOWN,UNKNOWN,UNKNOWN,ROBOTS_RULE_ALLOW,False,False,0,UNKNOWN,UNKNOWN,UNKNOWN,REVIEW,UNKNOWN,Candidate only: source/future/stale-build/link evidence is not proof of public availability
https://spinkorea.kr/blog/backlog-aging-review,https://spinkorea.kr/blog/backlog-aging-review,post-metadata.generated.json;post-metadata.runtime.generated.json;content-plan.generated.json;existing-dist-unverified-build,blog,"백로그 노후 점검 운영법, 결과 기록 남기기",src/data/content-plan.generated.json,scheduled;date=2026-08-27T12:00:00+09:00,EXISTING_ARTIFACT_NOT_FRESH,UNKNOWN,UNKNOWN,UNKNOWN,UNKNOWN,UNKNOWN,UNKNOWN,ROBOTS_RULE_ALLOW,False,False,0,UNKNOWN,UNKNOWN,UNKNOWN,REVIEW,UNKNOWN,Candidate only: source/future/stale-build/link evidence is not proof of public availability
https://spinkorea.kr/blog/backup-winner-policy,https://spinkorea.kr/blog/backup-winner-policy,post-metadata.generated.json;post-metadata.runtime.generated.json;content-plan.generated.json;existing-dist-unverified-build,blog,예비 당첨 정책 FAQ: 공정성 답변,src/data/content-plan.generated.json,scheduled;date=2026-07-28T22:00:00+09:00,EXISTING_ARTIFACT_NOT_FRESH,UNKNOWN,UNKNOWN,UNKNOWN,UNKNOWN,UNKNOWN,UNKNOWN,ROBOTS_RULE_ALLOW,False,False,0,UNKNOWN,UNKNOWN,UNKNOWN,REVIEW,UNKNOWN,Candidate only: source/future/stale-build/link evidence is not proof of public availability
https://spinkorea.kr/blog/base-converter-prefix,https://spinkorea.kr/blog/base-converter-prefix,post-metadata.generated.json;post-metadata.runtime.generated.json;content-plan.generated.json,blog,2진수·16진수 변환 뒤 접두사를 다시 붙이는 이유,src/data/content-plan.generated.json,scheduled;date=2026-09-27T08:00:00+09:00,UNKNOWN,UNKNOWN,UNKNOWN,UNKNOWN,UNKNOWN,UNKNOWN,UNKNOWN,ROBOTS_RULE_ALLOW,False,False,0,UNKNOWN,UNKNOWN,UNKNOWN,REVIEW,UNKNOWN,Candidate only: source/future/stale-build/link evidence is not proof of public availability
https://spinkorea.kr/blog/base64-data-url-mime-prefix,https://spinkorea.kr/blog/base64-data-url-mime-prefix,post-metadata.generated.json;post-metadata.runtime.generated.json;content-plan.generated.json,blog,Base64 Data URL이 안 보일 때 MIME 접두사 확인하기,src/data/content-plan.generated.json,scheduled;date=2026-10-18T08:00:00+09:00,UNKNOWN,UNKNOWN,UNKNOWN,UNKNOWN,UNKNOWN,UNKNOWN,UNKNOWN,ROBOTS_RULE_ALLOW,False,False,0,UNKNOWN,UNKNOWN,UNKNOWN,REVIEW,UNKNOWN,Candidate only: source/future/stale-build/link evidence is not proof of public availability
https://spinkorea.kr/blog/base64-guide,https://spinkorea.kr/blog/base64-guide,post-metadata.generated.json;post-metadata.runtime.generated.json;existing-dist-unverified-build;LIVE_SITEMAP;LIVE_RSS;link:https://spinkorea.kr/blog;LIVE_HTTP,blog,Base64 인코딩 완벽 가이드: 이미지 URL·API 인증에 쓰이는 이유,src/data/post-metadata.runtime.generated.json,curated;date=2026-03-15,EXISTING_ARTIFACT_NOT_FRESH,200,https://spinkorea.kr/blog/base64-guide,[],https://spinkorea.kr/blog/base64-guide,ABSENT,ABSENT,ROBOTS_RULE_ALLOW,True,True,1,UNKNOWN,SCRIPT_PRESENT;DISPLAY_UNKNOWN,2026-09-19T23:03:05.529757+09:00,REVIEW,http-evidence.json,HTTP observation applies to fetched URL only; fragment variants retained; deployment SHA UNKNOWN
https://spinkorea.kr/blog/base64-guide#post-content,https://spinkorea.kr/blog/base64-guide,link:https://spinkorea.kr/blog/base64-guide,blog,UNKNOWN,UNKNOWN,UNKNOWN,UNKNOWN,UNKNOWN,UNKNOWN,UNKNOWN,UNKNOWN,UNKNOWN,UNKNOWN,ROBOTS_RULE_ALLOW,False,UNKNOWN,UNKNOWN,UNKNOWN,UNKNOWN,UNKNOWN,REVIEW,UNKNOWN,Candidate only: source/future/stale-build/link evidence is not proof of public availability
https://spinkorea.kr/blog/base64-guide#post-related,https://spinkorea.kr/blog/base64-guide,link:https://spinkorea.kr/blog/base64-guide,blog,UNKNOWN,UNKNOWN,UNKNOWN,UNKNOWN,UNKNOWN,UNKNOWN,UNKNOWN,UNKNOWN,UNKNOWN,UNKNOWN,ROBOTS_RULE_ALLOW,False,UNKNOWN,UNKNOWN,UNKNOWN,UNKNOWN,UNKNOWN,REVIEW,UNKNOWN,Candidate only: source/future/stale-build/link evidence is not proof of public availability
https://spinkorea.kr/blog/base64-guide#post-summary,https://spinkorea.kr/blog/base64-guide,link:https://spinkorea.kr/blog/base64-guide,blog,UNKNOWN,UNKNOWN,UNKNOWN,UNKNOWN,UNKNOWN,UNKNOWN,UNKNOWN,UNKNOWN,UNKNOWN,UNKNOWN,ROBOTS_RULE_ALLOW,False,UNKNOWN,UNKNOWN,UNKNOWN,UNKNOWN,UNKNOWN,REVIEW,UNKNOWN,Candidate only: source/future/stale-build/link evidence is not proof of public availability
https://spinkorea.kr/blog/base64-korean-utf8,https://spinkorea.kr/blog/base64-korean-utf8,post-metadata.generated.json;post-metadata.runtime.generated.json;content-plan.generated.json,blog,한글 Base64 인코딩 원리: btoa 오류 없이 UTF-8로 변환하기,src/data/content-plan.generated.json,scheduled;date=2026-10-06T08:00:00+09:00,UNKNOWN,UNKNOWN,UNKNOWN,UNKNOWN,UNKNOWN,UNKNOWN,UNKNOWN,ROBOTS_RULE_ALLOW,False,False,0,UNKNOWN,UNKNOWN,UNKNOWN,REVIEW,UNKNOWN,Candidate only: source/future/stale-build/link evidence is not proof of public availability
https://spinkorea.kr/blog/base64-safe-use,https://spinkorea.kr/blog/base64-safe-use,post-metadata.generated.json;post-metadata.runtime.generated.json;content-plan.generated.json;existing-dist-unverified-build,blog,"Base64 사용 기준 실전 흐름, 디버깅부터",src/data/content-plan.generated.json,scheduled;date=2026-05-28T11:00:00+09:00,EXISTING_ARTIFACT_NOT_FRESH,UNKNOWN,UNKNOWN,UNKNOWN,UNKNOWN,UNKNOWN,UNKNOWN,ROBOTS_RULE_ALLOW,False,False,0,UNKNOWN,UNKNOWN,UNKNOWN,REVIEW,UNKNOWN,Candidate only: source/future/stale-build/link evidence is not proof of public availability
https://spinkorea.kr/blog/batch-publish-board,https://spinkorea.kr/blog/batch-publish-board,post-metadata.generated.json;post-metadata.runtime.generated.json;content-plan.generated.json;existing-dist-unverified-build,blog,"예약 발행 보드 검토 순서, 반복 업무 활용",src/data/content-plan.generated.json,scheduled;date=2026-06-07T06:00:00+09:00,EXISTING_ARTIFACT_NOT_FRESH,UNKNOWN,UNKNOWN,UNKNOWN,UNKNOWN,UNKNOWN,UNKNOWN,ROBOTS_RULE_ALLOW,False,False,0,UNKNOWN,UNKNOWN,UNKNOWN,REVIEW,UNKNOWN,Candidate only: source/future/stale-build/link evidence is not proof of public availability
https://spinkorea.kr/blog/batch-task-window,https://spinkorea.kr/blog/batch-task-window,post-metadata.generated.json;post-metadata.runtime.generated.json;content-plan.generated.json;existing-dist-unverified-build,blog,"묶음 작업 시간대 실전 흐름, 반복 업무부터",src/data/content-plan.generated.json,scheduled;date=2026-07-13T07:00:00+09:00,EXISTING_ARTIFACT_NOT_FRESH,UNKNOWN,UNKNOWN,UNKNOWN,UNKNOWN,UNKNOWN,UNKNOWN,ROBOTS_RULE_ALLOW,False,False,0,UNKNOWN,UNKNOWN,UNKNOWN,REVIEW,UNKNOWN,Candidate only: source/future/stale-build/link evidence is not proof of public availability
https://spinkorea.kr/blog/batch-writing-board,https://spinkorea.kr/blog/batch-writing-board,post-metadata.generated.json;post-metadata.runtime.generated.json;content-plan.generated.json;existing-dist-unverified-build,blog,"일괄 글쓰기 보드, 우선순위 먼저 보기",src/data/content-plan.generated.json,scheduled;date=2026-08-22T02:00:00+09:00,EXISTING_ARTIFACT_NOT_FRESH,UNKNOWN,UNKNOWN,UNKNOWN,UNKNOWN,UNKNOWN,UNKNOWN,ROBOTS_RULE_ALLOW,False,False,0,UNKNOWN,UNKNOWN,UNKNOWN,REVIEW,UNKNOWN,Candidate only: source/future/stale-build/link evidence is not proof of public availability
https://spinkorea.kr/blog/before-after-copy,https://spinkorea.kr/blog/before-after-copy,post-metadata.generated.json;post-metadata.runtime.generated.json;content-plan.generated.json;existing-dist-unverified-build,blog,"전후 비교 문장 개선 포인트, 문서 기준",src/data/content-plan.generated.json,scheduled;date=2026-05-25T03:00:00+09:00,EXISTING_ARTIFACT_NOT_FRESH,UNKNOWN,UNKNOWN,UNKNOWN,UNKNOWN,UNKNOWN,UNKNOWN,ROBOTS_RULE_ALLOW,False,False,0,UNKNOWN,UNKNOWN,UNKNOWN,REVIEW,UNKNOWN,Candidate only: source/future/stale-build/link evidence is not proof of public availability
https://spinkorea.kr/blog/bing-indexnow-delay,https://spinkorea.kr/blog/bing-indexnow-delay,post-metadata.generated.json;post-metadata.runtime.generated.json;content-plan.generated.json;existing-dist-unverified-build,blog,"Bing IndexNow 지연 운영법, 품질 점검 남기기",src/data/content-plan.generated.json,scheduled;date=2026-07-25T04:00:00+09:00,EXISTING_ARTIFACT_NOT_FRESH,UNKNOWN,UNKNOWN,UNKNOWN,UNKNOWN,UNKNOWN,UNKNOWN,ROBOTS_RULE_ALLOW,False,False,0,UNKNOWN,UNKNOWN,UNKNOWN,REVIEW,UNKNOWN,Candidate only: source/future/stale-build/link evidence is not proof of public availability
https://spinkorea.kr/blog/birthday-countdown-note,https://spinkorea.kr/blog/birthday-countdown-note,post-metadata.generated.json;post-metadata.runtime.generated.json;content-plan.generated.json;existing-dist-unverified-build,blog,"생일 카운트다운 빠른 정리, 실수 방지까지",src/data/content-plan.generated.json,scheduled;date=2026-06-27T21:00:00+09:00,EXISTING_ARTIFACT_NOT_FRESH,UNKNOWN,UNKNOWN,UNKNOWN,UNKNOWN,UNKNOWN,UNKNOWN,ROBOTS_RULE_ALLOW,False,False,0,UNKNOWN,UNKNOWN,UNKNOWN,REVIEW,UNKNOWN,Candidate only: source/future/stale-build/link evidence is not proof of public availability
https://spinkorea.kr/blog/blocked-task-note,https://spinkorea.kr/blog/blocked-task-note,post-metadata.generated.json;post-metadata.runtime.generated.json;content-plan.generated.json;existing-dist-unverified-build,blog,"막힌 작업 메모 상황별 표, 결과 기록",src/data/content-plan.generated.json,scheduled;date=2026-08-27T22:00:00+09:00,EXISTING_ARTIFACT_NOT_FRESH,UNKNOWN,UNKNOWN,UNKNOWN,UNKNOWN,UNKNOWN,UNKNOWN,ROBOTS_RULE_ALLOW,False,False,0,UNKNOWN,UNKNOWN,UNKNOWN,REVIEW,UNKNOWN,Candidate only: source/future/stale-build/link evidence is not proof of public availability
https://spinkorea.kr/blog/blog-intro-hook,https://spinkorea.kr/blog/blog-intro-hook,post-metadata.generated.json;post-metadata.runtime.generated.json;content-plan.generated.json;existing-dist-unverified-build,blog,"블로그 첫 문단 검토 순서, 가독성 활용",src/data/content-plan.generated.json,scheduled;date=2026-05-21T14:00:00+09:00,EXISTING_ARTIFACT_NOT_FRESH,UNKNOWN,UNKNOWN,UNKNOWN,UNKNOWN,UNKNOWN,UNKNOWN,ROBOTS_RULE_ALLOW,False,False,0,UNKNOWN,UNKNOWN,UNKNOWN,REVIEW,UNKNOWN,Candidate only: source/future/stale-build/link evidence is not proof of public availability
https://spinkorea.kr/blog/bmi-calculator-guide,https://spinkorea.kr/blog/bmi-calculator-guide,post-metadata.generated.json;post-metadata.runtime.generated.json;existing-dist-unverified-build;LIVE_SITEMAP;LIVE_RSS;link:https://spinkorea.kr/blog;LIVE_HTTP,blog,BMI 계산기 완벽 활용: 정상 체중 범위와 건강 목표 설정법,src/data/post-metadata.runtime.generated.json,curated;date=2026-02-18,EXISTING_ARTIFACT_NOT_FRESH,200,https://spinkorea.kr/blog/bmi-calculator-guide,[],https://spinkorea.kr/blog/bmi-calculator-guide,ABSENT,ABSENT,ROBOTS_RULE_ALLOW,True,True,1,UNKNOWN,SCRIPT_PRESENT;DISPLAY_UNKNOWN,2026-09-19T23:03:06.266212+09:00,REVIEW,http-evidence.json,HTTP observation applies to fetched URL only; fragment variants retained; deployment SHA UNKNOWN
https://spinkorea.kr/blog/bmi-calculator-guide#post-content,https://spinkorea.kr/blog/bmi-calculator-guide,link:https://spinkorea.kr/blog/bmi-calculator-guide,blog,UNKNOWN,UNKNOWN,UNKNOWN,UNKNOWN,UNKNOWN,UNKNOWN,UNKNOWN,UNKNOWN,UNKNOWN,UNKNOWN,ROBOTS_RULE_ALLOW,False,UNKNOWN,UNKNOWN,UNKNOWN,UNKNOWN,UNKNOWN,REVIEW,UNKNOWN,Candidate only: source/future/stale-build/link evidence is not proof of public availability
https://spinkorea.kr/blog/bmi-calculator-guide#post-related,https://spinkorea.kr/blog/bmi-calculator-guide,link:https://spinkorea.kr/blog/bmi-calculator-guide,blog,UNKNOWN,UNKNOWN,UNKNOWN,UNKNOWN,UNKNOWN,UNKNOWN,UNKNOWN,UNKNOWN,UNKNOWN,UNKNOWN,ROBOTS_RULE_ALLOW,False,UNKNOWN,UNKNOWN,UNKNOWN,UNKNOWN,UNKNOWN,REVIEW,UNKNOWN,Candidate only: source/future/stale-build/link evidence is not proof of public availability
https://spinkorea.kr/blog/bmi-calculator-guide#post-summary,https://spinkorea.kr/blog/bmi-calculator-guide,link:https://spinkorea.kr/blog/bmi-calculator-guide,blog,UNKNOWN,UNKNOWN,UNKNOWN,UNKNOWN,UNKNOWN,UNKNOWN,UNKNOWN,UNKNOWN,UNKNOWN,UNKNOWN,ROBOTS_RULE_ALLOW,False,UNKNOWN,UNKNOWN,UNKNOWN,UNKNOWN,UNKNOWN,REVIEW,UNKNOWN,Candidate only: source/future/stale-build/link evidence is not proof of public availability
https://spinkorea.kr/blog/bmi-healthy-weight-guide,https://spinkorea.kr/blog/bmi-healthy-weight-guide,post-metadata.generated.json;post-metadata.runtime.generated.json;existing-dist-unverified-build;LIVE_SITEMAP;LIVE_RSS;link:https://spinkorea.kr/blog;LIVE_HTTP,blog,BMI 계산기로 알아보는 건강한 체중 관리의 모든 것,src/data/post-metadata.runtime.generated.json,curated;date=2025-12-11,EXISTING_ARTIFACT_NOT_FRESH,200,https://spinkorea.kr/blog/bmi-healthy-weight-guide,[],https://spinkorea.kr/blog/bmi-healthy-weight-guide,ABSENT,ABSENT,ROBOTS_RULE_ALLOW,True,True,1,UNKNOWN,SCRIPT_PRESENT;DISPLAY_UNKNOWN,2026-09-19T23:03:07.040017+09:00,REVIEW,http-evidence.json,HTTP observation applies to fetched URL only; fragment variants retained; deployment SHA UNKNOWN
https://spinkorea.kr/blog/bmi-healthy-weight-guide#post-content,https://spinkorea.kr/blog/bmi-healthy-weight-guide,link:https://spinkorea.kr/blog/bmi-healthy-weight-guide,blog,UNKNOWN,UNKNOWN,UNKNOWN,UNKNOWN,UNKNOWN,UNKNOWN,UNKNOWN,UNKNOWN,UNKNOWN,UNKNOWN,ROBOTS_RULE_ALLOW,False,UNKNOWN,UNKNOWN,UNKNOWN,UNKNOWN,UNKNOWN,REVIEW,UNKNOWN,Candidate only: source/future/stale-build/link evidence is not proof of public availability
https://spinkorea.kr/blog/bmi-healthy-weight-guide#post-related,https://spinkorea.kr/blog/bmi-healthy-weight-guide,link:https://spinkorea.kr/blog/bmi-healthy-weight-guide,blog,UNKNOWN,UNKNOWN,UNKNOWN,UNKNOWN,UNKNOWN,UNKNOWN,UNKNOWN,UNKNOWN,UNKNOWN,UNKNOWN,ROBOTS_RULE_ALLOW,False,UNKNOWN,UNKNOWN,UNKNOWN,UNKNOWN,UNKNOWN,REVIEW,UNKNOWN,Candidate only: source/future/stale-build/link evidence is not proof of public availability
https://spinkorea.kr/blog/bmi-healthy-weight-guide#post-summary,https://spinkorea.kr/blog/bmi-healthy-weight-guide,link:https://spinkorea.kr/blog/bmi-healthy-weight-guide,blog,UNKNOWN,UNKNOWN,UNKNOWN,UNKNOWN,UNKNOWN,UNKNOWN,UNKNOWN,UNKNOWN,UNKNOWN,UNKNOWN,ROBOTS_RULE_ALLOW,False,UNKNOWN,UNKNOWN,UNKNOWN,UNKNOWN,UNKNOWN,REVIEW,UNKNOWN,Candidate only: source/future/stale-build/link evidence is not proof of public availability
https://spinkorea.kr/blog/bmi-limitations,https://spinkorea.kr/blog/bmi-limitations,post-metadata.generated.json;post-metadata.runtime.generated.json;existing-dist-unverified-build;LIVE_SITEMAP;LIVE_RSS;link:https://spinkorea.kr/blog;LIVE_HTTP,blog,BMI 계산기의 한계: 숫자 너머의 건강 지표,src/data/post-metadata.runtime.generated.json,curated;date=2026-04-28,EXISTING_ARTIFACT_NOT_FRESH,200,https://spinkorea.kr/blog/bmi-limitations,[],https://spinkorea.kr/blog/bmi-limitations,ABSENT,ABSENT,ROBOTS_RULE_ALLOW,True,True,1,UNKNOWN,SCRIPT_PRESENT;DISPLAY_UNKNOWN,2026-09-19T22:57:20.437389+09:00,REVIEW,http-evidence.json,HTTP observation applies to fetched URL only; fragment variants retained; deployment SHA UNKNOWN
https://spinkorea.kr/blog/bmi-limitations#post-content,https://spinkorea.kr/blog/bmi-limitations,link:https://spinkorea.kr/blog/bmi-limitations,blog,UNKNOWN,UNKNOWN,UNKNOWN,UNKNOWN,UNKNOWN,UNKNOWN,UNKNOWN,UNKNOWN,UNKNOWN,UNKNOWN,ROBOTS_RULE_ALLOW,False,False,1,UNKNOWN,UNKNOWN,UNKNOWN,REVIEW,UNKNOWN,Candidate only: source/future/stale-build/link evidence is not proof of public availability
https://spinkorea.kr/blog/bmi-limitations#post-related,https://spinkorea.kr/blog/bmi-limitations,link:https://spinkorea.kr/blog/bmi-limitations,blog,UNKNOWN,UNKNOWN,UNKNOWN,UNKNOWN,UNKNOWN,UNKNOWN,UNKNOWN,UNKNOWN,UNKNOWN,UNKNOWN,ROBOTS_RULE_ALLOW,False,False,1,UNKNOWN,UNKNOWN,UNKNOWN,REVIEW,UNKNOWN,Candidate only: source/future/stale-build/link evidence is not proof of public availability
https://spinkorea.kr/blog/bmi-limitations#post-summary,https://spinkorea.kr/blog/bmi-limitations,link:https://spinkorea.kr/blog/bmi-limitations,blog,UNKNOWN,UNKNOWN,UNKNOWN,UNKNOWN,UNKNOWN,UNKNOWN,UNKNOWN,UNKNOWN,UNKNOWN,UNKNOWN,ROBOTS_RULE_ALLOW,False,False,1,UNKNOWN,UNKNOWN,UNKNOWN,REVIEW,UNKNOWN,Candidate only: source/future/stale-build/link evidence is not proof of public availability
https://spinkorea.kr/blog/body-signal-check,https://spinkorea.kr/blog/body-signal-check,post-metadata.generated.json;post-metadata.runtime.generated.json;content-plan.generated.json;existing-dist-unverified-build,blog,몸 신호 체크 FAQ: 루틴 설계 답변,src/data/content-plan.generated.json,scheduled;date=2026-08-31T06:00:00+09:00,EXISTING_ARTIFACT_NOT_FRESH,UNKNOWN,UNKNOWN,UNKNOWN,UNKNOWN,UNKNOWN,UNKNOWN,ROBOTS_RULE_ALLOW,False,False,0,UNKNOWN,UNKNOWN,UNKNOWN,REVIEW,UNKNOWN,Candidate only: source/future/stale-build/link evidence is not proof of public availability
https://spinkorea.kr/blog/book-club-topic-wheel,https://spinkorea.kr/blog/book-club-topic-wheel,post-metadata.generated.json;post-metadata.runtime.generated.json;content-plan.generated.json;existing-dist-unverified-build,blog,"독서모임 주제 룰렛 비교법, 확률 설정과 중복 방지",src/data/content-plan.generated.json,scheduled;date=2026-06-17T01:00:00+09:00,EXISTING_ARTIFACT_NOT_FRESH,UNKNOWN,UNKNOWN,UNKNOWN,UNKNOWN,UNKNOWN,UNKNOWN,ROBOTS_RULE_ALLOW,False,False,0,UNKNOWN,UNKNOWN,UNKNOWN,REVIEW,UNKNOWN,Candidate only: source/future/stale-build/link evidence is not proof of public availability
https://spinkorea.kr/blog/boundaries-relationship,https://spinkorea.kr/blog/boundaries-relationship,post-metadata.generated.json;post-metadata.runtime.generated.json;existing-dist-unverified-build;LIVE_SITEMAP;LIVE_RSS;link:https://spinkorea.kr/blog;LIVE_HTTP,blog,인간관계에서 경계선(Boundary) 긋기의 중요성,src/data/post-metadata.runtime.generated.json,curated;date=2026-05-11,EXISTING_ARTIFACT_NOT_FRESH,200,https://spinkorea.kr/blog/boundaries-relationship,[],https://spinkorea.kr/blog/boundaries-relationship,ABSENT,ABSENT,ROBOTS_RULE_ALLOW,True,True,1,UNKNOWN,SCRIPT_PRESENT;DISPLAY_UNKNOWN,2026-09-19T22:57:21.895631+09:00,REVIEW,http-evidence.json,HTTP observation applies to fetched URL only; fragment variants retained; deployment SHA UNKNOWN
https://spinkorea.kr/blog/boundaries-relationship#post-content,https://spinkorea.kr/blog/boundaries-relationship,link:https://spinkorea.kr/blog/boundaries-relationship,blog,UNKNOWN,UNKNOWN,UNKNOWN,UNKNOWN,UNKNOWN,UNKNOWN,UNKNOWN,UNKNOWN,UNKNOWN,UNKNOWN,ROBOTS_RULE_ALLOW,False,False,1,UNKNOWN,UNKNOWN,UNKNOWN,REVIEW,UNKNOWN,Candidate only: source/future/stale-build/link evidence is not proof of public availability
https://spinkorea.kr/blog/boundaries-relationship#post-related,https://spinkorea.kr/blog/boundaries-relationship,link:https://spinkorea.kr/blog/boundaries-relationship,blog,UNKNOWN,UNKNOWN,UNKNOWN,UNKNOWN,UNKNOWN,UNKNOWN,UNKNOWN,UNKNOWN,UNKNOWN,UNKNOWN,ROBOTS_RULE_ALLOW,False,False,1,UNKNOWN,UNKNOWN,UNKNOWN,REVIEW,UNKNOWN,Candidate only: source/future/stale-build/link evidence is not proof of public availability
https://spinkorea.kr/blog/boundaries-relationship#post-summary,https://spinkorea.kr/blog/boundaries-relationship,link:https://spinkorea.kr/blog/boundaries-relationship,blog,UNKNOWN,UNKNOWN,UNKNOWN,UNKNOWN,UNKNOWN,UNKNOWN,UNKNOWN,UNKNOWN,UNKNOWN,UNKNOWN,ROBOTS_RULE_ALLOW,False,False,1,UNKNOWN,UNKNOWN,UNKNOWN,REVIEW,UNKNOWN,Candidate only: source/future/stale-build/link evidence is not proof of public availability
https://spinkorea.kr/blog/breathing-break-timer,https://spinkorea.kr/blog/breathing-break-timer,post-metadata.generated.json;post-metadata.runtime.generated.json;content-plan.generated.json;existing-dist-unverified-build,blog,"호흡 휴식 타이머, 무리 없는 기준 전에 볼 점",src/data/content-plan.generated.json,scheduled;date=2026-07-20T19:00:00+09:00,EXISTING_ARTIFACT_NOT_FRESH,UNKNOWN,UNKNOWN,UNKNOWN,UNKNOWN,UNKNOWN,UNKNOWN,ROBOTS_RULE_ALLOW,False,False,0,UNKNOWN,UNKNOWN,UNKNOWN,REVIEW,UNKNOWN,Candidate only: source/future/stale-build/link evidence is not proof of public availability
https://spinkorea.kr/blog/breathing-reset-note,https://spinkorea.kr/blog/breathing-reset-note,post-metadata.generated.json;post-metadata.runtime.generated.json;content-plan.generated.json;existing-dist-unverified-build,blog,호흡 리셋 습관 FAQ: 루틴 설계 답변,src/data/content-plan.generated.json,scheduled;date=2026-06-08T22:00:00+09:00,EXISTING_ARTIFACT_NOT_FRESH,UNKNOWN,UNKNOWN,UNKNOWN,UNKNOWN,UNKNOWN,UNKNOWN,ROBOTS_RULE_ALLOW,False,False,0,UNKNOWN,UNKNOWN,UNKNOWN,REVIEW,UNKNOWN,Candidate only: source/future/stale-build/link evidence is not proof of public availability
https://spinkorea.kr/blog/broken-anchor-check,https://spinkorea.kr/blog/broken-anchor-check,post-metadata.generated.json;post-metadata.runtime.generated.json;content-plan.generated.json;existing-dist-unverified-build,blog,앵커 링크 점검 체크리스트: 자동화 핵심,src/data/content-plan.generated.json,scheduled;date=2026-07-11T15:00:00+09:00,EXISTING_ARTIFACT_NOT_FRESH,UNKNOWN,UNKNOWN,UNKNOWN,UNKNOWN,UNKNOWN,UNKNOWN,ROBOTS_RULE_ALLOW,False,False,0,UNKNOWN,UNKNOWN,UNKNOWN,REVIEW,UNKNOWN,Candidate only: source/future/stale-build/link evidence is not proof of public availability
https://spinkorea.kr/blog/broken-link-scan,https://spinkorea.kr/blog/broken-link-scan,post-metadata.generated.json;post-metadata.runtime.generated.json;content-plan.generated.json;existing-dist-unverified-build,blog,"깨진 링크 점검, 자동화 전에 볼 점",src/data/content-plan.generated.json,scheduled;date=2026-05-31T19:00:00+09:00,EXISTING_ARTIFACT_NOT_FRESH,UNKNOWN,UNKNOWN,UNKNOWN,UNKNOWN,UNKNOWN,UNKNOWN,ROBOTS_RULE_ALLOW,False,False,0,UNKNOWN,UNKNOWN,UNKNOWN,REVIEW,UNKNOWN,Candidate only: source/future/stale-build/link evidence is not proof of public availability
https://spinkorea.kr/blog/browser-date-mock,https://spinkorea.kr/blog/browser-date-mock,post-metadata.generated.json;post-metadata.runtime.generated.json;content-plan.generated.json;existing-dist-unverified-build,blog,"브라우저 날짜 mock 개선 포인트, 검증 절차",src/data/content-plan.generated.json,scheduled;date=2026-08-20T15:00:00+09:00,EXISTING_ARTIFACT_NOT_FRESH,UNKNOWN,UNKNOWN,UNKNOWN,UNKNOWN,UNKNOWN,UNKNOWN,ROBOTS_RULE_ALLOW,False,False,0,UNKNOWN,UNKNOWN,UNKNOWN,REVIEW,UNKNOWN,Candidate only: source/future/stale-build/link evidence is not proof of public availability
https://spinkorea.kr/blog/build-now-test,https://spinkorea.kr/blog/build-now-test,post-metadata.generated.json;post-metadata.runtime.generated.json;content-plan.generated.json;existing-dist-unverified-build,blog,"예약 발행 빌드 테스트 실전 흐름, 디버깅부터",src/data/content-plan.generated.json,scheduled;date=2026-06-01T15:00:00+09:00,EXISTING_ARTIFACT_NOT_FRESH,UNKNOWN,UNKNOWN,UNKNOWN,UNKNOWN,UNKNOWN,UNKNOWN,ROBOTS_RULE_ALLOW,False,False,0,UNKNOWN,UNKNOWN,UNKNOWN,REVIEW,UNKNOWN,Candidate only: source/future/stale-build/link evidence is not proof of public availability
https://spinkorea.kr/blog/build-warning-review,https://spinkorea.kr/blog/build-warning-review,post-metadata.generated.json;post-metadata.runtime.generated.json;content-plan.generated.json;existing-dist-unverified-build,blog,"빌드 경고 해석 운영법, 배포 전 점검 남기기",src/data/content-plan.generated.json,scheduled;date=2026-07-08T12:00:00+09:00,EXISTING_ARTIFACT_NOT_FRESH,UNKNOWN,UNKNOWN,UNKNOWN,UNKNOWN,UNKNOWN,UNKNOWN,ROBOTS_RULE_ALLOW,False,False,0,UNKNOWN,UNKNOWN,UNKNOWN,REVIEW,UNKNOWN,Candidate only: source/future/stale-build/link evidence is not proof of public availability
https://spinkorea.kr/blog/bulk-buy-break-even,https://spinkorea.kr/blog/bulk-buy-break-even,post-metadata.generated.json;post-metadata.runtime.generated.json;content-plan.generated.json;existing-dist-unverified-build,blog,대용량 구매 손익 체크리스트: 결과 해석 핵심,src/data/content-plan.generated.json,scheduled;date=2026-08-05T15:00:00+09:00,EXISTING_ARTIFACT_NOT_FRESH,UNKNOWN,UNKNOWN,UNKNOWN,UNKNOWN,UNKNOWN,UNKNOWN,ROBOTS_RULE_ALLOW,False,False,0,UNKNOWN,UNKNOWN,UNKNOWN,REVIEW,UNKNOWN,Candidate only: source/future/stale-build/link evidence is not proof of public availability
https://spinkorea.kr/blog/bullet-list-edit,https://spinkorea.kr/blog/bullet-list-edit,post-metadata.generated.json;post-metadata.runtime.generated.json;content-plan.generated.json;existing-dist-unverified-build,blog,"목록 문장 다듬기 비교법, 표현 정리와 가독성",src/data/content-plan.generated.json,scheduled;date=2026-05-23T01:00:00+09:00,EXISTING_ARTIFACT_NOT_FRESH,UNKNOWN,UNKNOWN,UNKNOWN,UNKNOWN,UNKNOWN,UNKNOWN,ROBOTS_RULE_ALLOW,False,False,0,UNKNOWN,UNKNOWN,UNKNOWN,REVIEW,UNKNOWN,Candidate only: source/future/stale-build/link evidence is not proof of public availability
https://spinkorea.kr/blog/bundle-size-review,https://spinkorea.kr/blog/bundle-size-review,post-metadata.generated.json;post-metadata.runtime.generated.json;content-plan.generated.json;existing-dist-unverified-build,blog,"번들 크기 점검 순서, 디버깅 활용",src/data/content-plan.generated.json,scheduled;date=2026-05-29T22:00:00+09:00,EXISTING_ARTIFACT_NOT_FRESH,UNKNOWN,UNKNOWN,UNKNOWN,UNKNOWN,UNKNOWN,UNKNOWN,ROBOTS_RULE_ALLOW,False,False,0,UNKNOWN,UNKNOWN,UNKNOWN,REVIEW,UNKNOWN,Candidate only: source/future/stale-build/link evidence is not proof of public availability
https://spinkorea.kr/blog/burnout-prevention,https://spinkorea.kr/blog/burnout-prevention,post-metadata.generated.json;post-metadata.runtime.generated.json;existing-dist-unverified-build;LIVE_SITEMAP;LIVE_RSS;link:https://spinkorea.kr/blog;LIVE_HTTP,blog,번아웃 예방법: 쉬는 것도 기술이다,src/data/post-metadata.runtime.generated.json,curated;date=2026-04-15,EXISTING_ARTIFACT_NOT_FRESH,200,https://spinkorea.kr/blog/burnout-prevention,[],https://spinkorea.kr/blog/burnout-prevention,ABSENT,ABSENT,ROBOTS_RULE_ALLOW,True,True,1,UNKNOWN,SCRIPT_PRESENT;DISPLAY_UNKNOWN,2026-09-19T23:03:07.814430+09:00,REVIEW,http-evidence.json,HTTP observation applies to fetched URL only; fragment variants retained; deployment SHA UNKNOWN
https://spinkorea.kr/blog/burnout-prevention#post-content,https://spinkorea.kr/blog/burnout-prevention,link:https://spinkorea.kr/blog/burnout-prevention,blog,UNKNOWN,UNKNOWN,UNKNOWN,UNKNOWN,UNKNOWN,UNKNOWN,UNKNOWN,UNKNOWN,UNKNOWN,UNKNOWN,ROBOTS_RULE_ALLOW,False,UNKNOWN,UNKNOWN,UNKNOWN,UNKNOWN,UNKNOWN,REVIEW,UNKNOWN,Candidate only: source/future/stale-build/link evidence is not proof of public availability
https://spinkorea.kr/blog/burnout-prevention#post-related,https://spinkorea.kr/blog/burnout-prevention,link:https://spinkorea.kr/blog/burnout-prevention,blog,UNKNOWN,UNKNOWN,UNKNOWN,UNKNOWN,UNKNOWN,UNKNOWN,UNKNOWN,UNKNOWN,UNKNOWN,UNKNOWN,ROBOTS_RULE_ALLOW,False,UNKNOWN,UNKNOWN,UNKNOWN,UNKNOWN,UNKNOWN,REVIEW,UNKNOWN,Candidate only: source/future/stale-build/link evidence is not proof of public availability
https://spinkorea.kr/blog/burnout-prevention#post-summary,https://spinkorea.kr/blog/burnout-prevention,link:https://spinkorea.kr/blog/burnout-prevention,blog,UNKNOWN,UNKNOWN,UNKNOWN,UNKNOWN,UNKNOWN,UNKNOWN,UNKNOWN,UNKNOWN,UNKNOWN,UNKNOWN,ROBOTS_RULE_ALLOW,False,UNKNOWN,UNKNOWN,UNKNOWN,UNKNOWN,UNKNOWN,REVIEW,UNKNOWN,Candidate only: source/future/stale-build/link evidence is not proof of public availability
https://spinkorea.kr/blog/button-label-audit,https://spinkorea.kr/blog/button-label-audit,post-metadata.generated.json;post-metadata.runtime.generated.json;content-plan.generated.json;existing-dist-unverified-build,blog,"버튼 라벨 점검 상황별 표, 공유 전 확인",src/data/content-plan.generated.json,scheduled;date=2026-08-11T06:00:00+09:00,EXISTING_ARTIFACT_NOT_FRESH,UNKNOWN,UNKNOWN,UNKNOWN,UNKNOWN,UNKNOWN,UNKNOWN,ROBOTS_RULE_ALLOW,False,False,0,UNKNOWN,UNKNOWN,UNKNOWN,REVIEW,UNKNOWN,Candidate only: source/future/stale-build/link evidence is not proof of public availability
https://spinkorea.kr/blog/cache-header-check,https://spinkorea.kr/blog/cache-header-check,post-metadata.generated.json;post-metadata.runtime.generated.json;content-plan.generated.json;existing-dist-unverified-build,blog,"캐시 헤더 점검 비교법, 보안 확인과 디버깅",src/data/content-plan.generated.json,scheduled;date=2026-05-27T05:00:00+09:00,EXISTING_ARTIFACT_NOT_FRESH,UNKNOWN,UNKNOWN,UNKNOWN,UNKNOWN,UNKNOWN,UNKNOWN,ROBOTS_RULE_ALLOW,False,False,0,UNKNOWN,UNKNOWN,UNKNOWN,REVIEW,UNKNOWN,Candidate only: source/future/stale-build/link evidence is not proof of public availability
https://spinkorea.kr/blog/caffeine-cutoff-note,https://spinkorea.kr/blog/caffeine-cutoff-note,post-metadata.generated.json;post-metadata.runtime.generated.json;content-plan.generated.json;existing-dist-unverified-build,blog,카페인 마감 시간 체크리스트: 무리 없는 기준 핵심,src/data/content-plan.generated.json,scheduled;date=2026-08-30T15:00:00+09:00,EXISTING_ARTIFACT_NOT_FRESH,UNKNOWN,UNKNOWN,UNKNOWN,UNKNOWN,UNKNOWN,UNKNOWN,ROBOTS_RULE_ALLOW,False,False,0,UNKNOWN,UNKNOWN,UNKNOWN,REVIEW,UNKNOWN,Candidate only: source/future/stale-build/link evidence is not proof of public availability
https://spinkorea.kr/blog/caffeine-cutoff-rule,https://spinkorea.kr/blog/caffeine-cutoff-rule,post-metadata.generated.json;post-metadata.runtime.generated.json;content-plan.generated.json;existing-dist-unverified-build,blog,"카페인 마감 시간 선택법, 자가 점검과 루틴 설계",src/data/content-plan.generated.json,scheduled;date=2026-06-11T00:00:00+09:00,EXISTING_ARTIFACT_NOT_FRESH,UNKNOWN,UNKNOWN,UNKNOWN,UNKNOWN,UNKNOWN,UNKNOWN,ROBOTS_RULE_ALLOW,False,False,0,UNKNOWN,UNKNOWN,UNKNOWN,REVIEW,UNKNOWN,Candidate only: source/future/stale-build/link evidence is not proof of public availability
https://spinkorea.kr/blog/caffeine-log-review,https://spinkorea.kr/blog/caffeine-log-review,post-metadata.generated.json;post-metadata.runtime.generated.json;content-plan.generated.json;existing-dist-unverified-build,blog,"카페인 기록 점검 판단법, 무리 없는 기준 중심",src/data/content-plan.generated.json,scheduled;date=2026-07-21T05:00:00+09:00,EXISTING_ARTIFACT_NOT_FRESH,UNKNOWN,UNKNOWN,UNKNOWN,UNKNOWN,UNKNOWN,UNKNOWN,ROBOTS_RULE_ALLOW,False,False,0,UNKNOWN,UNKNOWN,UNKNOWN,REVIEW,UNKNOWN,Candidate only: source/future/stale-build/link evidence is not proof of public availability
https://spinkorea.kr/blog/calculator-vs-excel,https://spinkorea.kr/blog/calculator-vs-excel,post-metadata.generated.json;post-metadata.runtime.generated.json;existing-dist-unverified-build;LIVE_SITEMAP;LIVE_RSS;link:https://spinkorea.kr/blog;LIVE_HTTP,blog,온라인 계산기 vs 엑셀: 언제 무엇을 써야 하나,src/data/post-metadata.runtime.generated.json,curated;date=2026-05-24,EXISTING_ARTIFACT_NOT_FRESH,200,https://spinkorea.kr/blog/calculator-vs-excel,[],https://spinkorea.kr/blog/calculator-vs-excel,ABSENT,ABSENT,ROBOTS_RULE_ALLOW,True,True,1,UNKNOWN,SCRIPT_PRESENT;DISPLAY_UNKNOWN,2026-09-19T23:03:08.592929+09:00,REVIEW,http-evidence.json,HTTP observation applies to fetched URL only; fragment variants retained; deployment SHA UNKNOWN
https://spinkorea.kr/blog/calculator-vs-excel#post-content,https://spinkorea.kr/blog/calculator-vs-excel,link:https://spinkorea.kr/blog/calculator-vs-excel,blog,UNKNOWN,UNKNOWN,UNKNOWN,UNKNOWN,UNKNOWN,UNKNOWN,UNKNOWN,UNKNOWN,UNKNOWN,UNKNOWN,ROBOTS_RULE_ALLOW,False,UNKNOWN,UNKNOWN,UNKNOWN,UNKNOWN,UNKNOWN,REVIEW,UNKNOWN,Candidate only: source/future/stale-build/link evidence is not proof of public availability
https://spinkorea.kr/blog/calculator-vs-excel#post-related,https://spinkorea.kr/blog/calculator-vs-excel,link:https://spinkorea.kr/blog/calculator-vs-excel,blog,UNKNOWN,UNKNOWN,UNKNOWN,UNKNOWN,UNKNOWN,UNKNOWN,UNKNOWN,UNKNOWN,UNKNOWN,UNKNOWN,ROBOTS_RULE_ALLOW,False,UNKNOWN,UNKNOWN,UNKNOWN,UNKNOWN,UNKNOWN,REVIEW,UNKNOWN,Candidate only: source/future/stale-build/link evidence is not proof of public availability
https://spinkorea.kr/blog/calculator-vs-excel#post-summary,https://spinkorea.kr/blog/calculator-vs-excel,link:https://spinkorea.kr/blog/calculator-vs-excel,blog,UNKNOWN,UNKNOWN,UNKNOWN,UNKNOWN,UNKNOWN,UNKNOWN,UNKNOWN,UNKNOWN,UNKNOWN,UNKNOWN,ROBOTS_RULE_ALLOW,False,UNKNOWN,UNKNOWN,UNKNOWN,UNKNOWN,UNKNOWN,REVIEW,UNKNOWN,Candidate only: source/future/stale-build/link evidence is not proof of public availability
https://spinkorea.kr/blog/calendar-block-review,https://spinkorea.kr/blog/calendar-block-review,post-metadata.generated.json;post-metadata.runtime.generated.json;content-plan.generated.json;existing-dist-unverified-build,blog,"캘린더 블록 점검 실행 순서, 결과 기록까지",src/data/content-plan.generated.json,scheduled;date=2026-07-16T00:00:00+09:00,EXISTING_ARTIFACT_NOT_FRESH,UNKNOWN,UNKNOWN,UNKNOWN,UNKNOWN,UNKNOWN,UNKNOWN,ROBOTS_RULE_ALLOW,False,False,0,UNKNOWN,UNKNOWN,UNKNOWN,REVIEW,UNKNOWN,Candidate only: source/future/stale-build/link evidence is not proof of public availability
https://spinkorea.kr/blog/calendar-color-rule,https://spinkorea.kr/blog/calendar-color-rule,post-metadata.generated.json;post-metadata.runtime.generated.json;content-plan.generated.json;existing-dist-unverified-build,blog,"캘린더 색상 기준, 입력값 확인 먼저 보기",src/data/content-plan.generated.json,scheduled;date=2026-05-18T06:00:00+09:00,EXISTING_ARTIFACT_NOT_FRESH,UNKNOWN,UNKNOWN,UNKNOWN,UNKNOWN,UNKNOWN,UNKNOWN,ROBOTS_RULE_ALLOW,False,False,0,UNKNOWN,UNKNOWN,UNKNOWN,REVIEW,UNKNOWN,Candidate only: source/future/stale-build/link evidence is not proof of public availability
https://spinkorea.kr/blog/calendar-date-gap,https://spinkorea.kr/blog/calendar-date-gap,post-metadata.generated.json;post-metadata.runtime.generated.json;content-plan.generated.json;existing-dist-unverified-build,blog,"날짜 차이 계산 판단법, 결과 해석 중심",src/data/content-plan.generated.json,scheduled;date=2026-05-15T13:00:00+09:00,EXISTING_ARTIFACT_NOT_FRESH,UNKNOWN,UNKNOWN,UNKNOWN,UNKNOWN,UNKNOWN,UNKNOWN,ROBOTS_RULE_ALLOW,False,False,0,UNKNOWN,UNKNOWN,UNKNOWN,REVIEW,UNKNOWN,Candidate only: source/future/stale-build/link evidence is not proof of public availability
https://spinkorea.kr/blog/calm-breathing-cue,https://spinkorea.kr/blog/calm-breathing-cue,post-metadata.generated.json;post-metadata.runtime.generated.json;content-plan.generated.json;existing-dist-unverified-build,blog,"차분한 호흡 신호 실수 방지, 루틴 설계 먼저",src/data/content-plan.generated.json,scheduled;date=2026-09-01T12:00:00+09:00,EXISTING_ARTIFACT_NOT_FRESH,UNKNOWN,UNKNOWN,UNKNOWN,UNKNOWN,UNKNOWN,UNKNOWN,ROBOTS_RULE_ALLOW,False,False,0,UNKNOWN,UNKNOWN,UNKNOWN,REVIEW,UNKNOWN,Candidate only: source/future/stale-build/link evidence is not proof of public availability
https://spinkorea.kr/blog/camping-gear-budget,https://spinkorea.kr/blog/camping-gear-budget,post-metadata.generated.json;post-metadata.runtime.generated.json;content-plan.generated.json;existing-dist-unverified-build,blog,"캠핑 준비 예산 실전 흐름, 입력값 확인부터",src/data/content-plan.generated.json,scheduled;date=2026-06-26T15:00:00+09:00,EXISTING_ARTIFACT_NOT_FRESH,UNKNOWN,UNKNOWN,UNKNOWN,UNKNOWN,UNKNOWN,UNKNOWN,ROBOTS_RULE_ALLOW,False,False,0,UNKNOWN,UNKNOWN,UNKNOWN,REVIEW,UNKNOWN,Candidate only: source/future/stale-build/link evidence is not proof of public availability
https://spinkorea.kr/blog/candidate-shortlist-wheel,https://spinkorea.kr/blog/candidate-shortlist-wheel,post-metadata.generated.json;post-metadata.runtime.generated.json;content-plan.generated.json;existing-dist-unverified-build,blog,"후보 목록 압축 초보 흐름, 확률 설정 중심",src/data/content-plan.generated.json,scheduled;date=2026-06-18T22:00:00+09:00,EXISTING_ARTIFACT_NOT_FRESH,UNKNOWN,UNKNOWN,UNKNOWN,UNKNOWN,UNKNOWN,UNKNOWN,ROBOTS_RULE_ALLOW,False,False,0,UNKNOWN,UNKNOWN,UNKNOWN,REVIEW,UNKNOWN,Candidate only: source/future/stale-build/link evidence is not proof of public availability
https://spinkorea.kr/blog/canonical-apex-www,https://spinkorea.kr/blog/canonical-apex-www,post-metadata.generated.json;post-metadata.runtime.generated.json;content-plan.generated.json;existing-dist-unverified-build,blog,apex www 캐노니컬 FAQ: 검색 의도 답변,src/data/content-plan.generated.json,scheduled;date=2026-09-04T10:00:00+09:00,EXISTING_ARTIFACT_NOT_FRESH,UNKNOWN,UNKNOWN,UNKNOWN,UNKNOWN,UNKNOWN,UNKNOWN,ROBOTS_RULE_ALLOW,False,False,0,UNKNOWN,UNKNOWN,UNKNOWN,REVIEW,UNKNOWN,Candidate only: source/future/stale-build/link evidence is not proof of public availability
https://spinkorea.kr/blog/canonical-domain-check,https://spinkorea.kr/blog/canonical-domain-check,post-metadata.generated.json;post-metadata.runtime.generated.json;content-plan.generated.json;existing-dist-unverified-build,blog,캐노니컬 도메인 확인 체크리스트: 자동화 핵심,src/data/content-plan.generated.json,scheduled;date=2026-07-07T11:00:00+09:00,EXISTING_ARTIFACT_NOT_FRESH,UNKNOWN,UNKNOWN,UNKNOWN,UNKNOWN,UNKNOWN,UNKNOWN,ROBOTS_RULE_ALLOW,False,False,0,UNKNOWN,UNKNOWN,UNKNOWN,REVIEW,UNKNOWN,Candidate only: source/future/stale-build/link evidence is not proof of public availability
https://spinkorea.kr/blog/canonical-route-map,https://spinkorea.kr/blog/canonical-route-map,post-metadata.generated.json;post-metadata.runtime.generated.json;content-plan.generated.json;existing-dist-unverified-build,blog,"캐노니컬 경로 맵 발행 전 검토, 자동화",src/data/content-plan.generated.json,scheduled;date=2026-08-17T17:00:00+09:00,EXISTING_ARTIFACT_NOT_FRESH,UNKNOWN,UNKNOWN,UNKNOWN,UNKNOWN,UNKNOWN,UNKNOWN,ROBOTS_RULE_ALLOW,False,False,0,UNKNOWN,UNKNOWN,UNKNOWN,REVIEW,UNKNOWN,Candidate only: source/future/stale-build/link evidence is not proof of public availability
https://spinkorea.kr/blog/canonical-url-audit,https://spinkorea.kr/blog/canonical-url-audit,post-metadata.generated.json;post-metadata.runtime.generated.json;content-plan.generated.json;existing-dist-unverified-build,blog,캐노니컬 URL 검사 FAQ: 검증 절차 답변,src/data/content-plan.generated.json,scheduled;date=2026-05-27T10:00:00+09:00,EXISTING_ARTIFACT_NOT_FRESH,UNKNOWN,UNKNOWN,UNKNOWN,UNKNOWN,UNKNOWN,UNKNOWN,ROBOTS_RULE_ALLOW,False,False,0,UNKNOWN,UNKNOWN,UNKNOWN,REVIEW,UNKNOWN,Candidate only: source/future/stale-build/link evidence is not proof of public availability
https://spinkorea.kr/blog/car-maintenance-cycle,https://spinkorea.kr/blog/car-maintenance-cycle,post-metadata.generated.json;post-metadata.runtime.generated.json;content-plan.generated.json;existing-dist-unverified-build,blog,"차량 정비 주기 비교법, 실수 방지와 입력값 확인",src/data/content-plan.generated.json,scheduled;date=2026-06-25T09:00:00+09:00,EXISTING_ARTIFACT_NOT_FRESH,UNKNOWN,UNKNOWN,UNKNOWN,UNKNOWN,UNKNOWN,UNKNOWN,ROBOTS_RULE_ALLOW,False,False,0,UNKNOWN,UNKNOWN,UNKNOWN,REVIEW,UNKNOWN,Candidate only: source/future/stale-build/link evidence is not proof of public availability
https://spinkorea.kr/blog/card-description-length,https://spinkorea.kr/blog/card-description-length,post-metadata.generated.json;post-metadata.runtime.generated.json;content-plan.generated.json;existing-dist-unverified-build,blog,"카드 설명 길이 판단법, 검토 순서 중심",src/data/content-plan.generated.json,scheduled;date=2026-08-15T05:00:00+09:00,EXISTING_ARTIFACT_NOT_FRESH,UNKNOWN,UNKNOWN,UNKNOWN,UNKNOWN,UNKNOWN,UNKNOWN,ROBOTS_RULE_ALLOW,False,False,0,UNKNOWN,UNKNOWN,UNKNOWN,REVIEW,UNKNOWN,Candidate only: source/future/stale-build/link evidence is not proof of public availability
https://spinkorea.kr/blog/case-converter-acronym-digit-boundary,https://spinkorea.kr/blog/case-converter-acronym-digit-boundary,post-metadata.generated.json;post-metadata.runtime.generated.json;content-plan.generated.json,blog,API 필드명 케이스 변환에서 약어와 숫자 경계 정하기,src/data/content-plan.generated.json,scheduled;date=2026-10-17T08:00:00+09:00,UNKNOWN,UNKNOWN,UNKNOWN,UNKNOWN,UNKNOWN,UNKNOWN,UNKNOWN,ROBOTS_RULE_ALLOW,False,False,0,UNKNOWN,UNKNOWN,UNKNOWN,REVIEW,UNKNOWN,Candidate only: source/future/stale-build/link evidence is not proof of public availability
https://spinkorea.kr/blog/case-converter-guide,https://spinkorea.kr/blog/case-converter-guide,post-metadata.generated.json;post-metadata.runtime.generated.json;existing-dist-unverified-build;LIVE_SITEMAP;LIVE_RSS;link:https://spinkorea.kr/blog;LIVE_HTTP,blog,카멜케이스·스네이크케이스·파스칼케이스: 개발자 네이밍 컨벤션 완벽 정리,src/data/post-metadata.runtime.generated.json,curated;date=2026-03-28,EXISTING_ARTIFACT_NOT_FRESH,200,https://spinkorea.kr/blog/case-converter-guide,[],https://spinkorea.kr/blog/case-converter-guide,ABSENT,ABSENT,ROBOTS_RULE_ALLOW,True,True,1,UNKNOWN,SCRIPT_PRESENT;DISPLAY_UNKNOWN,2026-09-19T23:03:09.351824+09:00,REVIEW,http-evidence.json,HTTP observation applies to fetched URL only; fragment variants retained; deployment SHA UNKNOWN
https://spinkorea.kr/blog/case-converter-guide#post-content,https://spinkorea.kr/blog/case-converter-guide,link:https://spinkorea.kr/blog/case-converter-guide,blog,UNKNOWN,UNKNOWN,UNKNOWN,UNKNOWN,UNKNOWN,UNKNOWN,UNKNOWN,UNKNOWN,UNKNOWN,UNKNOWN,ROBOTS_RULE_ALLOW,False,UNKNOWN,UNKNOWN,UNKNOWN,UNKNOWN,UNKNOWN,REVIEW,UNKNOWN,Candidate only: source/future/stale-build/link evidence is not proof of public availability
https://spinkorea.kr/blog/case-converter-guide#post-related,https://spinkorea.kr/blog/case-converter-guide,link:https://spinkorea.kr/blog/case-converter-guide,blog,UNKNOWN,UNKNOWN,UNKNOWN,UNKNOWN,UNKNOWN,UNKNOWN,UNKNOWN,UNKNOWN,UNKNOWN,UNKNOWN,ROBOTS_RULE_ALLOW,False,UNKNOWN,UNKNOWN,UNKNOWN,UNKNOWN,UNKNOWN,REVIEW,UNKNOWN,Candidate only: source/future/stale-build/link evidence is not proof of public availability
https://spinkorea.kr/blog/case-converter-guide#post-summary,https://spinkorea.kr/blog/case-converter-guide,link:https://spinkorea.kr/blog/case-converter-guide,blog,UNKNOWN,UNKNOWN,UNKNOWN,UNKNOWN,UNKNOWN,UNKNOWN,UNKNOWN,UNKNOWN,UNKNOWN,UNKNOWN,ROBOTS_RULE_ALLOW,False,UNKNOWN,UNKNOWN,UNKNOWN,UNKNOWN,UNKNOWN,REVIEW,UNKNOWN,Candidate only: source/future/stale-build/link evidence is not proof of public availability
https://spinkorea.kr/blog/case-study-outline,https://spinkorea.kr/blog/case-study-outline,post-metadata.generated.json;post-metadata.runtime.generated.json;content-plan.generated.json;existing-dist-unverified-build,blog,사례 글 구성 체크리스트: 검토 순서 핵심,src/data/content-plan.generated.json,scheduled;date=2026-07-03T07:00:00+09:00,EXISTING_ARTIFACT_NOT_FRESH,UNKNOWN,UNKNOWN,UNKNOWN,UNKNOWN,UNKNOWN,UNKNOWN,ROBOTS_RULE_ALLOW,False,False,0,UNKNOWN,UNKNOWN,UNKNOWN,REVIEW,UNKNOWN,Candidate only: source/future/stale-build/link evidence is not proof of public availability
https://spinkorea.kr/blog/case-study-proof,https://spinkorea.kr/blog/case-study-proof,post-metadata.generated.json;post-metadata.runtime.generated.json;content-plan.generated.json;existing-dist-unverified-build,blog,"사례 증거 문장 빠른 정리, 표현 정리까지",src/data/content-plan.generated.json,scheduled;date=2026-08-12T17:00:00+09:00,EXISTING_ARTIFACT_NOT_FRESH,UNKNOWN,UNKNOWN,UNKNOWN,UNKNOWN,UNKNOWN,UNKNOWN,ROBOTS_RULE_ALLOW,False,False,0,UNKNOWN,UNKNOWN,UNKNOWN,REVIEW,UNKNOWN,Candidate only: source/future/stale-build/link evidence is not proof of public availability
https://spinkorea.kr/blog/case-style-guide,https://spinkorea.kr/blog/case-style-guide,post-metadata.generated.json;post-metadata.runtime.generated.json;content-plan.generated.json;existing-dist-unverified-build,blog,"표기 스타일 통일, 문서 기준 먼저 보기",src/data/content-plan.generated.json,scheduled;date=2026-05-22T10:00:00+09:00,EXISTING_ARTIFACT_NOT_FRESH,UNKNOWN,UNKNOWN,UNKNOWN,UNKNOWN,UNKNOWN,UNKNOWN,ROBOTS_RULE_ALLOW,False,False,0,UNKNOWN,UNKNOWN,UNKNOWN,REVIEW,UNKNOWN,Candidate only: source/future/stale-build/link evidence is not proof of public availability
https://spinkorea.kr/blog/category-description,https://spinkorea.kr/blog/category-description,post-metadata.generated.json;post-metadata.runtime.generated.json;content-plan.generated.json;existing-dist-unverified-build,blog,"카테고리 설명 초보 흐름, 표현 정리 중심",src/data/content-plan.generated.json,scheduled;date=2026-07-05T14:00:00+09:00,EXISTING_ARTIFACT_NOT_FRESH,UNKNOWN,UNKNOWN,UNKNOWN,UNKNOWN,UNKNOWN,UNKNOWN,ROBOTS_RULE_ALLOW,False,False,0,UNKNOWN,UNKNOWN,UNKNOWN,REVIEW,UNKNOWN,Candidate only: source/future/stale-build/link evidence is not proof of public availability
https://spinkorea.kr/blog/category-intro-copy,https://spinkorea.kr/blog/category-intro-copy,post-metadata.generated.json;post-metadata.runtime.generated.json;content-plan.generated.json;existing-dist-unverified-build,blog,"카테고리 도입문 초보 흐름, 표현 정리 중심",src/data/content-plan.generated.json,scheduled;date=2026-08-12T02:00:00+09:00,EXISTING_ARTIFACT_NOT_FRESH,UNKNOWN,UNKNOWN,UNKNOWN,UNKNOWN,UNKNOWN,UNKNOWN,ROBOTS_RULE_ALLOW,False,False,0,UNKNOWN,UNKNOWN,UNKNOWN,REVIEW,UNKNOWN,Candidate only: source/future/stale-build/link evidence is not proof of public availability
https://spinkorea.kr/blog/checklist-wording,https://spinkorea.kr/blog/checklist-wording,post-metadata.generated.json;post-metadata.runtime.generated.json;content-plan.generated.json;existing-dist-unverified-build,blog,"체크리스트 문장 상황별 표, 공유 전 확인",src/data/content-plan.generated.json,scheduled;date=2026-05-24T02:00:00+09:00,EXISTING_ARTIFACT_NOT_FRESH,UNKNOWN,UNKNOWN,UNKNOWN,UNKNOWN,UNKNOWN,UNKNOWN,ROBOTS_RULE_ALLOW,False,False,0,UNKNOWN,UNKNOWN,UNKNOWN,REVIEW,UNKNOWN,Candidate only: source/future/stale-build/link evidence is not proof of public availability
https://spinkorea.kr/blog/child-allowance-rule,https://spinkorea.kr/blog/child-allowance-rule,post-metadata.generated.json;post-metadata.runtime.generated.json;content-plan.generated.json;existing-dist-unverified-build,blog,"용돈 기준 정리 운영 체크, 실수 방지 반영",src/data/content-plan.generated.json,scheduled;date=2026-06-24T03:00:00+09:00,EXISTING_ARTIFACT_NOT_FRESH,UNKNOWN,UNKNOWN,UNKNOWN,UNKNOWN,UNKNOWN,UNKNOWN,ROBOTS_RULE_ALLOW,False,False,0,UNKNOWN,UNKNOWN,UNKNOWN,REVIEW,UNKNOWN,Candidate only: source/future/stale-build/link evidence is not proof of public availability
https://spinkorea.kr/blog/choice-fatigue-random,https://spinkorea.kr/blog/choice-fatigue-random,post-metadata.generated.json;post-metadata.runtime.generated.json;content-plan.generated.json;existing-dist-unverified-build,blog,"선택 피로 줄이기 상황별 표, 결과 기록",src/data/content-plan.generated.json,scheduled;date=2026-05-11T14:00:00+09:00,EXISTING_ARTIFACT_NOT_FRESH,UNKNOWN,UNKNOWN,UNKNOWN,UNKNOWN,UNKNOWN,UNKNOWN,ROBOTS_RULE_ALLOW,False,False,0,UNKNOWN,UNKNOWN,UNKNOWN,REVIEW,UNKNOWN,Candidate only: source/future/stale-build/link evidence is not proof of public availability
https://spinkorea.kr/blog/choice-rule-template,https://spinkorea.kr/blog/choice-rule-template,post-metadata.generated.json;post-metadata.runtime.generated.json;content-plan.generated.json;existing-dist-unverified-build,blog,"랜덤 선택 규칙 템플릿 선택법, 결과 기록과 공정성",src/data/content-plan.generated.json,scheduled;date=2026-05-12T20:00:00+09:00,EXISTING_ARTIFACT_NOT_FRESH,UNKNOWN,UNKNOWN,UNKNOWN,UNKNOWN,UNKNOWN,UNKNOWN,ROBOTS_RULE_ALLOW,False,False,0,UNKNOWN,UNKNOWN,UNKNOWN,REVIEW,UNKNOWN,Candidate only: source/future/stale-build/link evidence is not proof of public availability
https://spinkorea.kr/blog/choice-wheel-reset,https://spinkorea.kr/blog/choice-wheel-reset,post-metadata.generated.json;post-metadata.runtime.generated.json;content-plan.generated.json;existing-dist-unverified-build,blog,룰렛 후보 초기화 FAQ: 공정성 답변,src/data/content-plan.generated.json,scheduled;date=2026-08-02T02:00:00+09:00,EXISTING_ARTIFACT_NOT_FRESH,UNKNOWN,UNKNOWN,UNKNOWN,UNKNOWN,UNKNOWN,UNKNOWN,ROBOTS_RULE_ALLOW,False,False,0,UNKNOWN,UNKNOWN,UNKNOWN,REVIEW,UNKNOWN,Candidate only: source/future/stale-build/link evidence is not proof of public availability
https://spinkorea.kr/blog/chunk-size-budget,https://spinkorea.kr/blog/chunk-size-budget,post-metadata.generated.json;post-metadata.runtime.generated.json;content-plan.generated.json;existing-dist-unverified-build,blog,"청크 크기 예산 실수 방지, 검증 절차 먼저",src/data/content-plan.generated.json,scheduled;date=2026-08-15T20:00:00+09:00,EXISTING_ARTIFACT_NOT_FRESH,UNKNOWN,UNKNOWN,UNKNOWN,UNKNOWN,UNKNOWN,UNKNOWN,ROBOTS_RULE_ALLOW,False,False,0,UNKNOWN,UNKNOWN,UNKNOWN,REVIEW,UNKNOWN,Candidate only: source/future/stale-build/link evidence is not proof of public availability
https://spinkorea.kr/blog/ci-build-log-triage,https://spinkorea.kr/blog/ci-build-log-triage,post-metadata.generated.json;post-metadata.runtime.generated.json;content-plan.generated.json;existing-dist-unverified-build,blog,"CI 빌드 로그 분류 운영법, 배포 전 점검 남기기",src/data/content-plan.generated.json,scheduled;date=2026-08-19T04:00:00+09:00,EXISTING_ARTIFACT_NOT_FRESH,UNKNOWN,UNKNOWN,UNKNOWN,UNKNOWN,UNKNOWN,UNKNOWN,ROBOTS_RULE_ALLOW,False,False,0,UNKNOWN,UNKNOWN,UNKNOWN,REVIEW,UNKNOWN,Candidate only: source/future/stale-build/link evidence is not proof of public availability
https://spinkorea.kr/blog/ci-log-summary,https://spinkorea.kr/blog/ci-log-summary,post-metadata.generated.json;post-metadata.runtime.generated.json;content-plan.generated.json;existing-dist-unverified-build,blog,CI 로그 요약 FAQ: 검증 절차 답변,src/data/content-plan.generated.json,scheduled;date=2026-07-12T06:00:00+09:00,EXISTING_ARTIFACT_NOT_FRESH,UNKNOWN,UNKNOWN,UNKNOWN,UNKNOWN,UNKNOWN,UNKNOWN,ROBOTS_RULE_ALLOW,False,False,0,UNKNOWN,UNKNOWN,UNKNOWN,REVIEW,UNKNOWN,Candidate only: source/future/stale-build/link evidence is not proof of public availability
https://spinkorea.kr/blog/class-activity-draw,https://spinkorea.kr/blog/class-activity-draw,post-metadata.generated.json;post-metadata.runtime.generated.json;content-plan.generated.json;existing-dist-unverified-build,blog,"수업 활동 추첨 운영 체크, 확률 설정 반영",src/data/content-plan.generated.json,scheduled;date=2026-05-09T07:00:00+09:00,EXISTING_ARTIFACT_NOT_FRESH,UNKNOWN,UNKNOWN,UNKNOWN,UNKNOWN,UNKNOWN,UNKNOWN,ROBOTS_RULE_ALLOW,False,False,0,UNKNOWN,UNKNOWN,UNKNOWN,REVIEW,UNKNOWN,Candidate only: source/future/stale-build/link evidence is not proof of public availability
https://spinkorea.kr/blog/class-group-balance,https://spinkorea.kr/blog/class-group-balance,post-metadata.generated.json;post-metadata.runtime.generated.json;content-plan.generated.json;existing-dist-unverified-build,blog,"수업 조 편성 균형 운영 체크, 확률 설정 반영",src/data/content-plan.generated.json,scheduled;date=2026-07-31T15:00:00+09:00,EXISTING_ARTIFACT_NOT_FRESH,UNKNOWN,UNKNOWN,UNKNOWN,UNKNOWN,UNKNOWN,UNKNOWN,ROBOTS_RULE_ALLOW,False,False,0,UNKNOWN,UNKNOWN,UNKNOWN,REVIEW,UNKNOWN,Candidate only: source/future/stale-build/link evidence is not proof of public availability
https://spinkorea.kr/blog/class-time-table,https://spinkorea.kr/blog/class-time-table,post-metadata.generated.json;post-metadata.runtime.generated.json;content-plan.generated.json;existing-dist-unverified-build,blog,"수업 시간표 계산, 입력값 확인 먼저 보기",src/data/content-plan.generated.json,scheduled;date=2026-06-28T22:00:00+09:00,EXISTING_ARTIFACT_NOT_FRESH,UNKNOWN,UNKNOWN,UNKNOWN,UNKNOWN,UNKNOWN,UNKNOWN,ROBOTS_RULE_ALLOW,False,False,0,UNKNOWN,UNKNOWN,UNKNOWN,REVIEW,UNKNOWN,Candidate only: source/future/stale-build/link evidence is not proof of public availability
https://spinkorea.kr/blog/cleaning-duty-draw,https://spinkorea.kr/blog/cleaning-duty-draw,post-metadata.generated.json;post-metadata.runtime.generated.json;content-plan.generated.json;existing-dist-unverified-build,blog,"청소 당번 뽑기 운영법, 결과 기록 남기기",src/data/content-plan.generated.json,scheduled;date=2026-05-07T00:00:00+09:00,EXISTING_ARTIFACT_NOT_FRESH,UNKNOWN,UNKNOWN,UNKNOWN,UNKNOWN,UNKNOWN,UNKNOWN,ROBOTS_RULE_ALLOW,False,False,0,UNKNOWN,UNKNOWN,UNKNOWN,REVIEW,UNKNOWN,Candidate only: source/future/stale-build/link evidence is not proof of public availability
https://spinkorea.kr/blog/client-bundle-check,https://spinkorea.kr/blog/client-bundle-check,post-metadata.generated.json;post-metadata.runtime.generated.json;content-plan.generated.json;existing-dist-unverified-build,blog,클라이언트 번들 점검 FAQ: 검증 절차 답변,src/data/content-plan.generated.json,scheduled;date=2026-07-08T02:00:00+09:00,EXISTING_ARTIFACT_NOT_FRESH,UNKNOWN,UNKNOWN,UNKNOWN,UNKNOWN,UNKNOWN,UNKNOWN,ROBOTS_RULE_ALLOW,False,False,0,UNKNOWN,UNKNOWN,UNKNOWN,REVIEW,UNKNOWN,Candidate only: source/future/stale-build/link evidence is not proof of public availability
https://spinkorea.kr/blog/coffee-bet-rule,https://spinkorea.kr/blog/coffee-bet-rule,post-metadata.generated.json;post-metadata.runtime.generated.json;content-plan.generated.json;existing-dist-unverified-build,blog,"커피 내기 룰렛 판단법, 참가자 목록 중심",src/data/content-plan.generated.json,scheduled;date=2026-05-07T05:00:00+09:00,EXISTING_ARTIFACT_NOT_FRESH,UNKNOWN,UNKNOWN,UNKNOWN,UNKNOWN,UNKNOWN,UNKNOWN,ROBOTS_RULE_ALLOW,False,False,0,UNKNOWN,UNKNOWN,UNKNOWN,REVIEW,UNKNOWN,Candidate only: source/future/stale-build/link evidence is not proof of public availability
https://spinkorea.kr/blog/coin-flip-guide,https://spinkorea.kr/blog/coin-flip-guide,post-metadata.generated.json;post-metadata.runtime.generated.json;existing-dist-unverified-build;LIVE_SITEMAP;LIVE_RSS;link:https://spinkorea.kr/blog;LIVE_HTTP,blog,동전 던지기로 결정 내리기: 심리학이 말하는 최고의 결정법,src/data/post-metadata.runtime.generated.json,curated;date=2026-02-25,EXISTING_ARTIFACT_NOT_FRESH,200,https://spinkorea.kr/blog/coin-flip-guide,[],https://spinkorea.kr/blog/coin-flip-guide,ABSENT,ABSENT,ROBOTS_RULE_ALLOW,True,True,1,UNKNOWN,SCRIPT_PRESENT;DISPLAY_UNKNOWN,2026-09-19T23:03:10.089895+09:00,REVIEW,http-evidence.json,HTTP observation applies to fetched URL only; fragment variants retained; deployment SHA UNKNOWN
https://spinkorea.kr/blog/coin-flip-guide#post-content,https://spinkorea.kr/blog/coin-flip-guide,link:https://spinkorea.kr/blog/coin-flip-guide,blog,UNKNOWN,UNKNOWN,UNKNOWN,UNKNOWN,UNKNOWN,UNKNOWN,UNKNOWN,UNKNOWN,UNKNOWN,UNKNOWN,ROBOTS_RULE_ALLOW,False,UNKNOWN,UNKNOWN,UNKNOWN,UNKNOWN,UNKNOWN,REVIEW,UNKNOWN,Candidate only: source/future/stale-build/link evidence is not proof of public availability
https://spinkorea.kr/blog/coin-flip-guide#post-related,https://spinkorea.kr/blog/coin-flip-guide,link:https://spinkorea.kr/blog/coin-flip-guide,blog,UNKNOWN,UNKNOWN,UNKNOWN,UNKNOWN,UNKNOWN,UNKNOWN,UNKNOWN,UNKNOWN,UNKNOWN,UNKNOWN,ROBOTS_RULE_ALLOW,False,UNKNOWN,UNKNOWN,UNKNOWN,UNKNOWN,UNKNOWN,REVIEW,UNKNOWN,Candidate only: source/future/stale-build/link evidence is not proof of public availability
https://spinkorea.kr/blog/coin-flip-guide#post-summary,https://spinkorea.kr/blog/coin-flip-guide,link:https://spinkorea.kr/blog/coin-flip-guide,blog,UNKNOWN,UNKNOWN,UNKNOWN,UNKNOWN,UNKNOWN,UNKNOWN,UNKNOWN,UNKNOWN,UNKNOWN,UNKNOWN,ROBOTS_RULE_ALLOW,False,UNKNOWN,UNKNOWN,UNKNOWN,UNKNOWN,UNKNOWN,REVIEW,UNKNOWN,Candidate only: source/future/stale-build/link evidence is not proof of public availability
https://spinkorea.kr/blog/coin-flip-question,https://spinkorea.kr/blog/coin-flip-question,post-metadata.generated.json;post-metadata.runtime.generated.json;content-plan.generated.json;existing-dist-unverified-build;LIVE_SITEMAP;LIVE_RSS;link:https://spinkorea.kr/blog;LIVE_HTTP,blog,동전 던지기 전에 질문을 두 선택지로 줄이는 법,src/data/content-plan.generated.json,scheduled;date=2026-09-10T08:00:00+09:00,EXISTING_ARTIFACT_NOT_FRESH,200,https://spinkorea.kr/blog/coin-flip-question,[],https://spinkorea.kr/blog/coin-flip-question,ABSENT,ABSENT,ROBOTS_RULE_ALLOW,True,True,1,UNKNOWN,SCRIPT_PRESENT;DISPLAY_UNKNOWN,2026-09-19T23:03:10.828193+09:00,REVIEW,http-evidence.json,HTTP observation applies to fetched URL only; fragment variants retained; deployment SHA UNKNOWN
https://spinkorea.kr/blog/coin-flip-question#post-content,https://spinkorea.kr/blog/coin-flip-question,link:https://spinkorea.kr/blog/coin-flip-question,blog,UNKNOWN,UNKNOWN,UNKNOWN,UNKNOWN,UNKNOWN,UNKNOWN,UNKNOWN,UNKNOWN,UNKNOWN,UNKNOWN,ROBOTS_RULE_ALLOW,False,UNKNOWN,UNKNOWN,UNKNOWN,UNKNOWN,UNKNOWN,REVIEW,UNKNOWN,Candidate only: source/future/stale-build/link evidence is not proof of public availability
https://spinkorea.kr/blog/coin-flip-question#post-related,https://spinkorea.kr/blog/coin-flip-question,link:https://spinkorea.kr/blog/coin-flip-question,blog,UNKNOWN,UNKNOWN,UNKNOWN,UNKNOWN,UNKNOWN,UNKNOWN,UNKNOWN,UNKNOWN,UNKNOWN,UNKNOWN,ROBOTS_RULE_ALLOW,False,UNKNOWN,UNKNOWN,UNKNOWN,UNKNOWN,UNKNOWN,REVIEW,UNKNOWN,Candidate only: source/future/stale-build/link evidence is not proof of public availability
https://spinkorea.kr/blog/coin-flip-question#post-summary,https://spinkorea.kr/blog/coin-flip-question,link:https://spinkorea.kr/blog/coin-flip-question,blog,UNKNOWN,UNKNOWN,UNKNOWN,UNKNOWN,UNKNOWN,UNKNOWN,UNKNOWN,UNKNOWN,UNKNOWN,UNKNOWN,ROBOTS_RULE_ALLOW,False,UNKNOWN,UNKNOWN,UNKNOWN,UNKNOWN,UNKNOWN,REVIEW,UNKNOWN,Candidate only: source/future/stale-build/link evidence is not proof of public availability
https://spinkorea.kr/blog/color-code-complete-guide,https://spinkorea.kr/blog/color-code-complete-guide,post-metadata.generated.json;post-metadata.runtime.generated.json;existing-dist-unverified-build;LIVE_SITEMAP;LIVE_RSS;link:https://spinkorea.kr/blog;LIVE_HTTP,blog,"색상 코드 완벽 가이드: HEX, RGB, HSL 이해하기",src/data/post-metadata.runtime.generated.json,curated;date=2025-12-13,EXISTING_ARTIFACT_NOT_FRESH,200,https://spinkorea.kr/blog/color-code-complete-guide,[],https://spinkorea.kr/blog/color-code-complete-guide,ABSENT,ABSENT,ROBOTS_RULE_ALLOW,True,True,1,UNKNOWN,SCRIPT_PRESENT;DISPLAY_UNKNOWN,2026-09-19T23:03:11.583001+09:00,REVIEW,http-evidence.json,HTTP observation applies to fetched URL only; fragment variants retained; deployment SHA UNKNOWN
https://spinkorea.kr/blog/color-code-complete-guide#post-content,https://spinkorea.kr/blog/color-code-complete-guide,link:https://spinkorea.kr/blog/color-code-complete-guide,blog,UNKNOWN,UNKNOWN,UNKNOWN,UNKNOWN,UNKNOWN,UNKNOWN,UNKNOWN,UNKNOWN,UNKNOWN,UNKNOWN,ROBOTS_RULE_ALLOW,False,UNKNOWN,UNKNOWN,UNKNOWN,UNKNOWN,UNKNOWN,REVIEW,UNKNOWN,Candidate only: source/future/stale-build/link evidence is not proof of public availability
https://spinkorea.kr/blog/color-code-complete-guide#post-related,https://spinkorea.kr/blog/color-code-complete-guide,link:https://spinkorea.kr/blog/color-code-complete-guide,blog,UNKNOWN,UNKNOWN,UNKNOWN,UNKNOWN,UNKNOWN,UNKNOWN,UNKNOWN,UNKNOWN,UNKNOWN,UNKNOWN,ROBOTS_RULE_ALLOW,False,UNKNOWN,UNKNOWN,UNKNOWN,UNKNOWN,UNKNOWN,REVIEW,UNKNOWN,Candidate only: source/future/stale-build/link evidence is not proof of public availability
https://spinkorea.kr/blog/color-code-complete-guide#post-summary,https://spinkorea.kr/blog/color-code-complete-guide,link:https://spinkorea.kr/blog/color-code-complete-guide,blog,UNKNOWN,UNKNOWN,UNKNOWN,UNKNOWN,UNKNOWN,UNKNOWN,UNKNOWN,UNKNOWN,UNKNOWN,UNKNOWN,ROBOTS_RULE_ALLOW,False,UNKNOWN,UNKNOWN,UNKNOWN,UNKNOWN,UNKNOWN,REVIEW,UNKNOWN,Candidate only: source/future/stale-build/link evidence is not proof of public availability
https://spinkorea.kr/blog/color-converter-guide,https://spinkorea.kr/blog/color-converter-guide,post-metadata.generated.json;post-metadata.runtime.generated.json;existing-dist-unverified-build;LIVE_SITEMAP;LIVE_RSS;link:https://spinkorea.kr/blog;LIVE_HTTP,blog,색상 코드 변환기 사용법: HEX·RGB·HSL 색상을 1초 만에 변환,src/data/post-metadata.runtime.generated.json,curated;date=2026-02-15,EXISTING_ARTIFACT_NOT_FRESH,200,https://spinkorea.kr/blog/color-converter-guide,[],https://spinkorea.kr/blog/color-converter-guide,ABSENT,ABSENT,ROBOTS_RULE_ALLOW,True,True,1,UNKNOWN,SCRIPT_PRESENT;DISPLAY_UNKNOWN,2026-09-19T23:03:12.341694+09:00,REVIEW,http-evidence.json,HTTP observation applies to fetched URL only; fragment variants retained; deployment SHA UNKNOWN
https://spinkorea.kr/blog/color-converter-guide#post-content,https://spinkorea.kr/blog/color-converter-guide,link:https://spinkorea.kr/blog/color-converter-guide,blog,UNKNOWN,UNKNOWN,UNKNOWN,UNKNOWN,UNKNOWN,UNKNOWN,UNKNOWN,UNKNOWN,UNKNOWN,UNKNOWN,ROBOTS_RULE_ALLOW,False,UNKNOWN,UNKNOWN,UNKNOWN,UNKNOWN,UNKNOWN,REVIEW,UNKNOWN,Candidate only: source/future/stale-build/link evidence is not proof of public availability
https://spinkorea.kr/blog/color-converter-guide#post-related,https://spinkorea.kr/blog/color-converter-guide,link:https://spinkorea.kr/blog/color-converter-guide,blog,UNKNOWN,UNKNOWN,UNKNOWN,UNKNOWN,UNKNOWN,UNKNOWN,UNKNOWN,UNKNOWN,UNKNOWN,UNKNOWN,ROBOTS_RULE_ALLOW,False,UNKNOWN,UNKNOWN,UNKNOWN,UNKNOWN,UNKNOWN,REVIEW,UNKNOWN,Candidate only: source/future/stale-build/link evidence is not proof of public availability
https://spinkorea.kr/blog/color-converter-guide#post-summary,https://spinkorea.kr/blog/color-converter-guide,link:https://spinkorea.kr/blog/color-converter-guide,blog,UNKNOWN,UNKNOWN,UNKNOWN,UNKNOWN,UNKNOWN,UNKNOWN,UNKNOWN,UNKNOWN,UNKNOWN,UNKNOWN,ROBOTS_RULE_ALLOW,False,UNKNOWN,UNKNOWN,UNKNOWN,UNKNOWN,UNKNOWN,REVIEW,UNKNOWN,Candidate only: source/future/stale-build/link evidence is not proof of public availability
https://spinkorea.kr/blog/color-psychology,https://spinkorea.kr/blog/color-psychology,post-metadata.generated.json;post-metadata.runtime.generated.json;existing-dist-unverified-build;LIVE_SITEMAP;LIVE_RSS;link:https://spinkorea.kr/blog;LIVE_HTTP,blog,색상 심리학: 색이 감정과 행동에 미치는 영향,src/data/post-metadata.runtime.generated.json,curated;date=2026-05-02,EXISTING_ARTIFACT_NOT_FRESH,200,https://spinkorea.kr/blog/color-psychology,[],https://spinkorea.kr/blog/color-psychology,ABSENT,ABSENT,ROBOTS_RULE_ALLOW,True,True,1,UNKNOWN,SCRIPT_PRESENT;DISPLAY_UNKNOWN,2026-09-19T23:03:13.169629+09:00,REVIEW,http-evidence.json,HTTP observation applies to fetched URL only; fragment variants retained; deployment SHA UNKNOWN
https://spinkorea.kr/blog/color-psychology#post-content,https://spinkorea.kr/blog/color-psychology,link:https://spinkorea.kr/blog/color-psychology,blog,UNKNOWN,UNKNOWN,UNKNOWN,UNKNOWN,UNKNOWN,UNKNOWN,UNKNOWN,UNKNOWN,UNKNOWN,UNKNOWN,ROBOTS_RULE_ALLOW,False,UNKNOWN,UNKNOWN,UNKNOWN,UNKNOWN,UNKNOWN,REVIEW,UNKNOWN,Candidate only: source/future/stale-build/link evidence is not proof of public availability
https://spinkorea.kr/blog/color-psychology#post-related,https://spinkorea.kr/blog/color-psychology,link:https://spinkorea.kr/blog/color-psychology,blog,UNKNOWN,UNKNOWN,UNKNOWN,UNKNOWN,UNKNOWN,UNKNOWN,UNKNOWN,UNKNOWN,UNKNOWN,UNKNOWN,ROBOTS_RULE_ALLOW,False,UNKNOWN,UNKNOWN,UNKNOWN,UNKNOWN,UNKNOWN,REVIEW,UNKNOWN,Candidate only: source/future/stale-build/link evidence is not proof of public availability
https://spinkorea.kr/blog/color-psychology#post-summary,https://spinkorea.kr/blog/color-psychology,link:https://spinkorea.kr/blog/color-psychology,blog,UNKNOWN,UNKNOWN,UNKNOWN,UNKNOWN,UNKNOWN,UNKNOWN,UNKNOWN,UNKNOWN,UNKNOWN,UNKNOWN,ROBOTS_RULE_ALLOW,False,UNKNOWN,UNKNOWN,UNKNOWN,UNKNOWN,UNKNOWN,REVIEW,UNKNOWN,Candidate only: source/future/stale-build/link evidence is not proof of public availability
https://spinkorea.kr/blog/commute-time-summary,https://spinkorea.kr/blog/commute-time-summary,post-metadata.generated.json;post-metadata.runtime.generated.json;content-plan.generated.json;existing-dist-unverified-build,blog,"통근 시간 합계 빠른 정리, 실수 방지까지",src/data/content-plan.generated.json,scheduled;date=2026-06-23T17:00:00+09:00,EXISTING_ARTIFACT_NOT_FRESH,UNKNOWN,UNKNOWN,UNKNOWN,UNKNOWN,UNKNOWN,UNKNOWN,ROBOTS_RULE_ALLOW,False,False,0,UNKNOWN,UNKNOWN,UNKNOWN,REVIEW,UNKNOWN,Candidate only: source/future/stale-build/link evidence is not proof of public availability
https://spinkorea.kr/blog/comparison-copy-rule,https://spinkorea.kr/blog/comparison-copy-rule,post-metadata.generated.json;post-metadata.runtime.generated.json;content-plan.generated.json;existing-dist-unverified-build,blog,"비교 문구 작성 개선 포인트, 문서 기준",src/data/content-plan.generated.json,scheduled;date=2026-07-01T15:00:00+09:00,EXISTING_ARTIFACT_NOT_FRESH,UNKNOWN,UNKNOWN,UNKNOWN,UNKNOWN,UNKNOWN,UNKNOWN,ROBOTS_RULE_ALLOW,False,False,0,UNKNOWN,UNKNOWN,UNKNOWN,REVIEW,UNKNOWN,Candidate only: source/future/stale-build/link evidence is not proof of public availability
https://spinkorea.kr/blog/comparison-table-copy,https://spinkorea.kr/blog/comparison-table-copy,post-metadata.generated.json;post-metadata.runtime.generated.json;content-plan.generated.json;existing-dist-unverified-build,blog,"비교표 문구 비교법, 표현 정리와 가독성",src/data/content-plan.generated.json,scheduled;date=2026-08-10T05:00:00+09:00,EXISTING_ARTIFACT_NOT_FRESH,UNKNOWN,UNKNOWN,UNKNOWN,UNKNOWN,UNKNOWN,UNKNOWN,ROBOTS_RULE_ALLOW,False,False,0,UNKNOWN,UNKNOWN,UNKNOWN,REVIEW,UNKNOWN,Candidate only: source/future/stale-build/link evidence is not proof of public availability
https://spinkorea.kr/blog/compound-interest-memo,https://spinkorea.kr/blog/compound-interest-memo,post-metadata.generated.json;post-metadata.runtime.generated.json;content-plan.generated.json;existing-dist-unverified-build,blog,"복리 계산 메모 비교법, 실수 방지와 입력값 확인",src/data/content-plan.generated.json,scheduled;date=2026-05-14T17:00:00+09:00,EXISTING_ARTIFACT_NOT_FRESH,UNKNOWN,UNKNOWN,UNKNOWN,UNKNOWN,UNKNOWN,UNKNOWN,ROBOTS_RULE_ALLOW,False,False,0,UNKNOWN,UNKNOWN,UNKNOWN,REVIEW,UNKNOWN,Candidate only: source/future/stale-build/link evidence is not proof of public availability
https://spinkorea.kr/blog/content-calendar-gap,https://spinkorea.kr/blog/content-calendar-gap,post-metadata.generated.json;post-metadata.runtime.generated.json;content-plan.generated.json;existing-dist-unverified-build,blog,"콘텐츠 캘린더 공백 실전 흐름, 반복 업무부터",src/data/content-plan.generated.json,scheduled;date=2026-08-28T03:00:00+09:00,EXISTING_ARTIFACT_NOT_FRESH,UNKNOWN,UNKNOWN,UNKNOWN,UNKNOWN,UNKNOWN,UNKNOWN,ROBOTS_RULE_ALLOW,False,False,0,UNKNOWN,UNKNOWN,UNKNOWN,REVIEW,UNKNOWN,Candidate only: source/future/stale-build/link evidence is not proof of public availability
https://spinkorea.kr/blog/content-calendar-review,https://spinkorea.kr/blog/content-calendar-review,post-metadata.generated.json;post-metadata.runtime.generated.json;content-plan.generated.json;existing-dist-unverified-build,blog,"콘텐츠 캘린더 점검, 회의 운영 전에 볼 점",src/data/content-plan.generated.json,scheduled;date=2026-07-12T11:00:00+09:00,EXISTING_ARTIFACT_NOT_FRESH,UNKNOWN,UNKNOWN,UNKNOWN,UNKNOWN,UNKNOWN,UNKNOWN,ROBOTS_RULE_ALLOW,False,False,0,UNKNOWN,UNKNOWN,UNKNOWN,REVIEW,UNKNOWN,Candidate only: source/future/stale-build/link evidence is not proof of public availability
https://spinkorea.kr/blog/content-cannibal-check,https://spinkorea.kr/blog/content-cannibal-check,post-metadata.generated.json;post-metadata.runtime.generated.json;content-plan.generated.json;existing-dist-unverified-build,blog,"키워드 카니발 점검 운영 체크, 메타 설명 반영",src/data/content-plan.generated.json,scheduled;date=2026-07-27T11:00:00+09:00,EXISTING_ARTIFACT_NOT_FRESH,UNKNOWN,UNKNOWN,UNKNOWN,UNKNOWN,UNKNOWN,UNKNOWN,ROBOTS_RULE_ALLOW,False,False,0,UNKNOWN,UNKNOWN,UNKNOWN,REVIEW,UNKNOWN,Candidate only: source/future/stale-build/link evidence is not proof of public availability
https://spinkorea.kr/blog/content-date-sync,https://spinkorea.kr/blog/content-date-sync,post-metadata.generated.json;post-metadata.runtime.generated.json;content-plan.generated.json;existing-dist-unverified-build,blog,"콘텐츠 날짜 동기화 적용 순서, 배포 전 점검 확인",src/data/content-plan.generated.json,scheduled;date=2026-07-09T13:00:00+09:00,EXISTING_ARTIFACT_NOT_FRESH,UNKNOWN,UNKNOWN,UNKNOWN,UNKNOWN,UNKNOWN,UNKNOWN,ROBOTS_RULE_ALLOW,False,False,0,UNKNOWN,UNKNOWN,UNKNOWN,REVIEW,UNKNOWN,Candidate only: source/future/stale-build/link evidence is not proof of public availability
https://spinkorea.kr/blog/content-freeze-window,https://spinkorea.kr/blog/content-freeze-window,post-metadata.generated.json;post-metadata.runtime.generated.json;content-plan.generated.json;existing-dist-unverified-build,blog,"콘텐츠 동결 시간 실행 순서, 결과 기록까지",src/data/content-plan.generated.json,scheduled;date=2026-08-26T16:00:00+09:00,EXISTING_ARTIFACT_NOT_FRESH,UNKNOWN,UNKNOWN,UNKNOWN,UNKNOWN,UNKNOWN,UNKNOWN,ROBOTS_RULE_ALLOW,False,False,0,UNKNOWN,UNKNOWN,UNKNOWN,REVIEW,UNKNOWN,Candidate only: source/future/stale-build/link evidence is not proof of public availability
https://spinkorea.kr/blog/content-hub-structure,https://spinkorea.kr/blog/content-hub-structure,post-metadata.generated.json;post-metadata.runtime.generated.json;content-plan.generated.json;existing-dist-unverified-build,blog,"콘텐츠 허브 구조 실행 순서, 품질 점검까지",src/data/content-plan.generated.json,scheduled;date=2026-07-24T08:00:00+09:00,EXISTING_ARTIFACT_NOT_FRESH,UNKNOWN,UNKNOWN,UNKNOWN,UNKNOWN,UNKNOWN,UNKNOWN,ROBOTS_RULE_ALLOW,False,False,0,UNKNOWN,UNKNOWN,UNKNOWN,REVIEW,UNKNOWN,Candidate only: source/future/stale-build/link evidence is not proof of public availability
https://spinkorea.kr/blog/content-owner-note,https://spinkorea.kr/blog/content-owner-note,post-metadata.generated.json;post-metadata.runtime.generated.json;content-plan.generated.json;existing-dist-unverified-build,blog,"콘텐츠 담당 메모 운영법, 결과 기록 남기기",src/data/content-plan.generated.json,scheduled;date=2026-08-23T08:00:00+09:00,EXISTING_ARTIFACT_NOT_FRESH,UNKNOWN,UNKNOWN,UNKNOWN,UNKNOWN,UNKNOWN,UNKNOWN,ROBOTS_RULE_ALLOW,False,False,0,UNKNOWN,UNKNOWN,UNKNOWN,REVIEW,UNKNOWN,Candidate only: source/future/stale-build/link evidence is not proof of public availability
https://spinkorea.kr/blog/content-qa-kanban,https://spinkorea.kr/blog/content-qa-kanban,post-metadata.generated.json;post-metadata.runtime.generated.json;content-plan.generated.json;existing-dist-unverified-build,blog,콘텐츠 QA 칸반 체크리스트: 회의 운영 핵심,src/data/content-plan.generated.json,scheduled;date=2026-08-22T07:00:00+09:00,EXISTING_ARTIFACT_NOT_FRESH,UNKNOWN,UNKNOWN,UNKNOWN,UNKNOWN,UNKNOWN,UNKNOWN,ROBOTS_RULE_ALLOW,False,False,0,UNKNOWN,UNKNOWN,UNKNOWN,REVIEW,UNKNOWN,Candidate only: source/future/stale-build/link evidence is not proof of public availability
https://spinkorea.kr/blog/content-quality-gate,https://spinkorea.kr/blog/content-quality-gate,post-metadata.generated.json;post-metadata.runtime.generated.json;content-plan.generated.json;existing-dist-unverified-build,blog,"콘텐츠 품질 게이트 검토 순서, 내부 링크 활용",src/data/content-plan.generated.json,scheduled;date=2026-09-06T22:00:00+09:00,EXISTING_ARTIFACT_NOT_FRESH,UNKNOWN,UNKNOWN,UNKNOWN,UNKNOWN,UNKNOWN,UNKNOWN,ROBOTS_RULE_ALLOW,False,False,0,UNKNOWN,UNKNOWN,UNKNOWN,REVIEW,UNKNOWN,Candidate only: source/future/stale-build/link evidence is not proof of public availability
https://spinkorea.kr/blog/content-quality-score,https://spinkorea.kr/blog/content-quality-score,post-metadata.generated.json;post-metadata.runtime.generated.json;content-plan.generated.json;existing-dist-unverified-build,blog,콘텐츠 품질 점수 체크리스트: 사이트맵 핵심,src/data/content-plan.generated.json,scheduled;date=2026-06-12T11:00:00+09:00,EXISTING_ARTIFACT_NOT_FRESH,UNKNOWN,UNKNOWN,UNKNOWN,UNKNOWN,UNKNOWN,UNKNOWN,ROBOTS_RULE_ALLOW,False,False,0,UNKNOWN,UNKNOWN,UNKNOWN,REVIEW,UNKNOWN,Candidate only: source/future/stale-build/link evidence is not proof of public availability
https://spinkorea.kr/blog/content-refresh-note,https://spinkorea.kr/blog/content-refresh-note,post-metadata.generated.json;post-metadata.runtime.generated.json;content-plan.generated.json;existing-dist-unverified-build,blog,"글 업데이트 메모 사례별 정리, 문서 기준 중심",src/data/content-plan.generated.json,scheduled;date=2026-05-26T04:00:00+09:00,EXISTING_ARTIFACT_NOT_FRESH,UNKNOWN,UNKNOWN,UNKNOWN,UNKNOWN,UNKNOWN,UNKNOWN,ROBOTS_RULE_ALLOW,False,False,0,UNKNOWN,UNKNOWN,UNKNOWN,REVIEW,UNKNOWN,Candidate only: source/future/stale-build/link evidence is not proof of public availability
https://spinkorea.kr/blog/content-security-header,https://spinkorea.kr/blog/content-security-header,post-metadata.generated.json;post-metadata.runtime.generated.json;content-plan.generated.json;existing-dist-unverified-build,blog,보안 헤더 확인 FAQ: 검증 절차 답변,src/data/content-plan.generated.json,scheduled;date=2026-05-31T14:00:00+09:00,EXISTING_ARTIFACT_NOT_FRESH,UNKNOWN,UNKNOWN,UNKNOWN,UNKNOWN,UNKNOWN,UNKNOWN,ROBOTS_RULE_ALLOW,False,False,0,UNKNOWN,UNKNOWN,UNKNOWN,REVIEW,UNKNOWN,Candidate only: source/future/stale-build/link evidence is not proof of public availability
https://spinkorea.kr/blog/content-update-signal,https://spinkorea.kr/blog/content-update-signal,post-metadata.generated.json;post-metadata.runtime.generated.json;content-plan.generated.json;existing-dist-unverified-build,blog,"콘텐츠 갱신 신호 실전 흐름, 내부 링크부터",src/data/content-plan.generated.json,scheduled;date=2026-09-05T11:00:00+09:00,EXISTING_ARTIFACT_NOT_FRESH,UNKNOWN,UNKNOWN,UNKNOWN,UNKNOWN,UNKNOWN,UNKNOWN,ROBOTS_RULE_ALLOW,False,False,0,UNKNOWN,UNKNOWN,UNKNOWN,REVIEW,UNKNOWN,Candidate only: source/future/stale-build/link evidence is not proof of public availability
https://spinkorea.kr/blog/context-note-rule,https://spinkorea.kr/blog/context-note-rule,post-metadata.generated.json;post-metadata.runtime.generated.json;content-plan.generated.json;existing-dist-unverified-build,blog,"맥락 메모 기준 사례별 정리, 우선순위 중심",src/data/content-plan.generated.json,scheduled;date=2026-07-15T04:00:00+09:00,EXISTING_ARTIFACT_NOT_FRESH,UNKNOWN,UNKNOWN,UNKNOWN,UNKNOWN,UNKNOWN,UNKNOWN,ROBOTS_RULE_ALLOW,False,False,0,UNKNOWN,UNKNOWN,UNKNOWN,REVIEW,UNKNOWN,Candidate only: source/future/stale-build/link evidence is not proof of public availability
https://spinkorea.kr/blog/context-switch-reduce,https://spinkorea.kr/blog/context-switch-reduce,post-metadata.generated.json;post-metadata.runtime.generated.json;content-plan.generated.json;existing-dist-unverified-build,blog,"업무 전환 줄이기 발행 전 검토, 회의 운영",src/data/content-plan.generated.json,scheduled;date=2026-06-03T17:00:00+09:00,EXISTING_ARTIFACT_NOT_FRESH,UNKNOWN,UNKNOWN,UNKNOWN,UNKNOWN,UNKNOWN,UNKNOWN,ROBOTS_RULE_ALLOW,False,False,0,UNKNOWN,UNKNOWN,UNKNOWN,REVIEW,UNKNOWN,Candidate only: source/future/stale-build/link evidence is not proof of public availability
https://spinkorea.kr/blog/copy-before-share,https://spinkorea.kr/blog/copy-before-share,post-metadata.generated.json;post-metadata.runtime.generated.json;content-plan.generated.json;existing-dist-unverified-build,blog,"공유 전 문서 검토 사례별 정리, 가독성 중심",src/data/content-plan.generated.json,scheduled;date=2026-05-22T00:00:00+09:00,EXISTING_ARTIFACT_NOT_FRESH,UNKNOWN,UNKNOWN,UNKNOWN,UNKNOWN,UNKNOWN,UNKNOWN,ROBOTS_RULE_ALLOW,False,False,0,UNKNOWN,UNKNOWN,UNKNOWN,REVIEW,UNKNOWN,Candidate only: source/future/stale-build/link evidence is not proof of public availability
https://spinkorea.kr/blog/core-web-vitals-note,https://spinkorea.kr/blog/core-web-vitals-note,post-metadata.generated.json;post-metadata.runtime.generated.json;content-plan.generated.json;existing-dist-unverified-build,blog,"코어 웹 바이탈 기록, 검증 절차 먼저 보기",src/data/content-plan.generated.json,scheduled;date=2026-07-11T10:00:00+09:00,EXISTING_ARTIFACT_NOT_FRESH,UNKNOWN,UNKNOWN,UNKNOWN,UNKNOWN,UNKNOWN,UNKNOWN,ROBOTS_RULE_ALLOW,False,False,0,UNKNOWN,UNKNOWN,UNKNOWN,REVIEW,UNKNOWN,Candidate only: source/future/stale-build/link evidence is not proof of public availability
https://spinkorea.kr/blog/crawl-budget-light,https://spinkorea.kr/blog/crawl-budget-light,post-metadata.generated.json;post-metadata.runtime.generated.json;content-plan.generated.json;existing-dist-unverified-build,blog,"크롤링 우선순위 개선 포인트, 검색 의도",src/data/content-plan.generated.json,scheduled;date=2026-06-14T23:00:00+09:00,EXISTING_ARTIFACT_NOT_FRESH,UNKNOWN,UNKNOWN,UNKNOWN,UNKNOWN,UNKNOWN,UNKNOWN,ROBOTS_RULE_ALLOW,False,False,0,UNKNOWN,UNKNOWN,UNKNOWN,REVIEW,UNKNOWN,Candidate only: source/future/stale-build/link evidence is not proof of public availability
https://spinkorea.kr/blog/css-box-shadow-focus-visible,https://spinkorea.kr/blog/css-box-shadow-focus-visible,post-metadata.generated.json;post-metadata.runtime.generated.json;content-plan.generated.json,blog,"box-shadow 포커스, outline 제거 전 체크",src/data/content-plan.generated.json,scheduled;date=2026-10-10T08:00:00+09:00,UNKNOWN,UNKNOWN,UNKNOWN,UNKNOWN,UNKNOWN,UNKNOWN,UNKNOWN,ROBOTS_RULE_ALLOW,False,False,0,UNKNOWN,UNKNOWN,UNKNOWN,REVIEW,UNKNOWN,Candidate only: source/future/stale-build/link evidence is not proof of public availability
https://spinkorea.kr/blog/css-shadow-design,https://spinkorea.kr/blog/css-shadow-design,post-metadata.generated.json;post-metadata.runtime.generated.json;existing-dist-unverified-build;LIVE_SITEMAP;LIVE_RSS;link:https://spinkorea.kr/blog;LIVE_HTTP,blog,CSS box-shadow 마스터하기: 디자이너처럼 그림자 만들기,src/data/post-metadata.runtime.generated.json,curated;date=2026-05-06,EXISTING_ARTIFACT_NOT_FRESH,200,https://spinkorea.kr/blog/css-shadow-design,[],https://spinkorea.kr/blog/css-shadow-design,ABSENT,ABSENT,ROBOTS_RULE_ALLOW,True,True,1,UNKNOWN,SCRIPT_PRESENT;DISPLAY_UNKNOWN,2026-09-19T22:57:15.446915+09:00,REVIEW,http-evidence.json,HTTP observation applies to fetched URL only; fragment variants retained; deployment SHA UNKNOWN
https://spinkorea.kr/blog/css-shadow-design#post-content,https://spinkorea.kr/blog/css-shadow-design,link:https://spinkorea.kr/blog/css-shadow-design,blog,UNKNOWN,UNKNOWN,UNKNOWN,UNKNOWN,UNKNOWN,UNKNOWN,UNKNOWN,UNKNOWN,UNKNOWN,UNKNOWN,ROBOTS_RULE_ALLOW,False,False,1,UNKNOWN,UNKNOWN,UNKNOWN,REVIEW,UNKNOWN,Candidate only: source/future/stale-build/link evidence is not proof of public availability
https://spinkorea.kr/blog/css-shadow-design#post-related,https://spinkorea.kr/blog/css-shadow-design,link:https://spinkorea.kr/blog/css-shadow-design,blog,UNKNOWN,UNKNOWN,UNKNOWN,UNKNOWN,UNKNOWN,UNKNOWN,UNKNOWN,UNKNOWN,UNKNOWN,UNKNOWN,ROBOTS_RULE_ALLOW,False,False,1,UNKNOWN,UNKNOWN,UNKNOWN,REVIEW,UNKNOWN,Candidate only: source/future/stale-build/link evidence is not proof of public availability
https://spinkorea.kr/blog/css-shadow-design#post-summary,https://spinkorea.kr/blog/css-shadow-design,link:https://spinkorea.kr/blog/css-shadow-design,blog,UNKNOWN,UNKNOWN,UNKNOWN,UNKNOWN,UNKNOWN,UNKNOWN,UNKNOWN,UNKNOWN,UNKNOWN,UNKNOWN,ROBOTS_RULE_ALLOW,False,False,1,UNKNOWN,UNKNOWN,UNKNOWN,REVIEW,UNKNOWN,Candidate only: source/future/stale-build/link evidence is not proof of public availability
https://spinkorea.kr/blog/css-shadow-guide,https://spinkorea.kr/blog/css-shadow-guide,post-metadata.generated.json;post-metadata.runtime.generated.json;existing-dist-unverified-build;LIVE_SITEMAP;LIVE_RSS;link:https://spinkorea.kr/blog;LIVE_HTTP,blog,CSS Box Shadow 완벽 가이드: 버튼·카드에 입체감 주는 법,src/data/post-metadata.runtime.generated.json,curated;date=2026-03-12,EXISTING_ARTIFACT_NOT_FRESH,200,https://spinkorea.kr/blog/css-shadow-guide,[],https://spinkorea.kr/blog/css-shadow-guide,ABSENT,ABSENT,ROBOTS_RULE_ALLOW,True,True,1,UNKNOWN,SCRIPT_PRESENT;DISPLAY_UNKNOWN,2026-09-19T22:57:16.626396+09:00,REVIEW,http-evidence.json,HTTP observation applies to fetched URL only; fragment variants retained; deployment SHA UNKNOWN
https://spinkorea.kr/blog/css-shadow-guide#post-content,https://spinkorea.kr/blog/css-shadow-guide,link:https://spinkorea.kr/blog/css-shadow-guide,blog,UNKNOWN,UNKNOWN,UNKNOWN,UNKNOWN,UNKNOWN,UNKNOWN,UNKNOWN,UNKNOWN,UNKNOWN,UNKNOWN,ROBOTS_RULE_ALLOW,False,False,1,UNKNOWN,UNKNOWN,UNKNOWN,REVIEW,UNKNOWN,Candidate only: source/future/stale-build/link evidence is not proof of public availability
https://spinkorea.kr/blog/css-shadow-guide#post-related,https://spinkorea.kr/blog/css-shadow-guide,link:https://spinkorea.kr/blog/css-shadow-guide,blog,UNKNOWN,UNKNOWN,UNKNOWN,UNKNOWN,UNKNOWN,UNKNOWN,UNKNOWN,UNKNOWN,UNKNOWN,UNKNOWN,ROBOTS_RULE_ALLOW,False,False,1,UNKNOWN,UNKNOWN,UNKNOWN,REVIEW,UNKNOWN,Candidate only: source/future/stale-build/link evidence is not proof of public availability
https://spinkorea.kr/blog/css-shadow-guide#post-summary,https://spinkorea.kr/blog/css-shadow-guide,link:https://spinkorea.kr/blog/css-shadow-guide,blog,UNKNOWN,UNKNOWN,UNKNOWN,UNKNOWN,UNKNOWN,UNKNOWN,UNKNOWN,UNKNOWN,UNKNOWN,UNKNOWN,ROBOTS_RULE_ALLOW,False,False,1,UNKNOWN,UNKNOWN,UNKNOWN,REVIEW,UNKNOWN,Candidate only: source/future/stale-build/link evidence is not proof of public availability
https://spinkorea.kr/blog/css-shadow-states,https://spinkorea.kr/blog/css-shadow-states,post-metadata.generated.json;post-metadata.runtime.generated.json;content-plan.generated.json;LIVE_SITEMAP;LIVE_RSS;link:https://spinkorea.kr/blog;LIVE_HTTP,blog,CSS 그림자는 기본·호버·포커스 상태를 함께 설계하세요,src/data/content-plan.generated.json,scheduled;date=2026-09-17T08:00:00+09:00,UNKNOWN,200,https://spinkorea.kr/blog/css-shadow-states,[],https://spinkorea.kr/blog/css-shadow-states,ABSENT,ABSENT,ROBOTS_RULE_ALLOW,True,True,1,UNKNOWN,SCRIPT_PRESENT;DISPLAY_UNKNOWN,2026-09-19T22:57:17.383593+09:00,REVIEW,http-evidence.json,HTTP observation applies to fetched URL only; fragment variants retained; deployment SHA UNKNOWN
https://spinkorea.kr/blog/css-shadow-states#post-content,https://spinkorea.kr/blog/css-shadow-states,link:https://spinkorea.kr/blog/css-shadow-states,blog,UNKNOWN,UNKNOWN,UNKNOWN,UNKNOWN,UNKNOWN,UNKNOWN,UNKNOWN,UNKNOWN,UNKNOWN,UNKNOWN,ROBOTS_RULE_ALLOW,False,False,1,UNKNOWN,UNKNOWN,UNKNOWN,REVIEW,UNKNOWN,Candidate only: source/future/stale-build/link evidence is not proof of public availability
https://spinkorea.kr/blog/css-shadow-states#post-related,https://spinkorea.kr/blog/css-shadow-states,link:https://spinkorea.kr/blog/css-shadow-states,blog,UNKNOWN,UNKNOWN,UNKNOWN,UNKNOWN,UNKNOWN,UNKNOWN,UNKNOWN,UNKNOWN,UNKNOWN,UNKNOWN,ROBOTS_RULE_ALLOW,False,False,1,UNKNOWN,UNKNOWN,UNKNOWN,REVIEW,UNKNOWN,Candidate only: source/future/stale-build/link evidence is not proof of public availability
https://spinkorea.kr/blog/css-shadow-states#post-summary,https://spinkorea.kr/blog/css-shadow-states,link:https://spinkorea.kr/blog/css-shadow-states,blog,UNKNOWN,UNKNOWN,UNKNOWN,UNKNOWN,UNKNOWN,UNKNOWN,UNKNOWN,UNKNOWN,UNKNOWN,UNKNOWN,ROBOTS_RULE_ALLOW,False,False,1,UNKNOWN,UNKNOWN,UNKNOWN,REVIEW,UNKNOWN,Candidate only: source/future/stale-build/link evidence is not proof of public availability
https://spinkorea.kr/blog/cta-button-wording,https://spinkorea.kr/blog/cta-button-wording,post-metadata.generated.json;post-metadata.runtime.generated.json;content-plan.generated.json;existing-dist-unverified-build,blog,"CTA 버튼 문구 선택법, 공유 전 확인과 문서 기준",src/data/content-plan.generated.json,scheduled;date=2026-07-01T20:00:00+09:00,EXISTING_ARTIFACT_NOT_FRESH,UNKNOWN,UNKNOWN,UNKNOWN,UNKNOWN,UNKNOWN,UNKNOWN,ROBOTS_RULE_ALLOW,False,False,0,UNKNOWN,UNKNOWN,UNKNOWN,REVIEW,UNKNOWN,Candidate only: source/future/stale-build/link evidence is not proof of public availability
https://spinkorea.kr/blog/d-day-counter-guide,https://spinkorea.kr/blog/d-day-counter-guide,post-metadata.generated.json;post-metadata.runtime.generated.json;existing-dist-unverified-build;LIVE_SITEMAP;LIVE_RSS;link:https://spinkorea.kr/blog;LIVE_HTTP,blog,D-Day 카운터 활용법: 목표·기념일·마감일 한 눈에 관리,src/data/post-metadata.runtime.generated.json,curated;date=2026-02-22,EXISTING_ARTIFACT_NOT_FRESH,200,https://spinkorea.kr/blog/d-day-counter-guide,[],https://spinkorea.kr/blog/d-day-counter-guide,ABSENT,ABSENT,ROBOTS_RULE_ALLOW,True,True,1,UNKNOWN,SCRIPT_PRESENT;DISPLAY_UNKNOWN,2026-09-19T23:03:13.935707+09:00,REVIEW,http-evidence.json,HTTP observation applies to fetched URL only; fragment variants retained; deployment SHA UNKNOWN
https://spinkorea.kr/blog/d-day-counter-guide#post-content,https://spinkorea.kr/blog/d-day-counter-guide,link:https://spinkorea.kr/blog/d-day-counter-guide,blog,UNKNOWN,UNKNOWN,UNKNOWN,UNKNOWN,UNKNOWN,UNKNOWN,UNKNOWN,UNKNOWN,UNKNOWN,UNKNOWN,ROBOTS_RULE_ALLOW,False,UNKNOWN,UNKNOWN,UNKNOWN,UNKNOWN,UNKNOWN,REVIEW,UNKNOWN,Candidate only: source/future/stale-build/link evidence is not proof of public availability
https://spinkorea.kr/blog/d-day-counter-guide#post-related,https://spinkorea.kr/blog/d-day-counter-guide,link:https://spinkorea.kr/blog/d-day-counter-guide,blog,UNKNOWN,UNKNOWN,UNKNOWN,UNKNOWN,UNKNOWN,UNKNOWN,UNKNOWN,UNKNOWN,UNKNOWN,UNKNOWN,ROBOTS_RULE_ALLOW,False,UNKNOWN,UNKNOWN,UNKNOWN,UNKNOWN,UNKNOWN,REVIEW,UNKNOWN,Candidate only: source/future/stale-build/link evidence is not proof of public availability
https://spinkorea.kr/blog/d-day-counter-guide#post-summary,https://spinkorea.kr/blog/d-day-counter-guide,link:https://spinkorea.kr/blog/d-day-counter-guide,blog,UNKNOWN,UNKNOWN,UNKNOWN,UNKNOWN,UNKNOWN,UNKNOWN,UNKNOWN,UNKNOWN,UNKNOWN,UNKNOWN,ROBOTS_RULE_ALLOW,False,UNKNOWN,UNKNOWN,UNKNOWN,UNKNOWN,UNKNOWN,REVIEW,UNKNOWN,Candidate only: source/future/stale-build/link evidence is not proof of public availability
https://spinkorea.kr/blog/daily-choice-capsule,https://spinkorea.kr/blog/daily-choice-capsule,post-metadata.generated.json;post-metadata.runtime.generated.json;content-plan.generated.json;existing-dist-unverified-build,blog,"하루 선택 캡슐 실행 순서, 결과 기록까지",src/data/content-plan.generated.json,scheduled;date=2026-06-21T00:00:00+09:00,EXISTING_ARTIFACT_NOT_FRESH,UNKNOWN,UNKNOWN,UNKNOWN,UNKNOWN,UNKNOWN,UNKNOWN,ROBOTS_RULE_ALLOW,False,False,0,UNKNOWN,UNKNOWN,UNKNOWN,REVIEW,UNKNOWN,Candidate only: source/future/stale-build/link evidence is not proof of public availability
https://spinkorea.kr/blog/daily-close-routine,https://spinkorea.kr/blog/daily-close-routine,post-metadata.generated.json;post-metadata.runtime.generated.json;content-plan.generated.json;existing-dist-unverified-build,blog,"퇴근 전 정리 루틴 실행 순서, 결과 기록까지",src/data/content-plan.generated.json,scheduled;date=2026-06-04T08:00:00+09:00,EXISTING_ARTIFACT_NOT_FRESH,UNKNOWN,UNKNOWN,UNKNOWN,UNKNOWN,UNKNOWN,UNKNOWN,ROBOTS_RULE_ALLOW,False,False,0,UNKNOWN,UNKNOWN,UNKNOWN,REVIEW,UNKNOWN,Candidate only: source/future/stale-build/link evidence is not proof of public availability
https://spinkorea.kr/blog/daily-kind-goal,https://spinkorea.kr/blog/daily-kind-goal,post-metadata.generated.json;post-metadata.runtime.generated.json;content-plan.generated.json;existing-dist-unverified-build,blog,"친절한 하루 목표 사례별 정리, 루틴 설계 중심",src/data/content-plan.generated.json,scheduled;date=2026-07-23T12:00:00+09:00,EXISTING_ARTIFACT_NOT_FRESH,UNKNOWN,UNKNOWN,UNKNOWN,UNKNOWN,UNKNOWN,UNKNOWN,ROBOTS_RULE_ALLOW,False,False,0,UNKNOWN,UNKNOWN,UNKNOWN,REVIEW,UNKNOWN,Candidate only: source/future/stale-build/link evidence is not proof of public availability
https://spinkorea.kr/blog/daily-metric-note,https://spinkorea.kr/blog/daily-metric-note,post-metadata.generated.json;post-metadata.runtime.generated.json;content-plan.generated.json;existing-dist-unverified-build,blog,"일일 지표 메모 빠른 정리, 집중 시간까지",src/data/content-plan.generated.json,scheduled;date=2026-06-07T01:00:00+09:00,EXISTING_ARTIFACT_NOT_FRESH,UNKNOWN,UNKNOWN,UNKNOWN,UNKNOWN,UNKNOWN,UNKNOWN,ROBOTS_RULE_ALLOW,False,False,0,UNKNOWN,UNKNOWN,UNKNOWN,REVIEW,UNKNOWN,Candidate only: source/future/stale-build/link evidence is not proof of public availability
https://spinkorea.kr/blog/daily-step-average,https://spinkorea.kr/blog/daily-step-average,post-metadata.generated.json;post-metadata.runtime.generated.json;content-plan.generated.json;existing-dist-unverified-build,blog,"걸음 수 평균 적용 순서, 생활 적용 확인",src/data/content-plan.generated.json,scheduled;date=2026-06-27T01:00:00+09:00,EXISTING_ARTIFACT_NOT_FRESH,UNKNOWN,UNKNOWN,UNKNOWN,UNKNOWN,UNKNOWN,UNKNOWN,ROBOTS_RULE_ALLOW,False,False,0,UNKNOWN,UNKNOWN,UNKNOWN,REVIEW,UNKNOWN,Candidate only: source/future/stale-build/link evidence is not proof of public availability
https://spinkorea.kr/blog/daily-writing-quota,https://spinkorea.kr/blog/daily-writing-quota,post-metadata.generated.json;post-metadata.runtime.generated.json;content-plan.generated.json;existing-dist-unverified-build,blog,"일일 글쓰기 분량 판단법, 회의 운영 중심",src/data/content-plan.generated.json,scheduled;date=2026-07-12T21:00:00+09:00,EXISTING_ARTIFACT_NOT_FRESH,UNKNOWN,UNKNOWN,UNKNOWN,UNKNOWN,UNKNOWN,UNKNOWN,ROBOTS_RULE_ALLOW,False,False,0,UNKNOWN,UNKNOWN,UNKNOWN,REVIEW,UNKNOWN,Candidate only: source/future/stale-build/link evidence is not proof of public availability
https://spinkorea.kr/blog/date-calculator-inclusive,https://spinkorea.kr/blog/date-calculator-inclusive,post-metadata.generated.json;post-metadata.runtime.generated.json;content-plan.generated.json,blog,날짜 계산에서 시작일 포함 여부를 먼저 정하기,src/data/content-plan.generated.json,scheduled;date=2026-09-23T08:00:00+09:00,UNKNOWN,UNKNOWN,UNKNOWN,UNKNOWN,UNKNOWN,UNKNOWN,UNKNOWN,ROBOTS_RULE_ALLOW,False,False,0,UNKNOWN,UNKNOWN,UNKNOWN,REVIEW,UNKNOWN,Candidate only: source/future/stale-build/link evidence is not proof of public availability
https://spinkorea.kr/blog/date-course-picker,https://spinkorea.kr/blog/date-course-picker,post-metadata.generated.json;post-metadata.runtime.generated.json;content-plan.generated.json;existing-dist-unverified-build,blog,"데이트 코스 룰렛 적용 순서, 결과 기록 확인",src/data/content-plan.generated.json,scheduled;date=2026-05-08T01:00:00+09:00,EXISTING_ARTIFACT_NOT_FRESH,UNKNOWN,UNKNOWN,UNKNOWN,UNKNOWN,UNKNOWN,UNKNOWN,ROBOTS_RULE_ALLOW,False,False,0,UNKNOWN,UNKNOWN,UNKNOWN,REVIEW,UNKNOWN,Candidate only: source/future/stale-build/link evidence is not proof of public availability
https://spinkorea.kr/blog/daum-submit-note,https://spinkorea.kr/blog/daum-submit-note,post-metadata.generated.json;post-metadata.runtime.generated.json;content-plan.generated.json;existing-dist-unverified-build,blog,"다음 제출 메모, 사이트맵 전에 볼 점",src/data/content-plan.generated.json,scheduled;date=2026-07-24T23:00:00+09:00,EXISTING_ARTIFACT_NOT_FRESH,UNKNOWN,UNKNOWN,UNKNOWN,UNKNOWN,UNKNOWN,UNKNOWN,ROBOTS_RULE_ALLOW,False,False,0,UNKNOWN,UNKNOWN,UNKNOWN,REVIEW,UNKNOWN,Candidate only: source/future/stale-build/link evidence is not proof of public availability
https://spinkorea.kr/blog/dday-100-day-counting,https://spinkorea.kr/blog/dday-100-day-counting,post-metadata.generated.json;post-metadata.runtime.generated.json;content-plan.generated.json,blog,"D-Day 100일과 100일째 날짜가 다른 이유, 시작일 포함해 계산하기",src/data/content-plan.generated.json,scheduled;date=2026-10-24T08:00:00+09:00,UNKNOWN,UNKNOWN,UNKNOWN,UNKNOWN,UNKNOWN,UNKNOWN,UNKNOWN,ROBOTS_RULE_ALLOW,False,False,0,UNKNOWN,UNKNOWN,UNKNOWN,REVIEW,UNKNOWN,Candidate only: source/future/stale-build/link evidence is not proof of public availability
https://spinkorea.kr/blog/dday-calculator-life-hacks,https://spinkorea.kr/blog/dday-calculator-life-hacks,post-metadata.generated.json;post-metadata.runtime.generated.json;existing-dist-unverified-build;LIVE_SITEMAP;LIVE_RSS;link:https://spinkorea.kr/blog;LIVE_HTTP,blog,D-Day 계산기 200% 활용법: 목표 달성의 비밀 무기,src/data/post-metadata.runtime.generated.json,curated;date=2025-12-19,EXISTING_ARTIFACT_NOT_FRESH,200,https://spinkorea.kr/blog/dday-calculator-life-hacks,[],https://spinkorea.kr/blog/dday-calculator-life-hacks,ABSENT,ABSENT,ROBOTS_RULE_ALLOW,True,True,1,UNKNOWN,SCRIPT_PRESENT;DISPLAY_UNKNOWN,2026-09-19T23:03:14.677562+09:00,REVIEW,http-evidence.json,HTTP observation applies to fetched URL only; fragment variants retained; deployment SHA UNKNOWN
https://spinkorea.kr/blog/dday-calculator-life-hacks#post-content,https://spinkorea.kr/blog/dday-calculator-life-hacks,link:https://spinkorea.kr/blog/dday-calculator-life-hacks,blog,UNKNOWN,UNKNOWN,UNKNOWN,UNKNOWN,UNKNOWN,UNKNOWN,UNKNOWN,UNKNOWN,UNKNOWN,UNKNOWN,ROBOTS_RULE_ALLOW,False,UNKNOWN,UNKNOWN,UNKNOWN,UNKNOWN,UNKNOWN,REVIEW,UNKNOWN,Candidate only: source/future/stale-build/link evidence is not proof of public availability
https://spinkorea.kr/blog/dday-calculator-life-hacks#post-related,https://spinkorea.kr/blog/dday-calculator-life-hacks,link:https://spinkorea.kr/blog/dday-calculator-life-hacks,blog,UNKNOWN,UNKNOWN,UNKNOWN,UNKNOWN,UNKNOWN,UNKNOWN,UNKNOWN,UNKNOWN,UNKNOWN,UNKNOWN,ROBOTS_RULE_ALLOW,False,UNKNOWN,UNKNOWN,UNKNOWN,UNKNOWN,UNKNOWN,REVIEW,UNKNOWN,Candidate only: source/future/stale-build/link evidence is not proof of public availability
https://spinkorea.kr/blog/dday-calculator-life-hacks#post-summary,https://spinkorea.kr/blog/dday-calculator-life-hacks,link:https://spinkorea.kr/blog/dday-calculator-life-hacks,blog,UNKNOWN,UNKNOWN,UNKNOWN,UNKNOWN,UNKNOWN,UNKNOWN,UNKNOWN,UNKNOWN,UNKNOWN,UNKNOWN,ROBOTS_RULE_ALLOW,False,UNKNOWN,UNKNOWN,UNKNOWN,UNKNOWN,UNKNOWN,REVIEW,UNKNOWN,Candidate only: source/future/stale-build/link evidence is not proof of public availability
https://spinkorea.kr/blog/dday-life-management,https://spinkorea.kr/blog/dday-life-management,post-metadata.generated.json;post-metadata.runtime.generated.json;existing-dist-unverified-build;LIVE_SITEMAP;LIVE_RSS;link:https://spinkorea.kr/blog;LIVE_HTTP,blog,D-Day 카운터로 인생 관리하기: 중요한 날을 카운트다운으로,src/data/post-metadata.runtime.generated.json,curated;date=2026-05-10,EXISTING_ARTIFACT_NOT_FRESH,200,https://spinkorea.kr/blog/dday-life-management,[],https://spinkorea.kr/blog/dday-life-management,ABSENT,ABSENT,ROBOTS_RULE_ALLOW,True,True,1,UNKNOWN,SCRIPT_PRESENT;DISPLAY_UNKNOWN,2026-09-19T23:03:15.426071+09:00,REVIEW,http-evidence.json,HTTP observation applies to fetched URL only; fragment variants retained; deployment SHA UNKNOWN
https://spinkorea.kr/blog/dday-life-management#post-content,https://spinkorea.kr/blog/dday-life-management,link:https://spinkorea.kr/blog/dday-life-management,blog,UNKNOWN,UNKNOWN,UNKNOWN,UNKNOWN,UNKNOWN,UNKNOWN,UNKNOWN,UNKNOWN,UNKNOWN,UNKNOWN,ROBOTS_RULE_ALLOW,False,UNKNOWN,UNKNOWN,UNKNOWN,UNKNOWN,UNKNOWN,REVIEW,UNKNOWN,Candidate only: source/future/stale-build/link evidence is not proof of public availability
https://spinkorea.kr/blog/dday-life-management#post-related,https://spinkorea.kr/blog/dday-life-management,link:https://spinkorea.kr/blog/dday-life-management,blog,UNKNOWN,UNKNOWN,UNKNOWN,UNKNOWN,UNKNOWN,UNKNOWN,UNKNOWN,UNKNOWN,UNKNOWN,UNKNOWN,ROBOTS_RULE_ALLOW,False,UNKNOWN,UNKNOWN,UNKNOWN,UNKNOWN,UNKNOWN,REVIEW,UNKNOWN,Candidate only: source/future/stale-build/link evidence is not proof of public availability
https://spinkorea.kr/blog/dday-life-management#post-summary,https://spinkorea.kr/blog/dday-life-management,link:https://spinkorea.kr/blog/dday-life-management,blog,UNKNOWN,UNKNOWN,UNKNOWN,UNKNOWN,UNKNOWN,UNKNOWN,UNKNOWN,UNKNOWN,UNKNOWN,UNKNOWN,ROBOTS_RULE_ALLOW,False,UNKNOWN,UNKNOWN,UNKNOWN,UNKNOWN,UNKNOWN,REVIEW,UNKNOWN,Candidate only: source/future/stale-build/link evidence is not proof of public availability
https://spinkorea.kr/blog/deadline-buffer-rule,https://spinkorea.kr/blog/deadline-buffer-rule,post-metadata.generated.json;post-metadata.runtime.generated.json;content-plan.generated.json;existing-dist-unverified-build,blog,"마감 버퍼 설정 판단법, 회의 운영 중심",src/data/content-plan.generated.json,scheduled;date=2026-06-05T09:00:00+09:00,EXISTING_ARTIFACT_NOT_FRESH,UNKNOWN,UNKNOWN,UNKNOWN,UNKNOWN,UNKNOWN,UNKNOWN,ROBOTS_RULE_ALLOW,False,False,0,UNKNOWN,UNKNOWN,UNKNOWN,REVIEW,UNKNOWN,Candidate only: source/future/stale-build/link evidence is not proof of public availability
https://spinkorea.kr/blog/decision-log-habit,https://spinkorea.kr/blog/decision-log-habit,post-metadata.generated.json;post-metadata.runtime.generated.json;content-plan.generated.json;existing-dist-unverified-build,blog,"결정 기록 습관 초보 흐름, 집중 시간 중심",src/data/content-plan.generated.json,scheduled;date=2026-06-02T06:00:00+09:00,EXISTING_ARTIFACT_NOT_FRESH,UNKNOWN,UNKNOWN,UNKNOWN,UNKNOWN,UNKNOWN,UNKNOWN,ROBOTS_RULE_ALLOW,False,False,0,UNKNOWN,UNKNOWN,UNKNOWN,REVIEW,UNKNOWN,Candidate only: source/future/stale-build/link evidence is not proof of public availability
https://spinkorea.kr/blog/decision-log-template,https://spinkorea.kr/blog/decision-log-template,post-metadata.generated.json;post-metadata.runtime.generated.json;content-plan.generated.json;existing-dist-unverified-build,blog,"결정 로그 템플릿 빠른 정리, 집중 시간까지",src/data/content-plan.generated.json,scheduled;date=2026-08-25T05:00:00+09:00,EXISTING_ARTIFACT_NOT_FRESH,UNKNOWN,UNKNOWN,UNKNOWN,UNKNOWN,UNKNOWN,UNKNOWN,ROBOTS_RULE_ALLOW,False,False,0,UNKNOWN,UNKNOWN,UNKNOWN,REVIEW,UNKNOWN,Candidate only: source/future/stale-build/link evidence is not proof of public availability
https://spinkorea.kr/blog/decision-owner-rule,https://spinkorea.kr/blog/decision-owner-rule,post-metadata.generated.json;post-metadata.runtime.generated.json;content-plan.generated.json;existing-dist-unverified-build,blog,"결정권자 표시 사례별 정리, 우선순위 중심",src/data/content-plan.generated.json,scheduled;date=2026-06-07T16:00:00+09:00,EXISTING_ARTIFACT_NOT_FRESH,UNKNOWN,UNKNOWN,UNKNOWN,UNKNOWN,UNKNOWN,UNKNOWN,ROBOTS_RULE_ALLOW,False,False,0,UNKNOWN,UNKNOWN,UNKNOWN,REVIEW,UNKNOWN,Candidate only: source/future/stale-build/link evidence is not proof of public availability
https://spinkorea.kr/blog/decision-template-note,https://spinkorea.kr/blog/decision-template-note,post-metadata.generated.json;post-metadata.runtime.generated.json;content-plan.generated.json;existing-dist-unverified-build,blog,"결정 템플릿 노트 실수 방지, 우선순위 먼저",src/data/content-plan.generated.json,scheduled;date=2026-07-13T12:00:00+09:00,EXISTING_ARTIFACT_NOT_FRESH,UNKNOWN,UNKNOWN,UNKNOWN,UNKNOWN,UNKNOWN,UNKNOWN,ROBOTS_RULE_ALLOW,False,False,0,UNKNOWN,UNKNOWN,UNKNOWN,REVIEW,UNKNOWN,Candidate only: source/future/stale-build/link evidence is not proof of public availability
https://spinkorea.kr/blog/definition-box-copy,https://spinkorea.kr/blog/definition-box-copy,post-metadata.generated.json;post-metadata.runtime.generated.json;content-plan.generated.json;existing-dist-unverified-build,blog,"정의 박스 문구 비교법, 표현 정리와 가독성",src/data/content-plan.generated.json,scheduled;date=2026-07-03T17:00:00+09:00,EXISTING_ARTIFACT_NOT_FRESH,UNKNOWN,UNKNOWN,UNKNOWN,UNKNOWN,UNKNOWN,UNKNOWN,ROBOTS_RULE_ALLOW,False,False,0,UNKNOWN,UNKNOWN,UNKNOWN,REVIEW,UNKNOWN,Candidate only: source/future/stale-build/link evidence is not proof of public availability
https://spinkorea.kr/blog/definition-card-copy,https://spinkorea.kr/blog/definition-card-copy,post-metadata.generated.json;post-metadata.runtime.generated.json;content-plan.generated.json;existing-dist-unverified-build,blog,"정의 카드 문구 검토 순서, 가독성 활용",src/data/content-plan.generated.json,scheduled;date=2026-08-12T22:00:00+09:00,EXISTING_ARTIFACT_NOT_FRESH,UNKNOWN,UNKNOWN,UNKNOWN,UNKNOWN,UNKNOWN,UNKNOWN,ROBOTS_RULE_ALLOW,False,False,0,UNKNOWN,UNKNOWN,UNKNOWN,REVIEW,UNKNOWN,Candidate only: source/future/stale-build/link evidence is not proof of public availability
https://spinkorea.kr/blog/delivery-date-estimate,https://spinkorea.kr/blog/delivery-date-estimate,post-metadata.generated.json;post-metadata.runtime.generated.json;content-plan.generated.json;existing-dist-unverified-build,blog,"배송 예정일 계산, 입력값 확인 먼저 보기",src/data/content-plan.generated.json,scheduled;date=2026-05-14T02:00:00+09:00,EXISTING_ARTIFACT_NOT_FRESH,UNKNOWN,UNKNOWN,UNKNOWN,UNKNOWN,UNKNOWN,UNKNOWN,ROBOTS_RULE_ALLOW,False,False,0,UNKNOWN,UNKNOWN,UNKNOWN,REVIEW,UNKNOWN,Candidate only: source/future/stale-build/link evidence is not proof of public availability
https://spinkorea.kr/blog/delivery-fee-threshold,https://spinkorea.kr/blog/delivery-fee-threshold,post-metadata.generated.json;post-metadata.runtime.generated.json;content-plan.generated.json;existing-dist-unverified-build,blog,"무료배송 기준 사례별 정리, 입력값 확인 중심",src/data/content-plan.generated.json,scheduled;date=2026-06-28T12:00:00+09:00,EXISTING_ARTIFACT_NOT_FRESH,UNKNOWN,UNKNOWN,UNKNOWN,UNKNOWN,UNKNOWN,UNKNOWN,ROBOTS_RULE_ALLOW,False,False,0,UNKNOWN,UNKNOWN,UNKNOWN,REVIEW,UNKNOWN,Candidate only: source/future/stale-build/link evidence is not proof of public availability
https://spinkorea.kr/blog/deploy-log-review,https://spinkorea.kr/blog/deploy-log-review,post-metadata.generated.json;post-metadata.runtime.generated.json;content-plan.generated.json;existing-dist-unverified-build,blog,"배포 로그 읽기 발행 전 검토, 자동화",src/data/content-plan.generated.json,scheduled;date=2026-05-30T13:00:00+09:00,EXISTING_ARTIFACT_NOT_FRESH,UNKNOWN,UNKNOWN,UNKNOWN,UNKNOWN,UNKNOWN,UNKNOWN,ROBOTS_RULE_ALLOW,False,False,0,UNKNOWN,UNKNOWN,UNKNOWN,REVIEW,UNKNOWN,Candidate only: source/future/stale-build/link evidence is not proof of public availability
https://spinkorea.kr/blog/desk-setup-reset,https://spinkorea.kr/blog/desk-setup-reset,post-metadata.generated.json;post-metadata.runtime.generated.json;content-plan.generated.json;existing-dist-unverified-build,blog,"책상 환경 리셋 적용 순서, 자가 점검 확인",src/data/content-plan.generated.json,scheduled;date=2026-08-28T13:00:00+09:00,EXISTING_ARTIFACT_NOT_FRESH,UNKNOWN,UNKNOWN,UNKNOWN,UNKNOWN,UNKNOWN,UNKNOWN,ROBOTS_RULE_ALLOW,False,False,0,UNKNOWN,UNKNOWN,UNKNOWN,REVIEW,UNKNOWN,Candidate only: source/future/stale-build/link evidence is not proof of public availability
https://spinkorea.kr/blog/desk-stretch-break,https://spinkorea.kr/blog/desk-stretch-break,post-metadata.generated.json;post-metadata.runtime.generated.json;content-plan.generated.json;existing-dist-unverified-build,blog,책상 스트레칭 휴식 체크리스트: 무리 없는 기준 핵심,src/data/content-plan.generated.json,scheduled;date=2026-06-08T07:00:00+09:00,EXISTING_ARTIFACT_NOT_FRESH,UNKNOWN,UNKNOWN,UNKNOWN,UNKNOWN,UNKNOWN,UNKNOWN,ROBOTS_RULE_ALLOW,False,False,0,UNKNOWN,UNKNOWN,UNKNOWN,REVIEW,UNKNOWN,Candidate only: source/future/stale-build/link evidence is not proof of public availability
https://spinkorea.kr/blog/developer-tools-collection,https://spinkorea.kr/blog/developer-tools-collection,post-metadata.generated.json;post-metadata.runtime.generated.json;existing-dist-unverified-build;LIVE_SITEMAP;LIVE_RSS;link:https://spinkorea.kr/blog;LIVE_HTTP,blog,개발자·기획자가 매일 쓰는 무료 온라인 도구 7선,src/data/post-metadata.runtime.generated.json,curated;date=2026-04-05,EXISTING_ARTIFACT_NOT_FRESH,200,https://spinkorea.kr/blog/developer-tools-collection,[],https://spinkorea.kr/blog/developer-tools-collection,ABSENT,ABSENT,ROBOTS_RULE_ALLOW,True,True,1,UNKNOWN,SCRIPT_PRESENT;DISPLAY_UNKNOWN,2026-09-19T23:03:16.216176+09:00,REVIEW,http-evidence.json,HTTP observation applies to fetched URL only; fragment variants retained; deployment SHA UNKNOWN
https://spinkorea.kr/blog/developer-tools-collection#post-content,https://spinkorea.kr/blog/developer-tools-collection,link:https://spinkorea.kr/blog/developer-tools-collection,blog,UNKNOWN,UNKNOWN,UNKNOWN,UNKNOWN,UNKNOWN,UNKNOWN,UNKNOWN,UNKNOWN,UNKNOWN,UNKNOWN,ROBOTS_RULE_ALLOW,False,UNKNOWN,UNKNOWN,UNKNOWN,UNKNOWN,UNKNOWN,REVIEW,UNKNOWN,Candidate only: source/future/stale-build/link evidence is not proof of public availability
https://spinkorea.kr/blog/developer-tools-collection#post-related,https://spinkorea.kr/blog/developer-tools-collection,link:https://spinkorea.kr/blog/developer-tools-collection,blog,UNKNOWN,UNKNOWN,UNKNOWN,UNKNOWN,UNKNOWN,UNKNOWN,UNKNOWN,UNKNOWN,UNKNOWN,UNKNOWN,ROBOTS_RULE_ALLOW,False,UNKNOWN,UNKNOWN,UNKNOWN,UNKNOWN,UNKNOWN,REVIEW,UNKNOWN,Candidate only: source/future/stale-build/link evidence is not proof of public availability
https://spinkorea.kr/blog/developer-tools-collection#post-summary,https://spinkorea.kr/blog/developer-tools-collection,link:https://spinkorea.kr/blog/developer-tools-collection,blog,UNKNOWN,UNKNOWN,UNKNOWN,UNKNOWN,UNKNOWN,UNKNOWN,UNKNOWN,UNKNOWN,UNKNOWN,UNKNOWN,ROBOTS_RULE_ALLOW,False,UNKNOWN,UNKNOWN,UNKNOWN,UNKNOWN,UNKNOWN,REVIEW,UNKNOWN,Candidate only: source/future/stale-build/link evidence is not proof of public availability
https://spinkorea.kr/blog/dice-coin-online,https://spinkorea.kr/blog/dice-coin-online,post-metadata.generated.json;post-metadata.runtime.generated.json;existing-dist-unverified-build;LIVE_SITEMAP;LIVE_RSS;link:https://spinkorea.kr/blog;LIVE_HTTP,blog,온라인 주사위·동전 던지기: 실제보다 더 공정한 디지털 랜덤,src/data/post-metadata.runtime.generated.json,curated;date=2026-02-08,EXISTING_ARTIFACT_NOT_FRESH,200,https://spinkorea.kr/blog/dice-coin-online,[],https://spinkorea.kr/blog/dice-coin-online,ABSENT,ABSENT,ROBOTS_RULE_ALLOW,True,True,1,UNKNOWN,SCRIPT_PRESENT;DISPLAY_UNKNOWN,2026-09-19T23:03:16.968910+09:00,REVIEW,http-evidence.json,HTTP observation applies to fetched URL only; fragment variants retained; deployment SHA UNKNOWN
https://spinkorea.kr/blog/dice-coin-online#post-content,https://spinkorea.kr/blog/dice-coin-online,link:https://spinkorea.kr/blog/dice-coin-online,blog,UNKNOWN,UNKNOWN,UNKNOWN,UNKNOWN,UNKNOWN,UNKNOWN,UNKNOWN,UNKNOWN,UNKNOWN,UNKNOWN,ROBOTS_RULE_ALLOW,False,UNKNOWN,UNKNOWN,UNKNOWN,UNKNOWN,UNKNOWN,REVIEW,UNKNOWN,Candidate only: source/future/stale-build/link evidence is not proof of public availability
https://spinkorea.kr/blog/dice-coin-online#post-related,https://spinkorea.kr/blog/dice-coin-online,link:https://spinkorea.kr/blog/dice-coin-online,blog,UNKNOWN,UNKNOWN,UNKNOWN,UNKNOWN,UNKNOWN,UNKNOWN,UNKNOWN,UNKNOWN,UNKNOWN,UNKNOWN,ROBOTS_RULE_ALLOW,False,UNKNOWN,UNKNOWN,UNKNOWN,UNKNOWN,UNKNOWN,REVIEW,UNKNOWN,Candidate only: source/future/stale-build/link evidence is not proof of public availability
https://spinkorea.kr/blog/dice-coin-online#post-summary,https://spinkorea.kr/blog/dice-coin-online,link:https://spinkorea.kr/blog/dice-coin-online,blog,UNKNOWN,UNKNOWN,UNKNOWN,UNKNOWN,UNKNOWN,UNKNOWN,UNKNOWN,UNKNOWN,UNKNOWN,UNKNOWN,ROBOTS_RULE_ALLOW,False,UNKNOWN,UNKNOWN,UNKNOWN,UNKNOWN,UNKNOWN,REVIEW,UNKNOWN,Candidate only: source/future/stale-build/link evidence is not proof of public availability
https://spinkorea.kr/blog/dice-multiple-sum,https://spinkorea.kr/blog/dice-multiple-sum,post-metadata.generated.json;post-metadata.runtime.generated.json;content-plan.generated.json;existing-dist-unverified-build;LIVE_SITEMAP;LIVE_RSS;link:https://spinkorea.kr/blog;LIVE_HTTP,blog,주사위 여러 개 합계로 게임 판정표 만들기,src/data/content-plan.generated.json,scheduled;date=2026-09-09T08:00:00+09:00,EXISTING_ARTIFACT_NOT_FRESH,200,https://spinkorea.kr/blog/dice-multiple-sum,[],https://spinkorea.kr/blog/dice-multiple-sum,ABSENT,ABSENT,ROBOTS_RULE_ALLOW,True,True,1,UNKNOWN,SCRIPT_PRESENT;DISPLAY_UNKNOWN,2026-09-19T23:03:17.813525+09:00,REVIEW,http-evidence.json,HTTP observation applies to fetched URL only; fragment variants retained; deployment SHA UNKNOWN
https://spinkorea.kr/blog/dice-multiple-sum#post-content,https://spinkorea.kr/blog/dice-multiple-sum,link:https://spinkorea.kr/blog/dice-multiple-sum,blog,UNKNOWN,UNKNOWN,UNKNOWN,UNKNOWN,UNKNOWN,UNKNOWN,UNKNOWN,UNKNOWN,UNKNOWN,UNKNOWN,ROBOTS_RULE_ALLOW,False,UNKNOWN,UNKNOWN,UNKNOWN,UNKNOWN,UNKNOWN,REVIEW,UNKNOWN,Candidate only: source/future/stale-build/link evidence is not proof of public availability
https://spinkorea.kr/blog/dice-multiple-sum#post-related,https://spinkorea.kr/blog/dice-multiple-sum,link:https://spinkorea.kr/blog/dice-multiple-sum,blog,UNKNOWN,UNKNOWN,UNKNOWN,UNKNOWN,UNKNOWN,UNKNOWN,UNKNOWN,UNKNOWN,UNKNOWN,UNKNOWN,ROBOTS_RULE_ALLOW,False,UNKNOWN,UNKNOWN,UNKNOWN,UNKNOWN,UNKNOWN,REVIEW,UNKNOWN,Candidate only: source/future/stale-build/link evidence is not proof of public availability
https://spinkorea.kr/blog/dice-multiple-sum#post-summary,https://spinkorea.kr/blog/dice-multiple-sum,link:https://spinkorea.kr/blog/dice-multiple-sum,blog,UNKNOWN,UNKNOWN,UNKNOWN,UNKNOWN,UNKNOWN,UNKNOWN,UNKNOWN,UNKNOWN,UNKNOWN,UNKNOWN,ROBOTS_RULE_ALLOW,False,UNKNOWN,UNKNOWN,UNKNOWN,UNKNOWN,UNKNOWN,REVIEW,UNKNOWN,Candidate only: source/future/stale-build/link evidence is not proof of public availability
https://spinkorea.kr/blog/dice-probability,https://spinkorea.kr/blog/dice-probability,post-metadata.generated.json;post-metadata.runtime.generated.json;existing-dist-unverified-build;LIVE_SITEMAP;LIVE_RSS;link:https://spinkorea.kr/blog;LIVE_HTTP,blog,주사위와 확률: 보드게임 뒤에 숨겨진 수학,src/data/post-metadata.runtime.generated.json,curated;date=2026-05-16,EXISTING_ARTIFACT_NOT_FRESH,200,https://spinkorea.kr/blog/dice-probability,[],https://spinkorea.kr/blog/dice-probability,ABSENT,ABSENT,ROBOTS_RULE_ALLOW,True,True,1,UNKNOWN,SCRIPT_PRESENT;DISPLAY_UNKNOWN,2026-09-19T23:03:18.644489+09:00,REVIEW,http-evidence.json,HTTP observation applies to fetched URL only; fragment variants retained; deployment SHA UNKNOWN
https://spinkorea.kr/blog/dice-probability#post-content,https://spinkorea.kr/blog/dice-probability,link:https://spinkorea.kr/blog/dice-probability,blog,UNKNOWN,UNKNOWN,UNKNOWN,UNKNOWN,UNKNOWN,UNKNOWN,UNKNOWN,UNKNOWN,UNKNOWN,UNKNOWN,ROBOTS_RULE_ALLOW,False,UNKNOWN,UNKNOWN,UNKNOWN,UNKNOWN,UNKNOWN,REVIEW,UNKNOWN,Candidate only: source/future/stale-build/link evidence is not proof of public availability
https://spinkorea.kr/blog/dice-probability#post-related,https://spinkorea.kr/blog/dice-probability,link:https://spinkorea.kr/blog/dice-probability,blog,UNKNOWN,UNKNOWN,UNKNOWN,UNKNOWN,UNKNOWN,UNKNOWN,UNKNOWN,UNKNOWN,UNKNOWN,UNKNOWN,ROBOTS_RULE_ALLOW,False,UNKNOWN,UNKNOWN,UNKNOWN,UNKNOWN,UNKNOWN,REVIEW,UNKNOWN,Candidate only: source/future/stale-build/link evidence is not proof of public availability
https://spinkorea.kr/blog/dice-probability#post-summary,https://spinkorea.kr/blog/dice-probability,link:https://spinkorea.kr/blog/dice-probability,blog,UNKNOWN,UNKNOWN,UNKNOWN,UNKNOWN,UNKNOWN,UNKNOWN,UNKNOWN,UNKNOWN,UNKNOWN,UNKNOWN,ROBOTS_RULE_ALLOW,False,UNKNOWN,UNKNOWN,UNKNOWN,UNKNOWN,UNKNOWN,REVIEW,UNKNOWN,Candidate only: source/future/stale-build/link evidence is not proof of public availability
https://spinkorea.kr/blog/diff-checker-guide,https://spinkorea.kr/blog/diff-checker-guide,post-metadata.generated.json;post-metadata.runtime.generated.json;existing-dist-unverified-build;LIVE_SITEMAP;LIVE_RSS;link:https://spinkorea.kr/blog;LIVE_HTTP,blog,Diff 비교 도구 활용법: 코드·문서 변경점을 한눈에 파악,src/data/post-metadata.runtime.generated.json,curated;date=2026-03-18,EXISTING_ARTIFACT_NOT_FRESH,200,https://spinkorea.kr/blog/diff-checker-guide,[],https://spinkorea.kr/blog/diff-checker-guide,ABSENT,ABSENT,ROBOTS_RULE_ALLOW,True,True,1,UNKNOWN,SCRIPT_PRESENT;DISPLAY_UNKNOWN,2026-09-19T23:03:19.418691+09:00,REVIEW,http-evidence.json,HTTP observation applies to fetched URL only; fragment variants retained; deployment SHA UNKNOWN
https://spinkorea.kr/blog/diff-checker-guide#post-content,https://spinkorea.kr/blog/diff-checker-guide,link:https://spinkorea.kr/blog/diff-checker-guide,blog,UNKNOWN,UNKNOWN,UNKNOWN,UNKNOWN,UNKNOWN,UNKNOWN,UNKNOWN,UNKNOWN,UNKNOWN,UNKNOWN,ROBOTS_RULE_ALLOW,False,UNKNOWN,UNKNOWN,UNKNOWN,UNKNOWN,UNKNOWN,REVIEW,UNKNOWN,Candidate only: source/future/stale-build/link evidence is not proof of public availability
https://spinkorea.kr/blog/diff-checker-guide#post-related,https://spinkorea.kr/blog/diff-checker-guide,link:https://spinkorea.kr/blog/diff-checker-guide,blog,UNKNOWN,UNKNOWN,UNKNOWN,UNKNOWN,UNKNOWN,UNKNOWN,UNKNOWN,UNKNOWN,UNKNOWN,UNKNOWN,ROBOTS_RULE_ALLOW,False,UNKNOWN,UNKNOWN,UNKNOWN,UNKNOWN,UNKNOWN,REVIEW,UNKNOWN,Candidate only: source/future/stale-build/link evidence is not proof of public availability
https://spinkorea.kr/blog/diff-checker-guide#post-summary,https://spinkorea.kr/blog/diff-checker-guide,link:https://spinkorea.kr/blog/diff-checker-guide,blog,UNKNOWN,UNKNOWN,UNKNOWN,UNKNOWN,UNKNOWN,UNKNOWN,UNKNOWN,UNKNOWN,UNKNOWN,UNKNOWN,ROBOTS_RULE_ALLOW,False,UNKNOWN,UNKNOWN,UNKNOWN,UNKNOWN,UNKNOWN,REVIEW,UNKNOWN,Candidate only: source/future/stale-build/link evidence is not proof of public availability
https://spinkorea.kr/blog/diff-crlf-lf-line-ending,https://spinkorea.kr/blog/diff-crlf-lf-line-ending,post-metadata.generated.json;post-metadata.runtime.generated.json;content-plan.generated.json,blog,Diff에서 파일 전체가 바뀌어 보일 때 CRLF와 LF 확인하기,src/data/content-plan.generated.json,scheduled;date=2026-10-16T08:00:00+09:00,UNKNOWN,UNKNOWN,UNKNOWN,UNKNOWN,UNKNOWN,UNKNOWN,UNKNOWN,ROBOTS_RULE_ALLOW,False,False,0,UNKNOWN,UNKNOWN,UNKNOWN,REVIEW,UNKNOWN,Candidate only: source/future/stale-build/link evidence is not proof of public availability
https://spinkorea.kr/blog/diff-whitespace-review,https://spinkorea.kr/blog/diff-whitespace-review,post-metadata.generated.json;post-metadata.runtime.generated.json;content-plan.generated.json;LIVE_SITEMAP;LIVE_RSS;link:https://spinkorea.kr/blog;LIVE_HTTP,blog,문서 비교에서 공백 차이와 내용 수정을 분리해서 읽기,src/data/content-plan.generated.json,scheduled;date=2026-09-15T08:00:00+09:00,UNKNOWN,200,https://spinkorea.kr/blog/diff-whitespace-review,[],https://spinkorea.kr/blog/diff-whitespace-review,ABSENT,ABSENT,ROBOTS_RULE_ALLOW,True,True,1,UNKNOWN,SCRIPT_PRESENT;DISPLAY_UNKNOWN,2026-09-19T23:03:20.203978+09:00,REVIEW,http-evidence.json,HTTP observation applies to fetched URL only; fragment variants retained; deployment SHA UNKNOWN
https://spinkorea.kr/blog/diff-whitespace-review#post-content,https://spinkorea.kr/blog/diff-whitespace-review,link:https://spinkorea.kr/blog/diff-whitespace-review,blog,UNKNOWN,UNKNOWN,UNKNOWN,UNKNOWN,UNKNOWN,UNKNOWN,UNKNOWN,UNKNOWN,UNKNOWN,UNKNOWN,ROBOTS_RULE_ALLOW,False,UNKNOWN,UNKNOWN,UNKNOWN,UNKNOWN,UNKNOWN,REVIEW,UNKNOWN,Candidate only: source/future/stale-build/link evidence is not proof of public availability
https://spinkorea.kr/blog/diff-whitespace-review#post-related,https://spinkorea.kr/blog/diff-whitespace-review,link:https://spinkorea.kr/blog/diff-whitespace-review,blog,UNKNOWN,UNKNOWN,UNKNOWN,UNKNOWN,UNKNOWN,UNKNOWN,UNKNOWN,UNKNOWN,UNKNOWN,UNKNOWN,ROBOTS_RULE_ALLOW,False,UNKNOWN,UNKNOWN,UNKNOWN,UNKNOWN,UNKNOWN,REVIEW,UNKNOWN,Candidate only: source/future/stale-build/link evidence is not proof of public availability
https://spinkorea.kr/blog/diff-whitespace-review#post-summary,https://spinkorea.kr/blog/diff-whitespace-review,link:https://spinkorea.kr/blog/diff-whitespace-review,blog,UNKNOWN,UNKNOWN,UNKNOWN,UNKNOWN,UNKNOWN,UNKNOWN,UNKNOWN,UNKNOWN,UNKNOWN,UNKNOWN,ROBOTS_RULE_ALLOW,False,UNKNOWN,UNKNOWN,UNKNOWN,UNKNOWN,UNKNOWN,REVIEW,UNKNOWN,Candidate only: source/future/stale-build/link evidence is not proof of public availability
https://spinkorea.kr/blog/digital-declutter-step,https://spinkorea.kr/blog/digital-declutter-step,post-metadata.generated.json;post-metadata.runtime.generated.json;content-plan.generated.json;existing-dist-unverified-build,blog,"디지털 정리 습관 사례별 정리, 루틴 설계 중심",src/data/content-plan.generated.json,scheduled;date=2026-06-11T20:00:00+09:00,EXISTING_ARTIFACT_NOT_FRESH,UNKNOWN,UNKNOWN,UNKNOWN,UNKNOWN,UNKNOWN,UNKNOWN,ROBOTS_RULE_ALLOW,False,False,0,UNKNOWN,UNKNOWN,UNKNOWN,REVIEW,UNKNOWN,Candidate only: source/future/stale-build/link evidence is not proof of public availability
https://spinkorea.kr/blog/digital-minimalism,https://spinkorea.kr/blog/digital-minimalism,post-metadata.generated.json;post-metadata.runtime.generated.json;existing-dist-unverified-build;LIVE_SITEMAP;LIVE_RSS;link:https://spinkorea.kr/blog;LIVE_HTTP,blog,디지털 미니멀리즘: 앱 정리로 집중력 되찾기,src/data/post-metadata.runtime.generated.json,curated;date=2026-04-19,EXISTING_ARTIFACT_NOT_FRESH,200,https://spinkorea.kr/blog/digital-minimalism,[],https://spinkorea.kr/blog/digital-minimalism,ABSENT,ABSENT,ROBOTS_RULE_ALLOW,True,True,1,UNKNOWN,SCRIPT_PRESENT;DISPLAY_UNKNOWN,2026-09-19T23:03:20.975393+09:00,REVIEW,http-evidence.json,HTTP observation applies to fetched URL only; fragment variants retained; deployment SHA UNKNOWN
https://spinkorea.kr/blog/digital-minimalism#post-content,https://spinkorea.kr/blog/digital-minimalism,link:https://spinkorea.kr/blog/digital-minimalism,blog,UNKNOWN,UNKNOWN,UNKNOWN,UNKNOWN,UNKNOWN,UNKNOWN,UNKNOWN,UNKNOWN,UNKNOWN,UNKNOWN,ROBOTS_RULE_ALLOW,False,UNKNOWN,UNKNOWN,UNKNOWN,UNKNOWN,UNKNOWN,REVIEW,UNKNOWN,Candidate only: source/future/stale-build/link evidence is not proof of public availability
https://spinkorea.kr/blog/digital-minimalism#post-related,https://spinkorea.kr/blog/digital-minimalism,link:https://spinkorea.kr/blog/digital-minimalism,blog,UNKNOWN,UNKNOWN,UNKNOWN,UNKNOWN,UNKNOWN,UNKNOWN,UNKNOWN,UNKNOWN,UNKNOWN,UNKNOWN,ROBOTS_RULE_ALLOW,False,UNKNOWN,UNKNOWN,UNKNOWN,UNKNOWN,UNKNOWN,REVIEW,UNKNOWN,Candidate only: source/future/stale-build/link evidence is not proof of public availability
https://spinkorea.kr/blog/digital-minimalism#post-summary,https://spinkorea.kr/blog/digital-minimalism,link:https://spinkorea.kr/blog/digital-minimalism,blog,UNKNOWN,UNKNOWN,UNKNOWN,UNKNOWN,UNKNOWN,UNKNOWN,UNKNOWN,UNKNOWN,UNKNOWN,UNKNOWN,ROBOTS_RULE_ALLOW,False,UNKNOWN,UNKNOWN,UNKNOWN,UNKNOWN,UNKNOWN,REVIEW,UNKNOWN,Candidate only: source/future/stale-build/link evidence is not proof of public availability
https://spinkorea.kr/blog/digital-nomad-tools,https://spinkorea.kr/blog/digital-nomad-tools,post-metadata.generated.json;post-metadata.runtime.generated.json;existing-dist-unverified-build;LIVE_SITEMAP;LIVE_RSS;link:https://spinkorea.kr/blog;LIVE_HTTP,blog,디지털 노마드의 생산성 도구 모음: 어디서든 일하는 법,src/data/post-metadata.runtime.generated.json,curated;date=2026-05-23,EXISTING_ARTIFACT_NOT_FRESH,200,https://spinkorea.kr/blog/digital-nomad-tools,[],https://spinkorea.kr/blog/digital-nomad-tools,ABSENT,ABSENT,ROBOTS_RULE_ALLOW,True,True,1,UNKNOWN,SCRIPT_PRESENT;DISPLAY_UNKNOWN,2026-09-19T23:03:21.727356+09:00,REVIEW,http-evidence.json,HTTP observation applies to fetched URL only; fragment variants retained; deployment SHA UNKNOWN
https://spinkorea.kr/blog/digital-nomad-tools#post-content,https://spinkorea.kr/blog/digital-nomad-tools,link:https://spinkorea.kr/blog/digital-nomad-tools,blog,UNKNOWN,UNKNOWN,UNKNOWN,UNKNOWN,UNKNOWN,UNKNOWN,UNKNOWN,UNKNOWN,UNKNOWN,UNKNOWN,ROBOTS_RULE_ALLOW,False,UNKNOWN,UNKNOWN,UNKNOWN,UNKNOWN,UNKNOWN,REVIEW,UNKNOWN,Candidate only: source/future/stale-build/link evidence is not proof of public availability
https://spinkorea.kr/blog/digital-nomad-tools#post-related,https://spinkorea.kr/blog/digital-nomad-tools,link:https://spinkorea.kr/blog/digital-nomad-tools,blog,UNKNOWN,UNKNOWN,UNKNOWN,UNKNOWN,UNKNOWN,UNKNOWN,UNKNOWN,UNKNOWN,UNKNOWN,UNKNOWN,ROBOTS_RULE_ALLOW,False,UNKNOWN,UNKNOWN,UNKNOWN,UNKNOWN,UNKNOWN,REVIEW,UNKNOWN,Candidate only: source/future/stale-build/link evidence is not proof of public availability
https://spinkorea.kr/blog/digital-nomad-tools#post-summary,https://spinkorea.kr/blog/digital-nomad-tools,link:https://spinkorea.kr/blog/digital-nomad-tools,blog,UNKNOWN,UNKNOWN,UNKNOWN,UNKNOWN,UNKNOWN,UNKNOWN,UNKNOWN,UNKNOWN,UNKNOWN,UNKNOWN,ROBOTS_RULE_ALLOW,False,UNKNOWN,UNKNOWN,UNKNOWN,UNKNOWN,UNKNOWN,REVIEW,UNKNOWN,Candidate only: source/future/stale-build/link evidence is not proof of public availability
https://spinkorea.kr/blog/digital-rest-window,https://spinkorea.kr/blog/digital-rest-window,post-metadata.generated.json;post-metadata.runtime.generated.json;content-plan.generated.json;existing-dist-unverified-build,blog,"디지털 휴식 창 판단법, 무리 없는 기준 중심",src/data/content-plan.generated.json,scheduled;date=2026-08-31T21:00:00+09:00,EXISTING_ARTIFACT_NOT_FRESH,UNKNOWN,UNKNOWN,UNKNOWN,UNKNOWN,UNKNOWN,UNKNOWN,ROBOTS_RULE_ALLOW,False,False,0,UNKNOWN,UNKNOWN,UNKNOWN,REVIEW,UNKNOWN,Candidate only: source/future/stale-build/link evidence is not proof of public availability
https://spinkorea.kr/blog/digital-sunset-rule,https://spinkorea.kr/blog/digital-sunset-rule,post-metadata.generated.json;post-metadata.runtime.generated.json;content-plan.generated.json;existing-dist-unverified-build,blog,"디지털 종료 시간 비교법, 생활 적용과 기록 습관",src/data/content-plan.generated.json,scheduled;date=2026-07-20T09:00:00+09:00,EXISTING_ARTIFACT_NOT_FRESH,UNKNOWN,UNKNOWN,UNKNOWN,UNKNOWN,UNKNOWN,UNKNOWN,ROBOTS_RULE_ALLOW,False,False,0,UNKNOWN,UNKNOWN,UNKNOWN,REVIEW,UNKNOWN,Candidate only: source/future/stale-build/link evidence is not proof of public availability
https://spinkorea.kr/blog/digital-wellbeing-tips,https://spinkorea.kr/blog/digital-wellbeing-tips,post-metadata.generated.json;post-metadata.runtime.generated.json;existing-dist-unverified-build;LIVE_SITEMAP;LIVE_RSS;link:https://spinkorea.kr/blog;LIVE_HTTP,blog,디지털 웰빙: 스마트폰과 건강하게 공존하는 7가지 방법,src/data/post-metadata.runtime.generated.json,curated;date=2025-12-16,EXISTING_ARTIFACT_NOT_FRESH,200,https://spinkorea.kr/blog/digital-wellbeing-tips,[],https://spinkorea.kr/blog/digital-wellbeing-tips,ABSENT,ABSENT,ROBOTS_RULE_ALLOW,True,True,1,UNKNOWN,SCRIPT_PRESENT;DISPLAY_UNKNOWN,2026-09-19T23:03:22.557414+09:00,REVIEW,http-evidence.json,HTTP observation applies to fetched URL only; fragment variants retained; deployment SHA UNKNOWN
https://spinkorea.kr/blog/digital-wellbeing-tips#post-content,https://spinkorea.kr/blog/digital-wellbeing-tips,link:https://spinkorea.kr/blog/digital-wellbeing-tips,blog,UNKNOWN,UNKNOWN,UNKNOWN,UNKNOWN,UNKNOWN,UNKNOWN,UNKNOWN,UNKNOWN,UNKNOWN,UNKNOWN,ROBOTS_RULE_ALLOW,False,UNKNOWN,UNKNOWN,UNKNOWN,UNKNOWN,UNKNOWN,REVIEW,UNKNOWN,Candidate only: source/future/stale-build/link evidence is not proof of public availability
https://spinkorea.kr/blog/digital-wellbeing-tips#post-related,https://spinkorea.kr/blog/digital-wellbeing-tips,link:https://spinkorea.kr/blog/digital-wellbeing-tips,blog,UNKNOWN,UNKNOWN,UNKNOWN,UNKNOWN,UNKNOWN,UNKNOWN,UNKNOWN,UNKNOWN,UNKNOWN,UNKNOWN,ROBOTS_RULE_ALLOW,False,UNKNOWN,UNKNOWN,UNKNOWN,UNKNOWN,UNKNOWN,REVIEW,UNKNOWN,Candidate only: source/future/stale-build/link evidence is not proof of public availability
https://spinkorea.kr/blog/digital-wellbeing-tips#post-summary,https://spinkorea.kr/blog/digital-wellbeing-tips,link:https://spinkorea.kr/blog/digital-wellbeing-tips,blog,UNKNOWN,UNKNOWN,UNKNOWN,UNKNOWN,UNKNOWN,UNKNOWN,UNKNOWN,UNKNOWN,UNKNOWN,UNKNOWN,ROBOTS_RULE_ALLOW,False,UNKNOWN,UNKNOWN,UNKNOWN,UNKNOWN,UNKNOWN,REVIEW,UNKNOWN,Candidate only: source/future/stale-build/link evidence is not proof of public availability
https://spinkorea.kr/blog/dinner-menu-wheel,https://spinkorea.kr/blog/dinner-menu-wheel,post-metadata.generated.json;post-metadata.runtime.generated.json;content-plan.generated.json;existing-dist-unverified-build,blog,"저녁 메뉴 룰렛 실행 순서, 결과 기록까지",src/data/content-plan.generated.json,scheduled;date=2026-05-10T08:00:00+09:00,EXISTING_ARTIFACT_NOT_FRESH,UNKNOWN,UNKNOWN,UNKNOWN,UNKNOWN,UNKNOWN,UNKNOWN,ROBOTS_RULE_ALLOW,False,False,0,UNKNOWN,UNKNOWN,UNKNOWN,REVIEW,UNKNOWN,Candidate only: source/future/stale-build/link evidence is not proof of public availability
https://spinkorea.kr/blog/dinner-place-selection,https://spinkorea.kr/blog/dinner-place-selection,post-metadata.generated.json;post-metadata.runtime.generated.json;content-plan.generated.json;existing-dist-unverified-build,blog,"회식 장소 랜덤 선택 실전 흐름, 중복 방지부터",src/data/content-plan.generated.json,scheduled;date=2026-05-07T15:00:00+09:00,EXISTING_ARTIFACT_NOT_FRESH,UNKNOWN,UNKNOWN,UNKNOWN,UNKNOWN,UNKNOWN,UNKNOWN,ROBOTS_RULE_ALLOW,False,False,0,UNKNOWN,UNKNOWN,UNKNOWN,REVIEW,UNKNOWN,Candidate only: source/future/stale-build/link evidence is not proof of public availability
https://spinkorea.kr/blog/discount-rate-check,https://spinkorea.kr/blog/discount-rate-check,post-metadata.generated.json;post-metadata.runtime.generated.json;content-plan.generated.json;existing-dist-unverified-build,blog,"할인율 계산 실수 빠른 정리, 입력값 확인까지",src/data/content-plan.generated.json,scheduled;date=2026-05-13T01:00:00+09:00,EXISTING_ARTIFACT_NOT_FRESH,UNKNOWN,UNKNOWN,UNKNOWN,UNKNOWN,UNKNOWN,UNKNOWN,ROBOTS_RULE_ALLOW,False,False,0,UNKNOWN,UNKNOWN,UNKNOWN,REVIEW,UNKNOWN,Candidate only: source/future/stale-build/link evidence is not proof of public availability
https://spinkorea.kr/blog/dist-asset-review,https://spinkorea.kr/blog/dist-asset-review,post-metadata.generated.json;post-metadata.runtime.generated.json;content-plan.generated.json;existing-dist-unverified-build,blog,"dist 산출물 점검 사례별 정리, 검증 절차 중심",src/data/content-plan.generated.json,scheduled;date=2026-08-21T16:00:00+09:00,EXISTING_ARTIFACT_NOT_FRESH,UNKNOWN,UNKNOWN,UNKNOWN,UNKNOWN,UNKNOWN,UNKNOWN,ROBOTS_RULE_ALLOW,False,False,0,UNKNOWN,UNKNOWN,UNKNOWN,REVIEW,UNKNOWN,Candidate only: source/future/stale-build/link evidence is not proof of public availability
https://spinkorea.kr/blog/document-version-note,https://spinkorea.kr/blog/document-version-note,post-metadata.generated.json;post-metadata.runtime.generated.json;content-plan.generated.json;existing-dist-unverified-build,blog,"문서 버전 기록 실수 방지, 가독성 먼저",src/data/content-plan.generated.json,scheduled;date=2026-05-24T12:00:00+09:00,EXISTING_ARTIFACT_NOT_FRESH,UNKNOWN,UNKNOWN,UNKNOWN,UNKNOWN,UNKNOWN,UNKNOWN,ROBOTS_RULE_ALLOW,False,False,0,UNKNOWN,UNKNOWN,UNKNOWN,REVIEW,UNKNOWN,Candidate only: source/future/stale-build/link evidence is not proof of public availability
https://spinkorea.kr/blog/draft-freeze-rule,https://spinkorea.kr/blog/draft-freeze-rule,post-metadata.generated.json;post-metadata.runtime.generated.json;content-plan.generated.json;existing-dist-unverified-build,blog,"초안 동결 기준 판단법, 회의 운영 중심",src/data/content-plan.generated.json,scheduled;date=2026-08-23T13:00:00+09:00,EXISTING_ARTIFACT_NOT_FRESH,UNKNOWN,UNKNOWN,UNKNOWN,UNKNOWN,UNKNOWN,UNKNOWN,ROBOTS_RULE_ALLOW,False,False,0,UNKNOWN,UNKNOWN,UNKNOWN,REVIEW,UNKNOWN,Candidate only: source/future/stale-build/link evidence is not proof of public availability
https://spinkorea.kr/blog/draw-audit-log-sheet,https://spinkorea.kr/blog/draw-audit-log-sheet,post-metadata.generated.json;post-metadata.runtime.generated.json;content-plan.generated.json;existing-dist-unverified-build,blog,"추첨 감사 로그, 공정성 먼저 보기",src/data/content-plan.generated.json,scheduled;date=2026-07-28T02:00:00+09:00,EXISTING_ARTIFACT_NOT_FRESH,UNKNOWN,UNKNOWN,UNKNOWN,UNKNOWN,UNKNOWN,UNKNOWN,ROBOTS_RULE_ALLOW,False,False,0,UNKNOWN,UNKNOWN,UNKNOWN,REVIEW,UNKNOWN,Candidate only: source/future/stale-build/link evidence is not proof of public availability
https://spinkorea.kr/blog/draw-candidate-freeze,https://spinkorea.kr/blog/draw-candidate-freeze,post-metadata.generated.json;post-metadata.runtime.generated.json;content-plan.generated.json;existing-dist-unverified-build,blog,"추첨 후보 확정 상황별 표, 결과 기록",src/data/content-plan.generated.json,scheduled;date=2026-07-29T18:00:00+09:00,EXISTING_ARTIFACT_NOT_FRESH,UNKNOWN,UNKNOWN,UNKNOWN,UNKNOWN,UNKNOWN,UNKNOWN,ROBOTS_RULE_ALLOW,False,False,0,UNKNOWN,UNKNOWN,UNKNOWN,REVIEW,UNKNOWN,Candidate only: source/future/stale-build/link evidence is not proof of public availability
https://spinkorea.kr/blog/draw-exclusion-rule,https://spinkorea.kr/blog/draw-exclusion-rule,post-metadata.generated.json;post-metadata.runtime.generated.json;content-plan.generated.json;existing-dist-unverified-build,blog,"추첨 제외 기준 초보 흐름, 확률 설정 중심",src/data/content-plan.generated.json,scheduled;date=2026-07-30T14:00:00+09:00,EXISTING_ARTIFACT_NOT_FRESH,UNKNOWN,UNKNOWN,UNKNOWN,UNKNOWN,UNKNOWN,UNKNOWN,ROBOTS_RULE_ALLOW,False,False,0,UNKNOWN,UNKNOWN,UNKNOWN,REVIEW,UNKNOWN,Candidate only: source/future/stale-build/link evidence is not proof of public availability
https://spinkorea.kr/blog/draw-participant-consent,https://spinkorea.kr/blog/draw-participant-consent,post-metadata.generated.json;post-metadata.runtime.generated.json;content-plan.generated.json;existing-dist-unverified-build,blog,"추첨 참여 동의 실전 흐름, 중복 방지부터",src/data/content-plan.generated.json,scheduled;date=2026-06-22T11:00:00+09:00,EXISTING_ARTIFACT_NOT_FRESH,UNKNOWN,UNKNOWN,UNKNOWN,UNKNOWN,UNKNOWN,UNKNOWN,ROBOTS_RULE_ALLOW,False,False,0,UNKNOWN,UNKNOWN,UNKNOWN,REVIEW,UNKNOWN,Candidate only: source/future/stale-build/link evidence is not proof of public availability
https://spinkorea.kr/blog/draw-replay-note,https://spinkorea.kr/blog/draw-replay-note,post-metadata.generated.json;post-metadata.runtime.generated.json;content-plan.generated.json;existing-dist-unverified-build,blog,"추첨 재현 메모, 참가자 목록 전에 볼 점",src/data/content-plan.generated.json,scheduled;date=2026-08-02T07:00:00+09:00,EXISTING_ARTIFACT_NOT_FRESH,UNKNOWN,UNKNOWN,UNKNOWN,UNKNOWN,UNKNOWN,UNKNOWN,ROBOTS_RULE_ALLOW,False,False,0,UNKNOWN,UNKNOWN,UNKNOWN,REVIEW,UNKNOWN,Candidate only: source/future/stale-build/link evidence is not proof of public availability
https://spinkorea.kr/blog/draw-result-csv,https://spinkorea.kr/blog/draw-result-csv,post-metadata.generated.json;post-metadata.runtime.generated.json;content-plan.generated.json;existing-dist-unverified-build,blog,"추첨 결과 CSV 빠른 정리, 확률 설정까지",src/data/content-plan.generated.json,scheduled;date=2026-07-31T05:00:00+09:00,EXISTING_ARTIFACT_NOT_FRESH,UNKNOWN,UNKNOWN,UNKNOWN,UNKNOWN,UNKNOWN,UNKNOWN,ROBOTS_RULE_ALLOW,False,False,0,UNKNOWN,UNKNOWN,UNKNOWN,REVIEW,UNKNOWN,Candidate only: source/future/stale-build/link evidence is not proof of public availability
https://spinkorea.kr/blog/draw-result-retention,https://spinkorea.kr/blog/draw-result-retention,post-metadata.generated.json;post-metadata.runtime.generated.json;content-plan.generated.json;existing-dist-unverified-build,blog,"추첨 결과 보관 기간, 공정성 먼저 보기",src/data/content-plan.generated.json,scheduled;date=2026-08-01T06:00:00+09:00,EXISTING_ARTIFACT_NOT_FRESH,UNKNOWN,UNKNOWN,UNKNOWN,UNKNOWN,UNKNOWN,UNKNOWN,ROBOTS_RULE_ALLOW,False,False,0,UNKNOWN,UNKNOWN,UNKNOWN,REVIEW,UNKNOWN,Candidate only: source/future/stale-build/link evidence is not proof of public availability
https://spinkorea.kr/blog/draw-result-share,https://spinkorea.kr/blog/draw-result-share,post-metadata.generated.json;post-metadata.runtime.generated.json;content-plan.generated.json;existing-dist-unverified-build,blog,"추첨 결과 공유 빠른 정리, 확률 설정까지",src/data/content-plan.generated.json,scheduled;date=2026-06-19T13:00:00+09:00,EXISTING_ARTIFACT_NOT_FRESH,UNKNOWN,UNKNOWN,UNKNOWN,UNKNOWN,UNKNOWN,UNKNOWN,ROBOTS_RULE_ALLOW,False,False,0,UNKNOWN,UNKNOWN,UNKNOWN,REVIEW,UNKNOWN,Candidate only: source/future/stale-build/link evidence is not proof of public availability
https://spinkorea.kr/blog/draw-retry-policy,https://spinkorea.kr/blog/draw-retry-policy,post-metadata.generated.json;post-metadata.runtime.generated.json;content-plan.generated.json;existing-dist-unverified-build,blog,추첨 재시도 원칙 체크리스트: 참가자 목록 핵심,src/data/content-plan.generated.json,scheduled;date=2026-06-20T19:00:00+09:00,EXISTING_ARTIFACT_NOT_FRESH,UNKNOWN,UNKNOWN,UNKNOWN,UNKNOWN,UNKNOWN,UNKNOWN,ROBOTS_RULE_ALLOW,False,False,0,UNKNOWN,UNKNOWN,UNKNOWN,REVIEW,UNKNOWN,Candidate only: source/future/stale-build/link evidence is not proof of public availability
https://spinkorea.kr/blog/draw-screen-record,https://spinkorea.kr/blog/draw-screen-record,post-metadata.generated.json;post-metadata.runtime.generated.json;content-plan.generated.json;existing-dist-unverified-build,blog,"추첨 화면 기록, 참가자 목록 전에 볼 점",src/data/content-plan.generated.json,scheduled;date=2026-07-29T03:00:00+09:00,EXISTING_ARTIFACT_NOT_FRESH,UNKNOWN,UNKNOWN,UNKNOWN,UNKNOWN,UNKNOWN,UNKNOWN,ROBOTS_RULE_ALLOW,False,False,0,UNKNOWN,UNKNOWN,UNKNOWN,REVIEW,UNKNOWN,Candidate only: source/future/stale-build/link evidence is not proof of public availability
https://spinkorea.kr/blog/duplicate-winner-prevention,https://spinkorea.kr/blog/duplicate-winner-prevention,post-metadata.generated.json;post-metadata.runtime.generated.json;content-plan.generated.json;existing-dist-unverified-build,blog,"중복 당첨 방지 룰 실행 순서, 결과 기록까지",src/data/content-plan.generated.json,scheduled;date=2026-05-06T04:00:00+09:00,EXISTING_ARTIFACT_NOT_FRESH,UNKNOWN,UNKNOWN,UNKNOWN,UNKNOWN,UNKNOWN,UNKNOWN,ROBOTS_RULE_ALLOW,False,False,0,UNKNOWN,UNKNOWN,UNKNOWN,REVIEW,UNKNOWN,Candidate only: source/future/stale-build/link evidence is not proof of public availability
https://spinkorea.kr/blog/dutch-pay-discount-rounding,https://spinkorea.kr/blog/dutch-pay-discount-rounding,post-metadata.generated.json;post-metadata.runtime.generated.json;content-plan.generated.json,blog,"더치페이 할인 금액과 반올림, 1원 차이를 투명하게 나누는 법",src/data/content-plan.generated.json,scheduled;date=2026-10-27T08:00:00+09:00,UNKNOWN,UNKNOWN,UNKNOWN,UNKNOWN,UNKNOWN,UNKNOWN,UNKNOWN,ROBOTS_RULE_ALLOW,False,False,0,UNKNOWN,UNKNOWN,UNKNOWN,REVIEW,UNKNOWN,Candidate only: source/future/stale-build/link evidence is not proof of public availability
https://spinkorea.kr/blog/editorial-queue-rule,https://spinkorea.kr/blog/editorial-queue-rule,post-metadata.generated.json;post-metadata.runtime.generated.json;content-plan.generated.json;existing-dist-unverified-build,blog,"편집 대기열 기준 운영법, 결과 기록 남기기",src/data/content-plan.generated.json,scheduled;date=2026-07-12T16:00:00+09:00,EXISTING_ARTIFACT_NOT_FRESH,UNKNOWN,UNKNOWN,UNKNOWN,UNKNOWN,UNKNOWN,UNKNOWN,ROBOTS_RULE_ALLOW,False,False,0,UNKNOWN,UNKNOWN,UNKNOWN,REVIEW,UNKNOWN,Candidate only: source/future/stale-build/link evidence is not proof of public availability
https://spinkorea.kr/blog/editorial-risk-log,https://spinkorea.kr/blog/editorial-risk-log,post-metadata.generated.json;post-metadata.runtime.generated.json;content-plan.generated.json;existing-dist-unverified-build,blog,편집 위험 로그 FAQ: 우선순위 답변,src/data/content-plan.generated.json,scheduled;date=2026-08-22T22:00:00+09:00,EXISTING_ARTIFACT_NOT_FRESH,UNKNOWN,UNKNOWN,UNKNOWN,UNKNOWN,UNKNOWN,UNKNOWN,ROBOTS_RULE_ALLOW,False,False,0,UNKNOWN,UNKNOWN,UNKNOWN,REVIEW,UNKNOWN,Candidate only: source/future/stale-build/link evidence is not proof of public availability
https://spinkorea.kr/blog/electricity-use-note,https://spinkorea.kr/blog/electricity-use-note,post-metadata.generated.json;post-metadata.runtime.generated.json;content-plan.generated.json;existing-dist-unverified-build,blog,"전기요금 사용량 메모 실행 순서, 생활 적용까지",src/data/content-plan.generated.json,scheduled;date=2026-05-14T12:00:00+09:00,EXISTING_ARTIFACT_NOT_FRESH,UNKNOWN,UNKNOWN,UNKNOWN,UNKNOWN,UNKNOWN,UNKNOWN,ROBOTS_RULE_ALLOW,False,False,0,UNKNOWN,UNKNOWN,UNKNOWN,REVIEW,UNKNOWN,Candidate only: source/future/stale-build/link evidence is not proof of public availability
https://spinkorea.kr/blog/email-preview-text,https://spinkorea.kr/blog/email-preview-text,post-metadata.generated.json;post-metadata.runtime.generated.json;content-plan.generated.json;existing-dist-unverified-build,blog,"메일 미리보기 문장 빠른 정리, 표현 정리까지",src/data/content-plan.generated.json,scheduled;date=2026-07-02T01:00:00+09:00,EXISTING_ARTIFACT_NOT_FRESH,UNKNOWN,UNKNOWN,UNKNOWN,UNKNOWN,UNKNOWN,UNKNOWN,ROBOTS_RULE_ALLOW,False,False,0,UNKNOWN,UNKNOWN,UNKNOWN,REVIEW,UNKNOWN,Candidate only: source/future/stale-build/link evidence is not proof of public availability
https://spinkorea.kr/blog/email-subject-rule,https://spinkorea.kr/blog/email-subject-rule,post-metadata.generated.json;post-metadata.runtime.generated.json;content-plan.generated.json;existing-dist-unverified-build,blog,"이메일 제목 작성 적용 순서, 공유 전 확인",src/data/content-plan.generated.json,scheduled;date=2026-05-20T13:00:00+09:00,EXISTING_ARTIFACT_NOT_FRESH,UNKNOWN,UNKNOWN,UNKNOWN,UNKNOWN,UNKNOWN,UNKNOWN,ROBOTS_RULE_ALLOW,False,False,0,UNKNOWN,UNKNOWN,UNKNOWN,REVIEW,UNKNOWN,Candidate only: source/future/stale-build/link evidence is not proof of public availability
https://spinkorea.kr/blog/empty-result-message,https://spinkorea.kr/blog/empty-result-message,post-metadata.generated.json;post-metadata.runtime.generated.json;content-plan.generated.json;existing-dist-unverified-build,blog,"검색 빈 결과 문구 개선 포인트, 문서 기준",src/data/content-plan.generated.json,scheduled;date=2026-08-12T07:00:00+09:00,EXISTING_ARTIFACT_NOT_FRESH,UNKNOWN,UNKNOWN,UNKNOWN,UNKNOWN,UNKNOWN,UNKNOWN,ROBOTS_RULE_ALLOW,False,False,0,UNKNOWN,UNKNOWN,UNKNOWN,REVIEW,UNKNOWN,Candidate only: source/future/stale-build/link evidence is not proof of public availability
https://spinkorea.kr/blog/empty-state-copy,https://spinkorea.kr/blog/empty-state-copy,post-metadata.generated.json;post-metadata.runtime.generated.json;content-plan.generated.json;existing-dist-unverified-build,blog,"빈 상태 문구 사례별 정리, 문서 기준 중심",src/data/content-plan.generated.json,scheduled;date=2026-07-02T16:00:00+09:00,EXISTING_ARTIFACT_NOT_FRESH,UNKNOWN,UNKNOWN,UNKNOWN,UNKNOWN,UNKNOWN,UNKNOWN,ROBOTS_RULE_ALLOW,False,False,0,UNKNOWN,UNKNOWN,UNKNOWN,REVIEW,UNKNOWN,Candidate only: source/future/stale-build/link evidence is not proof of public availability
https://spinkorea.kr/blog/energy-budget-calendar,https://spinkorea.kr/blog/energy-budget-calendar,post-metadata.generated.json;post-metadata.runtime.generated.json;content-plan.generated.json;existing-dist-unverified-build,blog,"에너지 예산 캘린더 초보 흐름, 생활 적용 중심",src/data/content-plan.generated.json,scheduled;date=2026-09-01T22:00:00+09:00,EXISTING_ARTIFACT_NOT_FRESH,UNKNOWN,UNKNOWN,UNKNOWN,UNKNOWN,UNKNOWN,UNKNOWN,ROBOTS_RULE_ALLOW,False,False,0,UNKNOWN,UNKNOWN,UNKNOWN,REVIEW,UNKNOWN,Candidate only: source/future/stale-build/link evidence is not proof of public availability
https://spinkorea.kr/blog/env-secret-check,https://spinkorea.kr/blog/env-secret-check,post-metadata.generated.json;post-metadata.runtime.generated.json;content-plan.generated.json;existing-dist-unverified-build,blog,"환경변수 비밀 점검 운영 체크, 보안 확인 반영",src/data/content-plan.generated.json,scheduled;date=2026-07-06T15:00:00+09:00,EXISTING_ARTIFACT_NOT_FRESH,UNKNOWN,UNKNOWN,UNKNOWN,UNKNOWN,UNKNOWN,UNKNOWN,ROBOTS_RULE_ALLOW,False,False,0,UNKNOWN,UNKNOWN,UNKNOWN,REVIEW,UNKNOWN,Candidate only: source/future/stale-build/link evidence is not proof of public availability
https://spinkorea.kr/blog/env-variable-check,https://spinkorea.kr/blog/env-variable-check,post-metadata.generated.json;post-metadata.runtime.generated.json;content-plan.generated.json;existing-dist-unverified-build,blog,"환경변수 점검 사례별 정리, 검증 절차 중심",src/data/content-plan.generated.json,scheduled;date=2026-05-30T08:00:00+09:00,EXISTING_ARTIFACT_NOT_FRESH,UNKNOWN,UNKNOWN,UNKNOWN,UNKNOWN,UNKNOWN,UNKNOWN,ROBOTS_RULE_ALLOW,False,False,0,UNKNOWN,UNKNOWN,UNKNOWN,REVIEW,UNKNOWN,Candidate only: source/future/stale-build/link evidence is not proof of public availability
https://spinkorea.kr/blog/error-budget-note,https://spinkorea.kr/blog/error-budget-note,post-metadata.generated.json;post-metadata.runtime.generated.json;content-plan.generated.json;existing-dist-unverified-build,blog,"오류 허용 기준 운영 체크, 집중 시간 반영",src/data/content-plan.generated.json,scheduled;date=2026-08-25T15:00:00+09:00,EXISTING_ARTIFACT_NOT_FRESH,UNKNOWN,UNKNOWN,UNKNOWN,UNKNOWN,UNKNOWN,UNKNOWN,ROBOTS_RULE_ALLOW,False,False,0,UNKNOWN,UNKNOWN,UNKNOWN,REVIEW,UNKNOWN,Candidate only: source/future/stale-build/link evidence is not proof of public availability
https://spinkorea.kr/blog/error-message-copy,https://spinkorea.kr/blog/error-message-copy,post-metadata.generated.json;post-metadata.runtime.generated.json;content-plan.generated.json;existing-dist-unverified-build,blog,"오류 메시지 문장 운영 체크, 표현 정리 반영",src/data/content-plan.generated.json,scheduled;date=2026-07-02T11:00:00+09:00,EXISTING_ARTIFACT_NOT_FRESH,UNKNOWN,UNKNOWN,UNKNOWN,UNKNOWN,UNKNOWN,UNKNOWN,ROBOTS_RULE_ALLOW,False,False,0,UNKNOWN,UNKNOWN,UNKNOWN,REVIEW,UNKNOWN,Candidate only: source/future/stale-build/link evidence is not proof of public availability
https://spinkorea.kr/blog/evening-close-note,https://spinkorea.kr/blog/evening-close-note,post-metadata.generated.json;post-metadata.runtime.generated.json;content-plan.generated.json;existing-dist-unverified-build,blog,"저녁 마무리 메모 초보 흐름, 생활 적용 중심",src/data/content-plan.generated.json,scheduled;date=2026-06-10T14:00:00+09:00,EXISTING_ARTIFACT_NOT_FRESH,UNKNOWN,UNKNOWN,UNKNOWN,UNKNOWN,UNKNOWN,UNKNOWN,ROBOTS_RULE_ALLOW,False,False,0,UNKNOWN,UNKNOWN,UNKNOWN,REVIEW,UNKNOWN,Candidate only: source/future/stale-build/link evidence is not proof of public availability
https://spinkorea.kr/blog/evening-review-routine,https://spinkorea.kr/blog/evening-review-routine,post-metadata.generated.json;post-metadata.runtime.generated.json;content-plan.generated.json;existing-dist-unverified-build,blog,"저녁 검토 루틴 선택법, 결과 기록과 우선순위",src/data/content-plan.generated.json,scheduled;date=2026-08-25T00:00:00+09:00,EXISTING_ARTIFACT_NOT_FRESH,UNKNOWN,UNKNOWN,UNKNOWN,UNKNOWN,UNKNOWN,UNKNOWN,ROBOTS_RULE_ALLOW,False,False,0,UNKNOWN,UNKNOWN,UNKNOWN,REVIEW,UNKNOWN,Candidate only: source/future/stale-build/link evidence is not proof of public availability
https://spinkorea.kr/blog/evening-screen-rule,https://spinkorea.kr/blog/evening-screen-rule,post-metadata.generated.json;post-metadata.runtime.generated.json;content-plan.generated.json;existing-dist-unverified-build,blog,"저녁 화면 규칙 운영 체크, 생활 적용 반영",src/data/content-plan.generated.json,scheduled;date=2026-07-19T03:00:00+09:00,EXISTING_ARTIFACT_NOT_FRESH,UNKNOWN,UNKNOWN,UNKNOWN,UNKNOWN,UNKNOWN,UNKNOWN,ROBOTS_RULE_ALLOW,False,False,0,UNKNOWN,UNKNOWN,UNKNOWN,REVIEW,UNKNOWN,Candidate only: source/future/stale-build/link evidence is not proof of public availability
https://spinkorea.kr/blog/event-countdown-plan,https://spinkorea.kr/blog/event-countdown-plan,post-metadata.generated.json;post-metadata.runtime.generated.json;content-plan.generated.json;existing-dist-unverified-build,blog,"행사 남은 기간 선택법, 생활 적용과 계산 기준",src/data/content-plan.generated.json,scheduled;date=2026-05-17T00:00:00+09:00,EXISTING_ARTIFACT_NOT_FRESH,UNKNOWN,UNKNOWN,UNKNOWN,UNKNOWN,UNKNOWN,UNKNOWN,ROBOTS_RULE_ALLOW,False,False,0,UNKNOWN,UNKNOWN,UNKNOWN,REVIEW,UNKNOWN,Candidate only: source/future/stale-build/link evidence is not proof of public availability
https://spinkorea.kr/blog/event-entry-cutoff,https://spinkorea.kr/blog/event-entry-cutoff,post-metadata.generated.json;post-metadata.runtime.generated.json;content-plan.generated.json;existing-dist-unverified-build,blog,응모 마감 기준 체크리스트: 참가자 목록 핵심,src/data/content-plan.generated.json,scheduled;date=2026-08-01T11:00:00+09:00,EXISTING_ARTIFACT_NOT_FRESH,UNKNOWN,UNKNOWN,UNKNOWN,UNKNOWN,UNKNOWN,UNKNOWN,ROBOTS_RULE_ALLOW,False,False,0,UNKNOWN,UNKNOWN,UNKNOWN,REVIEW,UNKNOWN,Candidate only: source/future/stale-build/link evidence is not proof of public availability
https://spinkorea.kr/blog/event-seat-lottery,https://spinkorea.kr/blog/event-seat-lottery,post-metadata.generated.json;post-metadata.runtime.generated.json;content-plan.generated.json;existing-dist-unverified-build,blog,"행사 좌석 추첨 운영 체크, 확률 설정 반영",src/data/content-plan.generated.json,scheduled;date=2026-06-19T23:00:00+09:00,EXISTING_ARTIFACT_NOT_FRESH,UNKNOWN,UNKNOWN,UNKNOWN,UNKNOWN,UNKNOWN,UNKNOWN,ROBOTS_RULE_ALLOW,False,False,0,UNKNOWN,UNKNOWN,UNKNOWN,REVIEW,UNKNOWN,Candidate only: source/future/stale-build/link evidence is not proof of public availability
https://spinkorea.kr/blog/event-supply-count,https://spinkorea.kr/blog/event-supply-count,post-metadata.generated.json;post-metadata.runtime.generated.json;content-plan.generated.json;existing-dist-unverified-build,blog,"행사 준비물 수량 사례별 정리, 계산 기준 중심",src/data/content-plan.generated.json,scheduled;date=2026-08-05T00:00:00+09:00,EXISTING_ARTIFACT_NOT_FRESH,UNKNOWN,UNKNOWN,UNKNOWN,UNKNOWN,UNKNOWN,UNKNOWN,ROBOTS_RULE_ALLOW,False,False,0,UNKNOWN,UNKNOWN,UNKNOWN,REVIEW,UNKNOWN,Candidate only: source/future/stale-build/link evidence is not proof of public availability
https://spinkorea.kr/blog/exercise-brain,https://spinkorea.kr/blog/exercise-brain,post-metadata.generated.json;post-metadata.runtime.generated.json;existing-dist-unverified-build;LIVE_SITEMAP;LIVE_RSS;link:https://spinkorea.kr/blog;LIVE_HTTP,blog,운동이 뇌를 바꾼다: 신체 활동과 인지 기능의 관계,src/data/post-metadata.runtime.generated.json,curated;date=2026-05-03,EXISTING_ARTIFACT_NOT_FRESH,200,https://spinkorea.kr/blog/exercise-brain,[],https://spinkorea.kr/blog/exercise-brain,ABSENT,ABSENT,ROBOTS_RULE_ALLOW,True,True,1,UNKNOWN,SCRIPT_PRESENT;DISPLAY_UNKNOWN,2026-09-19T22:57:19.685329+09:00,REVIEW,http-evidence.json,HTTP observation applies to fetched URL only; fragment variants retained; deployment SHA UNKNOWN
https://spinkorea.kr/blog/exercise-brain#post-content,https://spinkorea.kr/blog/exercise-brain,link:https://spinkorea.kr/blog/exercise-brain,blog,UNKNOWN,UNKNOWN,UNKNOWN,UNKNOWN,UNKNOWN,UNKNOWN,UNKNOWN,UNKNOWN,UNKNOWN,UNKNOWN,ROBOTS_RULE_ALLOW,False,False,1,UNKNOWN,UNKNOWN,UNKNOWN,REVIEW,UNKNOWN,Candidate only: source/future/stale-build/link evidence is not proof of public availability
https://spinkorea.kr/blog/exercise-brain#post-related,https://spinkorea.kr/blog/exercise-brain,link:https://spinkorea.kr/blog/exercise-brain,blog,UNKNOWN,UNKNOWN,UNKNOWN,UNKNOWN,UNKNOWN,UNKNOWN,UNKNOWN,UNKNOWN,UNKNOWN,UNKNOWN,ROBOTS_RULE_ALLOW,False,False,1,UNKNOWN,UNKNOWN,UNKNOWN,REVIEW,UNKNOWN,Candidate only: source/future/stale-build/link evidence is not proof of public availability
https://spinkorea.kr/blog/exercise-brain#post-summary,https://spinkorea.kr/blog/exercise-brain,link:https://spinkorea.kr/blog/exercise-brain,blog,UNKNOWN,UNKNOWN,UNKNOWN,UNKNOWN,UNKNOWN,UNKNOWN,UNKNOWN,UNKNOWN,UNKNOWN,UNKNOWN,ROBOTS_RULE_ALLOW,False,False,1,UNKNOWN,UNKNOWN,UNKNOWN,REVIEW,UNKNOWN,Candidate only: source/future/stale-build/link evidence is not proof of public availability
https://spinkorea.kr/blog/exercise-time-record,https://spinkorea.kr/blog/exercise-time-record,post-metadata.generated.json;post-metadata.runtime.generated.json;content-plan.generated.json;existing-dist-unverified-build,blog,"운동 시간 기록 검토 순서, 입력값 확인 활용",src/data/content-plan.generated.json,scheduled;date=2026-05-17T10:00:00+09:00,EXISTING_ARTIFACT_NOT_FRESH,UNKNOWN,UNKNOWN,UNKNOWN,UNKNOWN,UNKNOWN,UNKNOWN,ROBOTS_RULE_ALLOW,False,False,0,UNKNOWN,UNKNOWN,UNKNOWN,REVIEW,UNKNOWN,Candidate only: source/future/stale-build/link evidence is not proof of public availability
https://spinkorea.kr/blog/eye-rest-rule,https://spinkorea.kr/blog/eye-rest-rule,post-metadata.generated.json;post-metadata.runtime.generated.json;content-plan.generated.json;existing-dist-unverified-build,blog,"눈 피로 휴식 기준 실행 순서, 자가 점검까지",src/data/content-plan.generated.json,scheduled;date=2026-06-08T12:00:00+09:00,EXISTING_ARTIFACT_NOT_FRESH,UNKNOWN,UNKNOWN,UNKNOWN,UNKNOWN,UNKNOWN,UNKNOWN,ROBOTS_RULE_ALLOW,False,False,0,UNKNOWN,UNKNOWN,UNKNOWN,REVIEW,UNKNOWN,Candidate only: source/future/stale-build/link evidence is not proof of public availability
https://spinkorea.kr/blog/fair-draw-report,https://spinkorea.kr/blog/fair-draw-report,post-metadata.generated.json;post-metadata.runtime.generated.json;content-plan.generated.json;existing-dist-unverified-build,blog,"공정 추첨 리포트 상황별 표, 결과 기록",src/data/content-plan.generated.json,scheduled;date=2026-08-02T22:00:00+09:00,EXISTING_ARTIFACT_NOT_FRESH,UNKNOWN,UNKNOWN,UNKNOWN,UNKNOWN,UNKNOWN,UNKNOWN,ROBOTS_RULE_ALLOW,False,False,0,UNKNOWN,UNKNOWN,UNKNOWN,REVIEW,UNKNOWN,Candidate only: source/future/stale-build/link evidence is not proof of public availability
https://spinkorea.kr/blog/fair-random-draw,https://spinkorea.kr/blog/fair-random-draw,post-metadata.generated.json;post-metadata.runtime.generated.json;content-plan.generated.json;existing-dist-unverified-build,blog,"랜덤 추첨 공정성, 중복 방지 먼저 보기",src/data/content-plan.generated.json,scheduled;date=2026-05-05T18:00:00+09:00,EXISTING_ARTIFACT_NOT_FRESH,UNKNOWN,UNKNOWN,UNKNOWN,UNKNOWN,UNKNOWN,UNKNOWN,ROBOTS_RULE_ALLOW,False,False,0,UNKNOWN,UNKNOWN,UNKNOWN,REVIEW,UNKNOWN,Candidate only: source/future/stale-build/link evidence is not proof of public availability
https://spinkorea.kr/blog/fair-turn-rotation,https://spinkorea.kr/blog/fair-turn-rotation,post-metadata.generated.json;post-metadata.runtime.generated.json;content-plan.generated.json;existing-dist-unverified-build,blog,"공정한 순번 회전 선택법, 결과 기록과 공정성",src/data/content-plan.generated.json,scheduled;date=2026-06-19T08:00:00+09:00,EXISTING_ARTIFACT_NOT_FRESH,UNKNOWN,UNKNOWN,UNKNOWN,UNKNOWN,UNKNOWN,UNKNOWN,ROBOTS_RULE_ALLOW,False,False,0,UNKNOWN,UNKNOWN,UNKNOWN,REVIEW,UNKNOWN,Candidate only: source/future/stale-build/link evidence is not proof of public availability
https://spinkorea.kr/blog/family-chore-wheel,https://spinkorea.kr/blog/family-chore-wheel,post-metadata.generated.json;post-metadata.runtime.generated.json;content-plan.generated.json;existing-dist-unverified-build,blog,가족 집안일 룰렛 FAQ: 공정성 답변,src/data/content-plan.generated.json,scheduled;date=2026-06-17T06:00:00+09:00,EXISTING_ARTIFACT_NOT_FRESH,UNKNOWN,UNKNOWN,UNKNOWN,UNKNOWN,UNKNOWN,UNKNOWN,ROBOTS_RULE_ALLOW,False,False,0,UNKNOWN,UNKNOWN,UNKNOWN,REVIEW,UNKNOWN,Candidate only: source/future/stale-build/link evidence is not proof of public availability
https://spinkorea.kr/blog/family-event-budget,https://spinkorea.kr/blog/family-event-budget,post-metadata.generated.json;post-metadata.runtime.generated.json;content-plan.generated.json;existing-dist-unverified-build,blog,"가족 행사 예산 개선 포인트, 계산 기준",src/data/content-plan.generated.json,scheduled;date=2026-08-03T23:00:00+09:00,EXISTING_ARTIFACT_NOT_FRESH,UNKNOWN,UNKNOWN,UNKNOWN,UNKNOWN,UNKNOWN,UNKNOWN,ROBOTS_RULE_ALLOW,False,False,0,UNKNOWN,UNKNOWN,UNKNOWN,REVIEW,UNKNOWN,Candidate only: source/future/stale-build/link evidence is not proof of public availability
https://spinkorea.kr/blog/faq-answer-length,https://spinkorea.kr/blog/faq-answer-length,post-metadata.generated.json;post-metadata.runtime.generated.json;content-plan.generated.json;existing-dist-unverified-build,blog,"FAQ 답변 길이 빠른 정리, 표현 정리까지",src/data/content-plan.generated.json,scheduled;date=2026-05-21T09:00:00+09:00,EXISTING_ARTIFACT_NOT_FRESH,UNKNOWN,UNKNOWN,UNKNOWN,UNKNOWN,UNKNOWN,UNKNOWN,ROBOTS_RULE_ALLOW,False,False,0,UNKNOWN,UNKNOWN,UNKNOWN,REVIEW,UNKNOWN,Candidate only: source/future/stale-build/link evidence is not proof of public availability
https://spinkorea.kr/blog/faq-answer-scan,https://spinkorea.kr/blog/faq-answer-scan,post-metadata.generated.json;post-metadata.runtime.generated.json;content-plan.generated.json;existing-dist-unverified-build,blog,FAQ 답변 스캔성 체크리스트: 검토 순서 핵심,src/data/content-plan.generated.json,scheduled;date=2026-08-09T19:00:00+09:00,EXISTING_ARTIFACT_NOT_FRESH,UNKNOWN,UNKNOWN,UNKNOWN,UNKNOWN,UNKNOWN,UNKNOWN,ROBOTS_RULE_ALLOW,False,False,0,UNKNOWN,UNKNOWN,UNKNOWN,REVIEW,UNKNOWN,Candidate only: source/future/stale-build/link evidence is not proof of public availability
https://spinkorea.kr/blog/faq-question-cluster,https://spinkorea.kr/blog/faq-question-cluster,post-metadata.generated.json;post-metadata.runtime.generated.json;content-plan.generated.json;existing-dist-unverified-build,blog,"FAQ 질문 묶기 상황별 표, 공유 전 확인",src/data/content-plan.generated.json,scheduled;date=2026-06-30T14:00:00+09:00,EXISTING_ARTIFACT_NOT_FRESH,UNKNOWN,UNKNOWN,UNKNOWN,UNKNOWN,UNKNOWN,UNKNOWN,ROBOTS_RULE_ALLOW,False,False,0,UNKNOWN,UNKNOWN,UNKNOWN,REVIEW,UNKNOWN,Candidate only: source/future/stale-build/link evidence is not proof of public availability
https://spinkorea.kr/blog/faq-rich-result-check,https://spinkorea.kr/blog/faq-rich-result-check,post-metadata.generated.json;post-metadata.runtime.generated.json;content-plan.generated.json;existing-dist-unverified-build,blog,"FAQ 검색 노출 점검 비교법, 메타 설명과 내부 링크",src/data/content-plan.generated.json,scheduled;date=2026-07-24T13:00:00+09:00,EXISTING_ARTIFACT_NOT_FRESH,UNKNOWN,UNKNOWN,UNKNOWN,UNKNOWN,UNKNOWN,UNKNOWN,ROBOTS_RULE_ALLOW,False,False,0,UNKNOWN,UNKNOWN,UNKNOWN,REVIEW,UNKNOWN,Candidate only: source/future/stale-build/link evidence is not proof of public availability
https://spinkorea.kr/blog/faq-schema-coverage,https://spinkorea.kr/blog/faq-schema-coverage,post-metadata.generated.json;post-metadata.runtime.generated.json;content-plan.generated.json;existing-dist-unverified-build,blog,"FAQ 스키마 커버리지 실행 순서, 품질 점검까지",src/data/content-plan.generated.json,scheduled;date=2026-09-04T00:00:00+09:00,EXISTING_ARTIFACT_NOT_FRESH,UNKNOWN,UNKNOWN,UNKNOWN,UNKNOWN,UNKNOWN,UNKNOWN,ROBOTS_RULE_ALLOW,False,False,0,UNKNOWN,UNKNOWN,UNKNOWN,REVIEW,UNKNOWN,Candidate only: source/future/stale-build/link evidence is not proof of public availability
https://spinkorea.kr/blog/faq-schema-plan,https://spinkorea.kr/blog/faq-schema-plan,post-metadata.generated.json;post-metadata.runtime.generated.json;content-plan.generated.json;existing-dist-unverified-build,blog,"FAQ 스키마 설계 실전 흐름, 내부 링크부터",src/data/content-plan.generated.json,scheduled;date=2026-06-14T03:00:00+09:00,EXISTING_ARTIFACT_NOT_FRESH,UNKNOWN,UNKNOWN,UNKNOWN,UNKNOWN,UNKNOWN,UNKNOWN,ROBOTS_RULE_ALLOW,False,False,0,UNKNOWN,UNKNOWN,UNKNOWN,REVIEW,UNKNOWN,Candidate only: source/future/stale-build/link evidence is not proof of public availability
https://spinkorea.kr/blog/feed-cache-control,https://spinkorea.kr/blog/feed-cache-control,post-metadata.generated.json;post-metadata.runtime.generated.json;content-plan.generated.json;existing-dist-unverified-build,blog,"RSS 캐시 기준 비교법, 보안 확인과 디버깅",src/data/content-plan.generated.json,scheduled;date=2026-08-18T13:00:00+09:00,EXISTING_ARTIFACT_NOT_FRESH,UNKNOWN,UNKNOWN,UNKNOWN,UNKNOWN,UNKNOWN,UNKNOWN,ROBOTS_RULE_ALLOW,False,False,0,UNKNOWN,UNKNOWN,UNKNOWN,REVIEW,UNKNOWN,Candidate only: source/future/stale-build/link evidence is not proof of public availability
https://spinkorea.kr/blog/fewer-meetings,https://spinkorea.kr/blog/fewer-meetings,post-metadata.generated.json;post-metadata.runtime.generated.json;existing-dist-unverified-build;LIVE_SITEMAP;LIVE_RSS;link:https://spinkorea.kr/blog;LIVE_HTTP,blog,회의를 줄이면 생산성이 늘어나는 이유,src/data/post-metadata.runtime.generated.json,curated;date=2026-04-29,EXISTING_ARTIFACT_NOT_FRESH,200,https://spinkorea.kr/blog/fewer-meetings,[],https://spinkorea.kr/blog/fewer-meetings,ABSENT,ABSENT,ROBOTS_RULE_ALLOW,True,True,1,UNKNOWN,SCRIPT_PRESENT;DISPLAY_UNKNOWN,2026-09-19T23:03:23.304064+09:00,REVIEW,http-evidence.json,HTTP observation applies to fetched URL only; fragment variants retained; deployment SHA UNKNOWN
https://spinkorea.kr/blog/fewer-meetings#post-content,https://spinkorea.kr/blog/fewer-meetings,link:https://spinkorea.kr/blog/fewer-meetings,blog,UNKNOWN,UNKNOWN,UNKNOWN,UNKNOWN,UNKNOWN,UNKNOWN,UNKNOWN,UNKNOWN,UNKNOWN,UNKNOWN,ROBOTS_RULE_ALLOW,False,UNKNOWN,UNKNOWN,UNKNOWN,UNKNOWN,UNKNOWN,REVIEW,UNKNOWN,Candidate only: source/future/stale-build/link evidence is not proof of public availability
https://spinkorea.kr/blog/fewer-meetings#post-related,https://spinkorea.kr/blog/fewer-meetings,link:https://spinkorea.kr/blog/fewer-meetings,blog,UNKNOWN,UNKNOWN,UNKNOWN,UNKNOWN,UNKNOWN,UNKNOWN,UNKNOWN,UNKNOWN,UNKNOWN,UNKNOWN,ROBOTS_RULE_ALLOW,False,UNKNOWN,UNKNOWN,UNKNOWN,UNKNOWN,UNKNOWN,REVIEW,UNKNOWN,Candidate only: source/future/stale-build/link evidence is not proof of public availability
https://spinkorea.kr/blog/fewer-meetings#post-summary,https://spinkorea.kr/blog/fewer-meetings,link:https://spinkorea.kr/blog/fewer-meetings,blog,UNKNOWN,UNKNOWN,UNKNOWN,UNKNOWN,UNKNOWN,UNKNOWN,UNKNOWN,UNKNOWN,UNKNOWN,UNKNOWN,ROBOTS_RULE_ALLOW,False,UNKNOWN,UNKNOWN,UNKNOWN,UNKNOWN,UNKNOWN,REVIEW,UNKNOWN,Candidate only: source/future/stale-build/link evidence is not proof of public availability
https://spinkorea.kr/blog/five-second-rule,https://spinkorea.kr/blog/five-second-rule,post-metadata.generated.json;post-metadata.runtime.generated.json;existing-dist-unverified-build;LIVE_SITEMAP;LIVE_RSS;link:https://spinkorea.kr/blog;LIVE_HTTP,blog,두려움을 행동으로 전환하는 5초의 법칙,src/data/post-metadata.runtime.generated.json,curated;date=2026-05-17,EXISTING_ARTIFACT_NOT_FRESH,200,https://spinkorea.kr/blog/five-second-rule,[],https://spinkorea.kr/blog/five-second-rule,ABSENT,ABSENT,ROBOTS_RULE_ALLOW,True,True,1,UNKNOWN,SCRIPT_PRESENT;DISPLAY_UNKNOWN,2026-09-19T23:03:24.066142+09:00,REVIEW,http-evidence.json,HTTP observation applies to fetched URL only; fragment variants retained; deployment SHA UNKNOWN
https://spinkorea.kr/blog/five-second-rule#post-content,https://spinkorea.kr/blog/five-second-rule,link:https://spinkorea.kr/blog/five-second-rule,blog,UNKNOWN,UNKNOWN,UNKNOWN,UNKNOWN,UNKNOWN,UNKNOWN,UNKNOWN,UNKNOWN,UNKNOWN,UNKNOWN,ROBOTS_RULE_ALLOW,False,UNKNOWN,UNKNOWN,UNKNOWN,UNKNOWN,UNKNOWN,REVIEW,UNKNOWN,Candidate only: source/future/stale-build/link evidence is not proof of public availability
https://spinkorea.kr/blog/five-second-rule#post-related,https://spinkorea.kr/blog/five-second-rule,link:https://spinkorea.kr/blog/five-second-rule,blog,UNKNOWN,UNKNOWN,UNKNOWN,UNKNOWN,UNKNOWN,UNKNOWN,UNKNOWN,UNKNOWN,UNKNOWN,UNKNOWN,ROBOTS_RULE_ALLOW,False,UNKNOWN,UNKNOWN,UNKNOWN,UNKNOWN,UNKNOWN,REVIEW,UNKNOWN,Candidate only: source/future/stale-build/link evidence is not proof of public availability
https://spinkorea.kr/blog/five-second-rule#post-summary,https://spinkorea.kr/blog/five-second-rule,link:https://spinkorea.kr/blog/five-second-rule,blog,UNKNOWN,UNKNOWN,UNKNOWN,UNKNOWN,UNKNOWN,UNKNOWN,UNKNOWN,UNKNOWN,UNKNOWN,UNKNOWN,ROBOTS_RULE_ALLOW,False,UNKNOWN,UNKNOWN,UNKNOWN,UNKNOWN,UNKNOWN,REVIEW,UNKNOWN,Candidate only: source/future/stale-build/link evidence is not proof of public availability
https://spinkorea.kr/blog/focus-block-plan,https://spinkorea.kr/blog/focus-block-plan,post-metadata.generated.json;post-metadata.runtime.generated.json;content-plan.generated.json;existing-dist-unverified-build,blog,"집중 블록 설계 개선 포인트, 우선순위",src/data/content-plan.generated.json,scheduled;date=2026-06-02T11:00:00+09:00,EXISTING_ARTIFACT_NOT_FRESH,UNKNOWN,UNKNOWN,UNKNOWN,UNKNOWN,UNKNOWN,UNKNOWN,ROBOTS_RULE_ALLOW,False,False,0,UNKNOWN,UNKNOWN,UNKNOWN,REVIEW,UNKNOWN,Candidate only: source/future/stale-build/link evidence is not proof of public availability
https://spinkorea.kr/blog/focus-mode-trigger,https://spinkorea.kr/blog/focus-mode-trigger,post-metadata.generated.json;post-metadata.runtime.generated.json;content-plan.generated.json;existing-dist-unverified-build,blog,"집중 모드 트리거 검토 순서, 반복 업무 활용",src/data/content-plan.generated.json,scheduled;date=2026-07-14T18:00:00+09:00,EXISTING_ARTIFACT_NOT_FRESH,UNKNOWN,UNKNOWN,UNKNOWN,UNKNOWN,UNKNOWN,UNKNOWN,ROBOTS_RULE_ALLOW,False,False,0,UNKNOWN,UNKNOWN,UNKNOWN,REVIEW,UNKNOWN,Candidate only: source/future/stale-build/link evidence is not proof of public availability
https://spinkorea.kr/blog/focus-recovery-break,https://spinkorea.kr/blog/focus-recovery-break,post-metadata.generated.json;post-metadata.runtime.generated.json;content-plan.generated.json;existing-dist-unverified-build,blog,"집중 회복 휴식 운영 체크, 생활 적용 반영",src/data/content-plan.generated.json,scheduled;date=2026-07-23T07:00:00+09:00,EXISTING_ARTIFACT_NOT_FRESH,UNKNOWN,UNKNOWN,UNKNOWN,UNKNOWN,UNKNOWN,UNKNOWN,ROBOTS_RULE_ALLOW,False,False,0,UNKNOWN,UNKNOWN,UNKNOWN,REVIEW,UNKNOWN,Candidate only: source/future/stale-build/link evidence is not proof of public availability
https://spinkorea.kr/blog/focus-sprint-plan,https://spinkorea.kr/blog/focus-sprint-plan,post-metadata.generated.json;post-metadata.runtime.generated.json;content-plan.generated.json;existing-dist-unverified-build,blog,"집중 스프린트 계획 검토 순서, 반복 업무 활용",src/data/content-plan.generated.json,scheduled;date=2026-08-25T10:00:00+09:00,EXISTING_ARTIFACT_NOT_FRESH,UNKNOWN,UNKNOWN,UNKNOWN,UNKNOWN,UNKNOWN,UNKNOWN,ROBOTS_RULE_ALLOW,False,False,0,UNKNOWN,UNKNOWN,UNKNOWN,REVIEW,UNKNOWN,Candidate only: source/future/stale-build/link evidence is not proof of public availability
https://spinkorea.kr/blog/focus-thieves,https://spinkorea.kr/blog/focus-thieves,post-metadata.generated.json;post-metadata.runtime.generated.json;existing-dist-unverified-build;LIVE_SITEMAP;LIVE_RSS;link:https://spinkorea.kr/blog;LIVE_HTTP,blog,집중력 도둑 TOP 5와 차단 방법,src/data/post-metadata.runtime.generated.json,curated;date=2026-05-13,EXISTING_ARTIFACT_NOT_FRESH,200,https://spinkorea.kr/blog/focus-thieves,[],https://spinkorea.kr/blog/focus-thieves,ABSENT,ABSENT,ROBOTS_RULE_ALLOW,True,True,1,UNKNOWN,SCRIPT_PRESENT;DISPLAY_UNKNOWN,2026-09-19T23:03:24.853881+09:00,REVIEW,http-evidence.json,HTTP observation applies to fetched URL only; fragment variants retained; deployment SHA UNKNOWN
https://spinkorea.kr/blog/focus-thieves#post-content,https://spinkorea.kr/blog/focus-thieves,link:https://spinkorea.kr/blog/focus-thieves,blog,UNKNOWN,UNKNOWN,UNKNOWN,UNKNOWN,UNKNOWN,UNKNOWN,UNKNOWN,UNKNOWN,UNKNOWN,UNKNOWN,ROBOTS_RULE_ALLOW,False,UNKNOWN,UNKNOWN,UNKNOWN,UNKNOWN,UNKNOWN,REVIEW,UNKNOWN,Candidate only: source/future/stale-build/link evidence is not proof of public availability
https://spinkorea.kr/blog/focus-thieves#post-related,https://spinkorea.kr/blog/focus-thieves,link:https://spinkorea.kr/blog/focus-thieves,blog,UNKNOWN,UNKNOWN,UNKNOWN,UNKNOWN,UNKNOWN,UNKNOWN,UNKNOWN,UNKNOWN,UNKNOWN,UNKNOWN,ROBOTS_RULE_ALLOW,False,UNKNOWN,UNKNOWN,UNKNOWN,UNKNOWN,UNKNOWN,REVIEW,UNKNOWN,Candidate only: source/future/stale-build/link evidence is not proof of public availability
https://spinkorea.kr/blog/focus-thieves#post-summary,https://spinkorea.kr/blog/focus-thieves,link:https://spinkorea.kr/blog/focus-thieves,blog,UNKNOWN,UNKNOWN,UNKNOWN,UNKNOWN,UNKNOWN,UNKNOWN,UNKNOWN,UNKNOWN,UNKNOWN,UNKNOWN,ROBOTS_RULE_ALLOW,False,UNKNOWN,UNKNOWN,UNKNOWN,UNKNOWN,UNKNOWN,REVIEW,UNKNOWN,Candidate only: source/future/stale-build/link evidence is not proof of public availability
https://spinkorea.kr/blog/form-error-helper,https://spinkorea.kr/blog/form-error-helper,post-metadata.generated.json;post-metadata.runtime.generated.json;content-plan.generated.json;existing-dist-unverified-build,blog,"폼 오류 도움말 실전 흐름, 가독성부터",src/data/content-plan.generated.json,scheduled;date=2026-08-11T11:00:00+09:00,EXISTING_ARTIFACT_NOT_FRESH,UNKNOWN,UNKNOWN,UNKNOWN,UNKNOWN,UNKNOWN,UNKNOWN,ROBOTS_RULE_ALLOW,False,False,0,UNKNOWN,UNKNOWN,UNKNOWN,REVIEW,UNKNOWN,Candidate only: source/future/stale-build/link evidence is not proof of public availability
https://spinkorea.kr/blog/form-helper-text,https://spinkorea.kr/blog/form-helper-text,post-metadata.generated.json;post-metadata.runtime.generated.json;content-plan.generated.json;existing-dist-unverified-build,blog,"폼 도움말 문구 상황별 표, 공유 전 확인",src/data/content-plan.generated.json,scheduled;date=2026-07-04T18:00:00+09:00,EXISTING_ARTIFACT_NOT_FRESH,UNKNOWN,UNKNOWN,UNKNOWN,UNKNOWN,UNKNOWN,UNKNOWN,ROBOTS_RULE_ALLOW,False,False,0,UNKNOWN,UNKNOWN,UNKNOWN,REVIEW,UNKNOWN,Candidate only: source/future/stale-build/link evidence is not proof of public availability
https://spinkorea.kr/blog/form-validation-copy,https://spinkorea.kr/blog/form-validation-copy,post-metadata.generated.json;post-metadata.runtime.generated.json;content-plan.generated.json;existing-dist-unverified-build,blog,"폼 검증 메시지 초보 흐름, 보안 확인 중심",src/data/content-plan.generated.json,scheduled;date=2026-05-29T02:00:00+09:00,EXISTING_ARTIFACT_NOT_FRESH,UNKNOWN,UNKNOWN,UNKNOWN,UNKNOWN,UNKNOWN,UNKNOWN,ROBOTS_RULE_ALLOW,False,False,0,UNKNOWN,UNKNOWN,UNKNOWN,REVIEW,UNKNOWN,Candidate only: source/future/stale-build/link evidence is not proof of public availability
https://spinkorea.kr/blog/fresh-sitemap-submit,https://spinkorea.kr/blog/fresh-sitemap-submit,post-metadata.generated.json;post-metadata.runtime.generated.json;content-plan.generated.json;existing-dist-unverified-build,blog,"최신 사이트맵 제출 발행 전 검토, 품질 점검",src/data/content-plan.generated.json,scheduled;date=2026-09-07T13:00:00+09:00,EXISTING_ARTIFACT_NOT_FRESH,UNKNOWN,UNKNOWN,UNKNOWN,UNKNOWN,UNKNOWN,UNKNOWN,ROBOTS_RULE_ALLOW,False,False,0,UNKNOWN,UNKNOWN,UNKNOWN,REVIEW,UNKNOWN,Candidate only: source/future/stale-build/link evidence is not proof of public availability
https://spinkorea.kr/blog/fuel-cost-split,https://spinkorea.kr/blog/fuel-cost-split,post-metadata.generated.json;post-metadata.runtime.generated.json;content-plan.generated.json;existing-dist-unverified-build,blog,"주유비 나누기 개선 포인트, 계산 기준",src/data/content-plan.generated.json,scheduled;date=2026-05-16T19:00:00+09:00,EXISTING_ARTIFACT_NOT_FRESH,UNKNOWN,UNKNOWN,UNKNOWN,UNKNOWN,UNKNOWN,UNKNOWN,ROBOTS_RULE_ALLOW,False,False,0,UNKNOWN,UNKNOWN,UNKNOWN,REVIEW,UNKNOWN,Candidate only: source/future/stale-build/link evidence is not proof of public availability
https://spinkorea.kr/blog/fuel-economy-guide,https://spinkorea.kr/blog/fuel-economy-guide,post-metadata.generated.json;post-metadata.runtime.generated.json;existing-dist-unverified-build,blog,연비 계산 방법: 주행거리·주유량으로 km/L와 연료비 계산하기,src/data/post-metadata.runtime.generated.json,generated;date=2026-06-24T13:00:00+09:00,EXISTING_ARTIFACT_NOT_FRESH,UNKNOWN,UNKNOWN,UNKNOWN,UNKNOWN,UNKNOWN,UNKNOWN,ROBOTS_RULE_ALLOW,False,False,0,UNKNOWN,UNKNOWN,UNKNOWN,REVIEW,UNKNOWN,Candidate only: source/future/stale-build/link evidence is not proof of public availability
https://spinkorea.kr/blog/ga-event-schema,https://spinkorea.kr/blog/ga-event-schema,post-metadata.generated.json;post-metadata.runtime.generated.json;content-plan.generated.json;existing-dist-unverified-build,blog,"GA4 이벤트 스키마 사례별 정리, 검증 절차 중심",src/data/content-plan.generated.json,scheduled;date=2026-08-17T12:00:00+09:00,EXISTING_ARTIFACT_NOT_FRESH,UNKNOWN,UNKNOWN,UNKNOWN,UNKNOWN,UNKNOWN,UNKNOWN,ROBOTS_RULE_ALLOW,False,False,0,UNKNOWN,UNKNOWN,UNKNOWN,REVIEW,UNKNOWN,Candidate only: source/future/stale-build/link evidence is not proof of public availability
https://spinkorea.kr/blog/ga-script-duplicate,https://spinkorea.kr/blog/ga-script-duplicate,post-metadata.generated.json;post-metadata.runtime.generated.json;content-plan.generated.json;existing-dist-unverified-build,blog,"GA 스크립트 중복 개선 포인트, 검증 절차",src/data/content-plan.generated.json,scheduled;date=2026-07-09T23:00:00+09:00,EXISTING_ARTIFACT_NOT_FRESH,UNKNOWN,UNKNOWN,UNKNOWN,UNKNOWN,UNKNOWN,UNKNOWN,ROBOTS_RULE_ALLOW,False,False,0,UNKNOWN,UNKNOWN,UNKNOWN,REVIEW,UNKNOWN,Candidate only: source/future/stale-build/link evidence is not proof of public availability
https://spinkorea.kr/blog/ga4-event-map,https://spinkorea.kr/blog/ga4-event-map,post-metadata.generated.json;post-metadata.runtime.generated.json;content-plan.generated.json;existing-dist-unverified-build,blog,"GA4 이벤트 맵 판단법, 사이트맵 중심",src/data/content-plan.generated.json,scheduled;date=2026-06-13T17:00:00+09:00,EXISTING_ARTIFACT_NOT_FRESH,UNKNOWN,UNKNOWN,UNKNOWN,UNKNOWN,UNKNOWN,UNKNOWN,ROBOTS_RULE_ALLOW,False,False,0,UNKNOWN,UNKNOWN,UNKNOWN,REVIEW,UNKNOWN,Candidate only: source/future/stale-build/link evidence is not proof of public availability
https://spinkorea.kr/blog/ga4-event-test,https://spinkorea.kr/blog/ga4-event-test,post-metadata.generated.json;post-metadata.runtime.generated.json;content-plan.generated.json;existing-dist-unverified-build,blog,"GA4 이벤트 테스트 실행 순서, 배포 전 점검까지",src/data/content-plan.generated.json,scheduled;date=2026-05-31T04:00:00+09:00,EXISTING_ARTIFACT_NOT_FRESH,UNKNOWN,UNKNOWN,UNKNOWN,UNKNOWN,UNKNOWN,UNKNOWN,ROBOTS_RULE_ALLOW,False,False,0,UNKNOWN,UNKNOWN,UNKNOWN,REVIEW,UNKNOWN,Candidate only: source/future/stale-build/link evidence is not proof of public availability
https://spinkorea.kr/blog/game-turn-randomizer,https://spinkorea.kr/blog/game-turn-randomizer,post-metadata.generated.json;post-metadata.runtime.generated.json;content-plan.generated.json;existing-dist-unverified-build,blog,"게임 순서 랜덤 선택법, 결과 기록과 공정성",src/data/content-plan.generated.json,scheduled;date=2026-05-08T16:00:00+09:00,EXISTING_ARTIFACT_NOT_FRESH,UNKNOWN,UNKNOWN,UNKNOWN,UNKNOWN,UNKNOWN,UNKNOWN,ROBOTS_RULE_ALLOW,False,False,0,UNKNOWN,UNKNOWN,UNKNOWN,REVIEW,UNKNOWN,Candidate only: source/future/stale-build/link evidence is not proof of public availability
https://spinkorea.kr/blog/gentle-exercise-plan,https://spinkorea.kr/blog/gentle-exercise-plan,post-metadata.generated.json;post-metadata.runtime.generated.json;content-plan.generated.json;existing-dist-unverified-build,blog,가벼운 운동 계획 FAQ: 루틴 설계 답변,src/data/content-plan.generated.json,scheduled;date=2026-07-20T14:00:00+09:00,EXISTING_ARTIFACT_NOT_FRESH,UNKNOWN,UNKNOWN,UNKNOWN,UNKNOWN,UNKNOWN,UNKNOWN,ROBOTS_RULE_ALLOW,False,False,0,UNKNOWN,UNKNOWN,UNKNOWN,REVIEW,UNKNOWN,Candidate only: source/future/stale-build/link evidence is not proof of public availability
https://spinkorea.kr/blog/gentle-goal-rule,https://spinkorea.kr/blog/gentle-goal-rule,post-metadata.generated.json;post-metadata.runtime.generated.json;content-plan.generated.json;existing-dist-unverified-build,blog,"무리 없는 목표 설정 발행 전 검토, 자가 점검",src/data/content-plan.generated.json,scheduled;date=2026-06-12T01:00:00+09:00,EXISTING_ARTIFACT_NOT_FRESH,UNKNOWN,UNKNOWN,UNKNOWN,UNKNOWN,UNKNOWN,UNKNOWN,ROBOTS_RULE_ALLOW,False,False,0,UNKNOWN,UNKNOWN,UNKNOWN,REVIEW,UNKNOWN,Candidate only: source/future/stale-build/link evidence is not proof of public availability
https://spinkorea.kr/blog/gentle-planning-day,https://spinkorea.kr/blog/gentle-planning-day,post-metadata.generated.json;post-metadata.runtime.generated.json;content-plan.generated.json;existing-dist-unverified-build,blog,"느슨한 계획일 선택법, 자가 점검과 루틴 설계",src/data/content-plan.generated.json,scheduled;date=2026-08-29T04:00:00+09:00,EXISTING_ARTIFACT_NOT_FRESH,UNKNOWN,UNKNOWN,UNKNOWN,UNKNOWN,UNKNOWN,UNKNOWN,ROBOTS_RULE_ALLOW,False,False,0,UNKNOWN,UNKNOWN,UNKNOWN,REVIEW,UNKNOWN,Candidate only: source/future/stale-build/link evidence is not proof of public availability
https://spinkorea.kr/blog/gift-budget-limit,https://spinkorea.kr/blog/gift-budget-limit,post-metadata.generated.json;post-metadata.runtime.generated.json;content-plan.generated.json;existing-dist-unverified-build,blog,"선물 예산 상한 상황별 표, 생활 적용",src/data/content-plan.generated.json,scheduled;date=2026-05-19T22:00:00+09:00,EXISTING_ARTIFACT_NOT_FRESH,UNKNOWN,UNKNOWN,UNKNOWN,UNKNOWN,UNKNOWN,UNKNOWN,ROBOTS_RULE_ALLOW,False,False,0,UNKNOWN,UNKNOWN,UNKNOWN,REVIEW,UNKNOWN,Candidate only: source/future/stale-build/link evidence is not proof of public availability
https://spinkorea.kr/blog/gift-deadline-plan,https://spinkorea.kr/blog/gift-deadline-plan,post-metadata.generated.json;post-metadata.runtime.generated.json;content-plan.generated.json;existing-dist-unverified-build,blog,"선물 준비 마감 비교법, 실수 방지와 입력값 확인",src/data/content-plan.generated.json,scheduled;date=2026-08-06T01:00:00+09:00,EXISTING_ARTIFACT_NOT_FRESH,UNKNOWN,UNKNOWN,UNKNOWN,UNKNOWN,UNKNOWN,UNKNOWN,ROBOTS_RULE_ALLOW,False,False,0,UNKNOWN,UNKNOWN,UNKNOWN,REVIEW,UNKNOWN,Candidate only: source/future/stale-build/link evidence is not proof of public availability
https://spinkorea.kr/blog/gift-exchange-draw,https://spinkorea.kr/blog/gift-exchange-draw,post-metadata.generated.json;post-metadata.runtime.generated.json;content-plan.generated.json;existing-dist-unverified-build,blog,"선물 교환 추첨 초보 흐름, 확률 설정 중심",src/data/content-plan.generated.json,scheduled;date=2026-05-08T06:00:00+09:00,EXISTING_ARTIFACT_NOT_FRESH,UNKNOWN,UNKNOWN,UNKNOWN,UNKNOWN,UNKNOWN,UNKNOWN,ROBOTS_RULE_ALLOW,False,False,0,UNKNOWN,UNKNOWN,UNKNOWN,REVIEW,UNKNOWN,Candidate only: source/future/stale-build/link evidence is not proof of public availability
https://spinkorea.kr/blog/gift-price-range,https://spinkorea.kr/blog/gift-price-range,post-metadata.generated.json;post-metadata.runtime.generated.json;content-plan.generated.json;existing-dist-unverified-build,blog,"선물 가격대 정리 판단법, 결과 해석 중심",src/data/content-plan.generated.json,scheduled;date=2026-06-26T05:00:00+09:00,EXISTING_ARTIFACT_NOT_FRESH,UNKNOWN,UNKNOWN,UNKNOWN,UNKNOWN,UNKNOWN,UNKNOWN,ROBOTS_RULE_ALLOW,False,False,0,UNKNOWN,UNKNOWN,UNKNOWN,REVIEW,UNKNOWN,Candidate only: source/future/stale-build/link evidence is not proof of public availability
https://spinkorea.kr/blog/goal-setting-smart,https://spinkorea.kr/blog/goal-setting-smart,post-metadata.generated.json;post-metadata.runtime.generated.json;existing-dist-unverified-build;LIVE_SITEMAP;LIVE_RSS;link:https://spinkorea.kr/blog;LIVE_HTTP,blog,목표 설정의 과학: SMART 목표 vs OKR — 무엇을 써야 하나,src/data/post-metadata.runtime.generated.json,curated;date=2026-04-27,EXISTING_ARTIFACT_NOT_FRESH,200,https://spinkorea.kr/blog/goal-setting-smart,[],https://spinkorea.kr/blog/goal-setting-smart,ABSENT,ABSENT,ROBOTS_RULE_ALLOW,True,True,1,UNKNOWN,SCRIPT_PRESENT;DISPLAY_UNKNOWN,2026-09-19T23:03:25.601024+09:00,REVIEW,http-evidence.json,HTTP observation applies to fetched URL only; fragment variants retained; deployment SHA UNKNOWN
https://spinkorea.kr/blog/goal-setting-smart#post-content,https://spinkorea.kr/blog/goal-setting-smart,link:https://spinkorea.kr/blog/goal-setting-smart,blog,UNKNOWN,UNKNOWN,UNKNOWN,UNKNOWN,UNKNOWN,UNKNOWN,UNKNOWN,UNKNOWN,UNKNOWN,UNKNOWN,ROBOTS_RULE_ALLOW,False,UNKNOWN,UNKNOWN,UNKNOWN,UNKNOWN,UNKNOWN,REVIEW,UNKNOWN,Candidate only: source/future/stale-build/link evidence is not proof of public availability
https://spinkorea.kr/blog/goal-setting-smart#post-related,https://spinkorea.kr/blog/goal-setting-smart,link:https://spinkorea.kr/blog/goal-setting-smart,blog,UNKNOWN,UNKNOWN,UNKNOWN,UNKNOWN,UNKNOWN,UNKNOWN,UNKNOWN,UNKNOWN,UNKNOWN,UNKNOWN,ROBOTS_RULE_ALLOW,False,UNKNOWN,UNKNOWN,UNKNOWN,UNKNOWN,UNKNOWN,REVIEW,UNKNOWN,Candidate only: source/future/stale-build/link evidence is not proof of public availability
https://spinkorea.kr/blog/goal-setting-smart#post-summary,https://spinkorea.kr/blog/goal-setting-smart,link:https://spinkorea.kr/blog/goal-setting-smart,blog,UNKNOWN,UNKNOWN,UNKNOWN,UNKNOWN,UNKNOWN,UNKNOWN,UNKNOWN,UNKNOWN,UNKNOWN,UNKNOWN,ROBOTS_RULE_ALLOW,False,UNKNOWN,UNKNOWN,UNKNOWN,UNKNOWN,UNKNOWN,REVIEW,UNKNOWN,Candidate only: source/future/stale-build/link evidence is not proof of public availability
https://spinkorea.kr/blog/google-calendar-tips,https://spinkorea.kr/blog/google-calendar-tips,post-metadata.generated.json;post-metadata.runtime.generated.json;existing-dist-unverified-build;LIVE_SITEMAP;LIVE_RSS;link:https://spinkorea.kr/blog;LIVE_HTTP,blog,구글 캘린더 100% 활용법: 시간을 설계하는 방법,src/data/post-metadata.runtime.generated.json,curated;date=2026-05-19,EXISTING_ARTIFACT_NOT_FRESH,200,https://spinkorea.kr/blog/google-calendar-tips,[],https://spinkorea.kr/blog/google-calendar-tips,ABSENT,ABSENT,ROBOTS_RULE_ALLOW,True,True,1,UNKNOWN,SCRIPT_PRESENT;DISPLAY_UNKNOWN,2026-09-19T23:03:26.357879+09:00,REVIEW,http-evidence.json,HTTP observation applies to fetched URL only; fragment variants retained; deployment SHA UNKNOWN
https://spinkorea.kr/blog/google-calendar-tips#post-content,https://spinkorea.kr/blog/google-calendar-tips,link:https://spinkorea.kr/blog/google-calendar-tips,blog,UNKNOWN,UNKNOWN,UNKNOWN,UNKNOWN,UNKNOWN,UNKNOWN,UNKNOWN,UNKNOWN,UNKNOWN,UNKNOWN,ROBOTS_RULE_ALLOW,False,UNKNOWN,UNKNOWN,UNKNOWN,UNKNOWN,UNKNOWN,REVIEW,UNKNOWN,Candidate only: source/future/stale-build/link evidence is not proof of public availability
https://spinkorea.kr/blog/google-calendar-tips#post-related,https://spinkorea.kr/blog/google-calendar-tips,link:https://spinkorea.kr/blog/google-calendar-tips,blog,UNKNOWN,UNKNOWN,UNKNOWN,UNKNOWN,UNKNOWN,UNKNOWN,UNKNOWN,UNKNOWN,UNKNOWN,UNKNOWN,ROBOTS_RULE_ALLOW,False,UNKNOWN,UNKNOWN,UNKNOWN,UNKNOWN,UNKNOWN,REVIEW,UNKNOWN,Candidate only: source/future/stale-build/link evidence is not proof of public availability
https://spinkorea.kr/blog/google-calendar-tips#post-summary,https://spinkorea.kr/blog/google-calendar-tips,link:https://spinkorea.kr/blog/google-calendar-tips,blog,UNKNOWN,UNKNOWN,UNKNOWN,UNKNOWN,UNKNOWN,UNKNOWN,UNKNOWN,UNKNOWN,UNKNOWN,UNKNOWN,ROBOTS_RULE_ALLOW,False,UNKNOWN,UNKNOWN,UNKNOWN,UNKNOWN,UNKNOWN,REVIEW,UNKNOWN,Candidate only: source/future/stale-build/link evidence is not proof of public availability
https://spinkorea.kr/blog/gratitude-journal,https://spinkorea.kr/blog/gratitude-journal,post-metadata.generated.json;post-metadata.runtime.generated.json;existing-dist-unverified-build;LIVE_SITEMAP;LIVE_RSS;link:https://spinkorea.kr/blog;LIVE_HTTP,blog,감사 일기의 효과: 5분으로 바꾸는 하루의 질,src/data/post-metadata.runtime.generated.json,curated;date=2026-05-07,EXISTING_ARTIFACT_NOT_FRESH,200,https://spinkorea.kr/blog/gratitude-journal,[],https://spinkorea.kr/blog/gratitude-journal,ABSENT,ABSENT,ROBOTS_RULE_ALLOW,True,True,1,UNKNOWN,SCRIPT_PRESENT;DISPLAY_UNKNOWN,2026-09-19T23:03:27.106110+09:00,REVIEW,http-evidence.json,HTTP observation applies to fetched URL only; fragment variants retained; deployment SHA UNKNOWN
https://spinkorea.kr/blog/gratitude-journal#post-content,https://spinkorea.kr/blog/gratitude-journal,link:https://spinkorea.kr/blog/gratitude-journal,blog,UNKNOWN,UNKNOWN,UNKNOWN,UNKNOWN,UNKNOWN,UNKNOWN,UNKNOWN,UNKNOWN,UNKNOWN,UNKNOWN,ROBOTS_RULE_ALLOW,False,UNKNOWN,UNKNOWN,UNKNOWN,UNKNOWN,UNKNOWN,REVIEW,UNKNOWN,Candidate only: source/future/stale-build/link evidence is not proof of public availability
https://spinkorea.kr/blog/gratitude-journal#post-related,https://spinkorea.kr/blog/gratitude-journal,link:https://spinkorea.kr/blog/gratitude-journal,blog,UNKNOWN,UNKNOWN,UNKNOWN,UNKNOWN,UNKNOWN,UNKNOWN,UNKNOWN,UNKNOWN,UNKNOWN,UNKNOWN,ROBOTS_RULE_ALLOW,False,UNKNOWN,UNKNOWN,UNKNOWN,UNKNOWN,UNKNOWN,REVIEW,UNKNOWN,Candidate only: source/future/stale-build/link evidence is not proof of public availability
https://spinkorea.kr/blog/gratitude-journal#post-summary,https://spinkorea.kr/blog/gratitude-journal,link:https://spinkorea.kr/blog/gratitude-journal,blog,UNKNOWN,UNKNOWN,UNKNOWN,UNKNOWN,UNKNOWN,UNKNOWN,UNKNOWN,UNKNOWN,UNKNOWN,UNKNOWN,ROBOTS_RULE_ALLOW,False,UNKNOWN,UNKNOWN,UNKNOWN,UNKNOWN,UNKNOWN,REVIEW,UNKNOWN,Candidate only: source/future/stale-build/link evidence is not proof of public availability
https://spinkorea.kr/blog/grocery-unit-price,https://spinkorea.kr/blog/grocery-unit-price,post-metadata.generated.json;post-metadata.runtime.generated.json;content-plan.generated.json;existing-dist-unverified-build,blog,"장보기 단가 비교 발행 전 검토, 결과 해석",src/data/content-plan.generated.json,scheduled;date=2026-05-18T01:00:00+09:00,EXISTING_ARTIFACT_NOT_FRESH,UNKNOWN,UNKNOWN,UNKNOWN,UNKNOWN,UNKNOWN,UNKNOWN,ROBOTS_RULE_ALLOW,False,False,0,UNKNOWN,UNKNOWN,UNKNOWN,REVIEW,UNKNOWN,Candidate only: source/future/stale-build/link evidence is not proof of public availability
https://spinkorea.kr/blog/gsc-api-permission,https://spinkorea.kr/blog/gsc-api-permission,post-metadata.generated.json;post-metadata.runtime.generated.json;content-plan.generated.json;existing-dist-unverified-build,blog,"GSC API 권한 빠른 정리, 보안 확인까지",src/data/content-plan.generated.json,scheduled;date=2026-08-16T21:00:00+09:00,EXISTING_ARTIFACT_NOT_FRESH,UNKNOWN,UNKNOWN,UNKNOWN,UNKNOWN,UNKNOWN,UNKNOWN,ROBOTS_RULE_ALLOW,False,False,0,UNKNOWN,UNKNOWN,UNKNOWN,REVIEW,UNKNOWN,Candidate only: source/future/stale-build/link evidence is not proof of public availability
https://spinkorea.kr/blog/gsc-click-drop-note,https://spinkorea.kr/blog/gsc-click-drop-note,post-metadata.generated.json;post-metadata.runtime.generated.json;content-plan.generated.json;existing-dist-unverified-build,blog,"GSC 클릭 감소 메모 실수 방지, 검색 의도 먼저",src/data/content-plan.generated.json,scheduled;date=2026-09-05T16:00:00+09:00,EXISTING_ARTIFACT_NOT_FRESH,UNKNOWN,UNKNOWN,UNKNOWN,UNKNOWN,UNKNOWN,UNKNOWN,ROBOTS_RULE_ALLOW,False,False,0,UNKNOWN,UNKNOWN,UNKNOWN,REVIEW,UNKNOWN,Candidate only: source/future/stale-build/link evidence is not proof of public availability
https://spinkorea.kr/blog/gsc-query-review,https://spinkorea.kr/blog/gsc-query-review,post-metadata.generated.json;post-metadata.runtime.generated.json;content-plan.generated.json;existing-dist-unverified-build,blog,"GSC 검색어 점검 운영법, 내부 링크 남기기",src/data/content-plan.generated.json,scheduled;date=2026-06-13T12:00:00+09:00,EXISTING_ARTIFACT_NOT_FRESH,UNKNOWN,UNKNOWN,UNKNOWN,UNKNOWN,UNKNOWN,UNKNOWN,ROBOTS_RULE_ALLOW,False,False,0,UNKNOWN,UNKNOWN,UNKNOWN,REVIEW,UNKNOWN,Candidate only: source/future/stale-build/link evidence is not proof of public availability
https://spinkorea.kr/blog/gsc-service-account,https://spinkorea.kr/blog/gsc-service-account,post-metadata.generated.json;post-metadata.runtime.generated.json;content-plan.generated.json;existing-dist-unverified-build,blog,"GSC 서비스 계정 검토 순서, 디버깅 활용",src/data/content-plan.generated.json,scheduled;date=2026-07-10T14:00:00+09:00,EXISTING_ARTIFACT_NOT_FRESH,UNKNOWN,UNKNOWN,UNKNOWN,UNKNOWN,UNKNOWN,UNKNOWN,ROBOTS_RULE_ALLOW,False,False,0,UNKNOWN,UNKNOWN,UNKNOWN,REVIEW,UNKNOWN,Candidate only: source/future/stale-build/link evidence is not proof of public availability
https://spinkorea.kr/blog/gsc-sitemap-pending,https://spinkorea.kr/blog/gsc-sitemap-pending,post-metadata.generated.json;post-metadata.runtime.generated.json;content-plan.generated.json;existing-dist-unverified-build,blog,"GSC 사이트맵 대기 판단법, 메타 설명 중심",src/data/content-plan.generated.json,scheduled;date=2026-07-25T09:00:00+09:00,EXISTING_ARTIFACT_NOT_FRESH,UNKNOWN,UNKNOWN,UNKNOWN,UNKNOWN,UNKNOWN,UNKNOWN,ROBOTS_RULE_ALLOW,False,False,0,UNKNOWN,UNKNOWN,UNKNOWN,REVIEW,UNKNOWN,Candidate only: source/future/stale-build/link evidence is not proof of public availability
https://spinkorea.kr/blog/guide-ending-action,https://spinkorea.kr/blog/guide-ending-action,post-metadata.generated.json;post-metadata.runtime.generated.json;content-plan.generated.json;existing-dist-unverified-build,blog,"가이드 마지막 행동 비교법, 표현 정리와 가독성",src/data/content-plan.generated.json,scheduled;date=2026-08-14T09:00:00+09:00,EXISTING_ARTIFACT_NOT_FRESH,UNKNOWN,UNKNOWN,UNKNOWN,UNKNOWN,UNKNOWN,UNKNOWN,ROBOTS_RULE_ALLOW,False,False,0,UNKNOWN,UNKNOWN,UNKNOWN,REVIEW,UNKNOWN,Candidate only: source/future/stale-build/link evidence is not proof of public availability
https://spinkorea.kr/blog/habit-friction-reduce,https://spinkorea.kr/blog/habit-friction-reduce,post-metadata.generated.json;post-metadata.runtime.generated.json;content-plan.generated.json;existing-dist-unverified-build,blog,"습관 마찰 줄이기 초보 흐름, 생활 적용 중심",src/data/content-plan.generated.json,scheduled;date=2026-07-22T06:00:00+09:00,EXISTING_ARTIFACT_NOT_FRESH,UNKNOWN,UNKNOWN,UNKNOWN,UNKNOWN,UNKNOWN,UNKNOWN,ROBOTS_RULE_ALLOW,False,False,0,UNKNOWN,UNKNOWN,UNKNOWN,REVIEW,UNKNOWN,Candidate only: source/future/stale-build/link evidence is not proof of public availability
https://spinkorea.kr/blog/habit-small-start,https://spinkorea.kr/blog/habit-small-start,post-metadata.generated.json;post-metadata.runtime.generated.json;content-plan.generated.json;existing-dist-unverified-build,blog,"작은 습관 시작 실전 흐름, 무리 없는 기준부터",src/data/content-plan.generated.json,scheduled;date=2026-06-09T23:00:00+09:00,EXISTING_ARTIFACT_NOT_FRESH,UNKNOWN,UNKNOWN,UNKNOWN,UNKNOWN,UNKNOWN,UNKNOWN,ROBOTS_RULE_ALLOW,False,False,0,UNKNOWN,UNKNOWN,UNKNOWN,REVIEW,UNKNOWN,Candidate only: source/future/stale-build/link evidence is not proof of public availability
https://spinkorea.kr/blog/handoff-note-template,https://spinkorea.kr/blog/handoff-note-template,post-metadata.generated.json;post-metadata.runtime.generated.json;content-plan.generated.json;existing-dist-unverified-build,blog,인수인계 메모 FAQ: 우선순위 답변,src/data/content-plan.generated.json,scheduled;date=2026-06-04T18:00:00+09:00,EXISTING_ARTIFACT_NOT_FRESH,UNKNOWN,UNKNOWN,UNKNOWN,UNKNOWN,UNKNOWN,UNKNOWN,ROBOTS_RULE_ALLOW,False,False,0,UNKNOWN,UNKNOWN,UNKNOWN,REVIEW,UNKNOWN,Candidate only: source/future/stale-build/link evidence is not proof of public availability
https://spinkorea.kr/blog/handoff-ready-state,https://spinkorea.kr/blog/handoff-ready-state,post-metadata.generated.json;post-metadata.runtime.generated.json;content-plan.generated.json;existing-dist-unverified-build,blog,"인수인계 준비 상태 판단법, 회의 운영 중심",src/data/content-plan.generated.json,scheduled;date=2026-08-27T17:00:00+09:00,EXISTING_ARTIFACT_NOT_FRESH,UNKNOWN,UNKNOWN,UNKNOWN,UNKNOWN,UNKNOWN,UNKNOWN,ROBOTS_RULE_ALLOW,False,False,0,UNKNOWN,UNKNOWN,UNKNOWN,REVIEW,UNKNOWN,Candidate only: source/future/stale-build/link evidence is not proof of public availability
https://spinkorea.kr/blog/handover-risk-list,https://spinkorea.kr/blog/handover-risk-list,post-metadata.generated.json;post-metadata.runtime.generated.json;content-plan.generated.json;existing-dist-unverified-build,blog,"인수인계 위험 목록 빠른 정리, 집중 시간까지",src/data/content-plan.generated.json,scheduled;date=2026-07-14T13:00:00+09:00,EXISTING_ARTIFACT_NOT_FRESH,UNKNOWN,UNKNOWN,UNKNOWN,UNKNOWN,UNKNOWN,UNKNOWN,ROBOTS_RULE_ALLOW,False,False,0,UNKNOWN,UNKNOWN,UNKNOWN,REVIEW,UNKNOWN,Candidate only: source/future/stale-build/link evidence is not proof of public availability
https://spinkorea.kr/blog/headline-trim-rule,https://spinkorea.kr/blog/headline-trim-rule,post-metadata.generated.json;post-metadata.runtime.generated.json;content-plan.generated.json;existing-dist-unverified-build,blog,긴 제목 줄이기 체크리스트: 검토 순서 핵심,src/data/content-plan.generated.json,scheduled;date=2026-05-22T15:00:00+09:00,EXISTING_ARTIFACT_NOT_FRESH,UNKNOWN,UNKNOWN,UNKNOWN,UNKNOWN,UNKNOWN,UNKNOWN,ROBOTS_RULE_ALLOW,False,False,0,UNKNOWN,UNKNOWN,UNKNOWN,REVIEW,UNKNOWN,Candidate only: source/future/stale-build/link evidence is not proof of public availability
https://spinkorea.kr/blog/healthy-choice-wheel,https://spinkorea.kr/blog/healthy-choice-wheel,post-metadata.generated.json;post-metadata.runtime.generated.json;content-plan.generated.json;existing-dist-unverified-build,blog,"건강 선택 룰렛, 무리 없는 기준 전에 볼 점",src/data/content-plan.generated.json,scheduled;date=2026-08-31T11:00:00+09:00,EXISTING_ARTIFACT_NOT_FRESH,UNKNOWN,UNKNOWN,UNKNOWN,UNKNOWN,UNKNOWN,UNKNOWN,ROBOTS_RULE_ALLOW,False,False,0,UNKNOWN,UNKNOWN,UNKNOWN,REVIEW,UNKNOWN,Candidate only: source/future/stale-build/link evidence is not proof of public availability
https://spinkorea.kr/blog/healthy-menu-rotation,https://spinkorea.kr/blog/healthy-menu-rotation,post-metadata.generated.json;post-metadata.runtime.generated.json;content-plan.generated.json;existing-dist-unverified-build,blog,"건강 메뉴 순환 선택법, 자가 점검과 루틴 설계",src/data/content-plan.generated.json,scheduled;date=2026-07-22T16:00:00+09:00,EXISTING_ARTIFACT_NOT_FRESH,UNKNOWN,UNKNOWN,UNKNOWN,UNKNOWN,UNKNOWN,UNKNOWN,ROBOTS_RULE_ALLOW,False,False,0,UNKNOWN,UNKNOWN,UNKNOWN,REVIEW,UNKNOWN,Candidate only: source/future/stale-build/link evidence is not proof of public availability
https://spinkorea.kr/blog/help-doc-title-rule,https://spinkorea.kr/blog/help-doc-title-rule,post-metadata.generated.json;post-metadata.runtime.generated.json;content-plan.generated.json;existing-dist-unverified-build,blog,"도움말 제목 규칙 실전 흐름, 가독성부터",src/data/content-plan.generated.json,scheduled;date=2026-08-15T15:00:00+09:00,EXISTING_ARTIFACT_NOT_FRESH,UNKNOWN,UNKNOWN,UNKNOWN,UNKNOWN,UNKNOWN,UNKNOWN,ROBOTS_RULE_ALLOW,False,False,0,UNKNOWN,UNKNOWN,UNKNOWN,REVIEW,UNKNOWN,Candidate only: source/future/stale-build/link evidence is not proof of public availability
https://spinkorea.kr/blog/help-page-structure,https://spinkorea.kr/blog/help-page-structure,post-metadata.generated.json;post-metadata.runtime.generated.json;content-plan.generated.json;existing-dist-unverified-build,blog,"도움말 페이지 구조 운영 체크, 표현 정리 반영",src/data/content-plan.generated.json,scheduled;date=2026-05-25T23:00:00+09:00,EXISTING_ARTIFACT_NOT_FRESH,UNKNOWN,UNKNOWN,UNKNOWN,UNKNOWN,UNKNOWN,UNKNOWN,ROBOTS_RULE_ALLOW,False,False,0,UNKNOWN,UNKNOWN,UNKNOWN,REVIEW,UNKNOWN,Candidate only: source/future/stale-build/link evidence is not proof of public availability
https://spinkorea.kr/blog/hex-color-contrast-ratio,https://spinkorea.kr/blog/hex-color-contrast-ratio,post-metadata.generated.json;post-metadata.runtime.generated.json;content-plan.generated.json,blog,HEX 색상 변환 다음에 해야 할 일: WCAG 대비비 4.5:1 계산,src/data/content-plan.generated.json,scheduled;date=2026-10-09T08:00:00+09:00,UNKNOWN,UNKNOWN,UNKNOWN,UNKNOWN,UNKNOWN,UNKNOWN,UNKNOWN,ROBOTS_RULE_ALLOW,False,False,0,UNKNOWN,UNKNOWN,UNKNOWN,REVIEW,UNKNOWN,Candidate only: source/future/stale-build/link evidence is not proof of public availability
https://spinkorea.kr/blog/hex-rgb-hsl-rounding,https://spinkorea.kr/blog/hex-rgb-hsl-rounding,post-metadata.generated.json;post-metadata.runtime.generated.json;content-plan.generated.json;LIVE_SITEMAP;LIVE_RSS;link:https://spinkorea.kr/blog;LIVE_HTTP,blog,HEX·RGB·HSL 변환값이 조금씩 다른 이유,src/data/content-plan.generated.json,scheduled;date=2026-09-16T08:00:00+09:00,UNKNOWN,200,https://spinkorea.kr/blog/hex-rgb-hsl-rounding,[],https://spinkorea.kr/blog/hex-rgb-hsl-rounding,ABSENT,ABSENT,ROBOTS_RULE_ALLOW,True,True,1,UNKNOWN,SCRIPT_PRESENT;DISPLAY_UNKNOWN,2026-09-19T23:03:27.865400+09:00,REVIEW,http-evidence.json,HTTP observation applies to fetched URL only; fragment variants retained; deployment SHA UNKNOWN
https://spinkorea.kr/blog/hex-rgb-hsl-rounding#post-content,https://spinkorea.kr/blog/hex-rgb-hsl-rounding,link:https://spinkorea.kr/blog/hex-rgb-hsl-rounding,blog,UNKNOWN,UNKNOWN,UNKNOWN,UNKNOWN,UNKNOWN,UNKNOWN,UNKNOWN,UNKNOWN,UNKNOWN,UNKNOWN,ROBOTS_RULE_ALLOW,False,UNKNOWN,UNKNOWN,UNKNOWN,UNKNOWN,UNKNOWN,REVIEW,UNKNOWN,Candidate only: source/future/stale-build/link evidence is not proof of public availability
https://spinkorea.kr/blog/hex-rgb-hsl-rounding#post-related,https://spinkorea.kr/blog/hex-rgb-hsl-rounding,link:https://spinkorea.kr/blog/hex-rgb-hsl-rounding,blog,UNKNOWN,UNKNOWN,UNKNOWN,UNKNOWN,UNKNOWN,UNKNOWN,UNKNOWN,UNKNOWN,UNKNOWN,UNKNOWN,ROBOTS_RULE_ALLOW,False,UNKNOWN,UNKNOWN,UNKNOWN,UNKNOWN,UNKNOWN,REVIEW,UNKNOWN,Candidate only: source/future/stale-build/link evidence is not proof of public availability
https://spinkorea.kr/blog/hex-rgb-hsl-rounding#post-summary,https://spinkorea.kr/blog/hex-rgb-hsl-rounding,link:https://spinkorea.kr/blog/hex-rgb-hsl-rounding,blog,UNKNOWN,UNKNOWN,UNKNOWN,UNKNOWN,UNKNOWN,UNKNOWN,UNKNOWN,UNKNOWN,UNKNOWN,UNKNOWN,ROBOTS_RULE_ALLOW,False,UNKNOWN,UNKNOWN,UNKNOWN,UNKNOWN,UNKNOWN,REVIEW,UNKNOWN,Candidate only: source/future/stale-build/link evidence is not proof of public availability
https://spinkorea.kr/blog/holiday-workday-count,https://spinkorea.kr/blog/holiday-workday-count,post-metadata.generated.json;post-metadata.runtime.generated.json;content-plan.generated.json;existing-dist-unverified-build,blog,"공휴일 근무일 계산 적용 순서, 생활 적용 확인",src/data/content-plan.generated.json,scheduled;date=2026-06-22T21:00:00+09:00,EXISTING_ARTIFACT_NOT_FRESH,UNKNOWN,UNKNOWN,UNKNOWN,UNKNOWN,UNKNOWN,UNKNOWN,ROBOTS_RULE_ALLOW,False,False,0,UNKNOWN,UNKNOWN,UNKNOWN,REVIEW,UNKNOWN,Candidate only: source/future/stale-build/link evidence is not proof of public availability
https://spinkorea.kr/blog/home-appliance-warranty,https://spinkorea.kr/blog/home-appliance-warranty,post-metadata.generated.json;post-metadata.runtime.generated.json;content-plan.generated.json;existing-dist-unverified-build,blog,가전 보증 메모 FAQ: 계산 기준 답변,src/data/content-plan.generated.json,scheduled;date=2026-06-25T14:00:00+09:00,EXISTING_ARTIFACT_NOT_FRESH,UNKNOWN,UNKNOWN,UNKNOWN,UNKNOWN,UNKNOWN,UNKNOWN,ROBOTS_RULE_ALLOW,False,False,0,UNKNOWN,UNKNOWN,UNKNOWN,REVIEW,UNKNOWN,Candidate only: source/future/stale-build/link evidence is not proof of public availability
https://spinkorea.kr/blog/home-inventory-count,https://spinkorea.kr/blog/home-inventory-count,post-metadata.generated.json;post-metadata.runtime.generated.json;content-plan.generated.json;existing-dist-unverified-build,blog,"집 재고 목록 실행 순서, 생활 적용까지",src/data/content-plan.generated.json,scheduled;date=2026-08-05T20:00:00+09:00,EXISTING_ARTIFACT_NOT_FRESH,UNKNOWN,UNKNOWN,UNKNOWN,UNKNOWN,UNKNOWN,UNKNOWN,ROBOTS_RULE_ALLOW,False,False,0,UNKNOWN,UNKNOWN,UNKNOWN,REVIEW,UNKNOWN,Candidate only: source/future/stale-build/link evidence is not proof of public availability
https://spinkorea.kr/blog/home-repair-budget,https://spinkorea.kr/blog/home-repair-budget,post-metadata.generated.json;post-metadata.runtime.generated.json;content-plan.generated.json;existing-dist-unverified-build,blog,집수리 예산 체크리스트: 결과 해석 핵심,src/data/content-plan.generated.json,scheduled;date=2026-06-29T03:00:00+09:00,EXISTING_ARTIFACT_NOT_FRESH,UNKNOWN,UNKNOWN,UNKNOWN,UNKNOWN,UNKNOWN,UNKNOWN,ROBOTS_RULE_ALLOW,False,False,0,UNKNOWN,UNKNOWN,UNKNOWN,REVIEW,UNKNOWN,Candidate only: source/future/stale-build/link evidence is not proof of public availability
https://spinkorea.kr/blog/home-work-boundary,https://spinkorea.kr/blog/home-work-boundary,post-metadata.generated.json;post-metadata.runtime.generated.json;content-plan.generated.json;existing-dist-unverified-build,blog,"재택근무 경계 운영 체크, 생활 적용 반영",src/data/content-plan.generated.json,scheduled;date=2026-06-11T15:00:00+09:00,EXISTING_ARTIFACT_NOT_FRESH,UNKNOWN,UNKNOWN,UNKNOWN,UNKNOWN,UNKNOWN,UNKNOWN,ROBOTS_RULE_ALLOW,False,False,0,UNKNOWN,UNKNOWN,UNKNOWN,REVIEW,UNKNOWN,Candidate only: source/future/stale-build/link evidence is not proof of public availability
https://spinkorea.kr/blog/homepage-above-fold,https://spinkorea.kr/blog/homepage-above-fold,post-metadata.generated.json;post-metadata.runtime.generated.json;content-plan.generated.json;existing-dist-unverified-build,blog,홈 첫 화면 주제 체크리스트: 사이트맵 핵심,src/data/content-plan.generated.json,scheduled;date=2026-07-24T03:00:00+09:00,EXISTING_ARTIFACT_NOT_FRESH,UNKNOWN,UNKNOWN,UNKNOWN,UNKNOWN,UNKNOWN,UNKNOWN,ROBOTS_RULE_ALLOW,False,False,0,UNKNOWN,UNKNOWN,UNKNOWN,REVIEW,UNKNOWN,Candidate only: source/future/stale-build/link evidence is not proof of public availability
https://spinkorea.kr/blog/homepage-topic-cluster,https://spinkorea.kr/blog/homepage-topic-cluster,post-metadata.generated.json;post-metadata.runtime.generated.json;content-plan.generated.json;existing-dist-unverified-build,blog,"홈페이지 주제 클러스터 발행 전 검토, 사이트맵",src/data/content-plan.generated.json,scheduled;date=2026-06-16T05:00:00+09:00,EXISTING_ARTIFACT_NOT_FRESH,UNKNOWN,UNKNOWN,UNKNOWN,UNKNOWN,UNKNOWN,UNKNOWN,ROBOTS_RULE_ALLOW,False,False,0,UNKNOWN,UNKNOWN,UNKNOWN,REVIEW,UNKNOWN,Candidate only: source/future/stale-build/link evidence is not proof of public availability
https://spinkorea.kr/blog/homepage-trust-signal,https://spinkorea.kr/blog/homepage-trust-signal,post-metadata.generated.json;post-metadata.runtime.generated.json;content-plan.generated.json;existing-dist-unverified-build,blog,"홈 신뢰 신호 검토 순서, 내부 링크 활용",src/data/content-plan.generated.json,scheduled;date=2026-09-02T18:00:00+09:00,EXISTING_ARTIFACT_NOT_FRESH,UNKNOWN,UNKNOWN,UNKNOWN,UNKNOWN,UNKNOWN,UNKNOWN,ROBOTS_RULE_ALLOW,False,False,0,UNKNOWN,UNKNOWN,UNKNOWN,REVIEW,UNKNOWN,Candidate only: source/future/stale-build/link evidence is not proof of public availability
https://spinkorea.kr/blog/household-category-rule,https://spinkorea.kr/blog/household-category-rule,post-metadata.generated.json;post-metadata.runtime.generated.json;content-plan.generated.json;existing-dist-unverified-build,blog,"가계부 분류 기준 초보 흐름, 실수 방지 중심",src/data/content-plan.generated.json,scheduled;date=2026-05-16T14:00:00+09:00,EXISTING_ARTIFACT_NOT_FRESH,UNKNOWN,UNKNOWN,UNKNOWN,UNKNOWN,UNKNOWN,UNKNOWN,ROBOTS_RULE_ALLOW,False,False,0,UNKNOWN,UNKNOWN,UNKNOWN,REVIEW,UNKNOWN,Candidate only: source/future/stale-build/link evidence is not proof of public availability
https://spinkorea.kr/blog/household-chore-time,https://spinkorea.kr/blog/household-chore-time,post-metadata.generated.json;post-metadata.runtime.generated.json;content-plan.generated.json;existing-dist-unverified-build,blog,"집안일 시간표 검토 순서, 입력값 확인 활용",src/data/content-plan.generated.json,scheduled;date=2026-08-04T14:00:00+09:00,EXISTING_ARTIFACT_NOT_FRESH,UNKNOWN,UNKNOWN,UNKNOWN,UNKNOWN,UNKNOWN,UNKNOWN,ROBOTS_RULE_ALLOW,False,False,0,UNKNOWN,UNKNOWN,UNKNOWN,REVIEW,UNKNOWN,Candidate only: source/future/stale-build/link evidence is not proof of public availability
https://spinkorea.kr/blog/howto-step-title,https://spinkorea.kr/blog/howto-step-title,post-metadata.generated.json;post-metadata.runtime.generated.json;content-plan.generated.json;existing-dist-unverified-build,blog,"How-to 단계 제목 실행 순서, 공유 전 확인까지",src/data/content-plan.generated.json,scheduled;date=2026-08-10T00:00:00+09:00,EXISTING_ARTIFACT_NOT_FRESH,UNKNOWN,UNKNOWN,UNKNOWN,UNKNOWN,UNKNOWN,UNKNOWN,ROBOTS_RULE_ALLOW,False,False,0,UNKNOWN,UNKNOWN,UNKNOWN,REVIEW,UNKNOWN,Candidate only: source/future/stale-build/link evidence is not proof of public availability
https://spinkorea.kr/blog/http-status-note,https://spinkorea.kr/blog/http-status-note,post-metadata.generated.json;post-metadata.runtime.generated.json;content-plan.generated.json;existing-dist-unverified-build,blog,"HTTP 상태코드 정리 실행 순서, 배포 전 점검까지",src/data/content-plan.generated.json,scheduled;date=2026-05-27T00:00:00+09:00,EXISTING_ARTIFACT_NOT_FRESH,UNKNOWN,UNKNOWN,UNKNOWN,UNKNOWN,UNKNOWN,UNKNOWN,ROBOTS_RULE_ALLOW,False,False,0,UNKNOWN,UNKNOWN,UNKNOWN,REVIEW,UNKNOWN,Candidate only: source/future/stale-build/link evidence is not proof of public availability
https://spinkorea.kr/blog/http-status-scan,https://spinkorea.kr/blog/http-status-scan,post-metadata.generated.json;post-metadata.runtime.generated.json;content-plan.generated.json;existing-dist-unverified-build,blog,"HTTP 상태 점검 운영 체크, 보안 확인 반영",src/data/content-plan.generated.json,scheduled;date=2026-07-10T19:00:00+09:00,EXISTING_ARTIFACT_NOT_FRESH,UNKNOWN,UNKNOWN,UNKNOWN,UNKNOWN,UNKNOWN,UNKNOWN,ROBOTS_RULE_ALLOW,False,False,0,UNKNOWN,UNKNOWN,UNKNOWN,REVIEW,UNKNOWN,Candidate only: source/future/stale-build/link evidence is not proof of public availability
https://spinkorea.kr/blog/hydration-checklist,https://spinkorea.kr/blog/hydration-checklist,post-metadata.generated.json;post-metadata.runtime.generated.json;content-plan.generated.json;existing-dist-unverified-build,blog,"수분 섭취 체크리스트 사례별 정리, 루틴 설계 중심",src/data/content-plan.generated.json,scheduled;date=2026-07-19T08:00:00+09:00,EXISTING_ARTIFACT_NOT_FRESH,UNKNOWN,UNKNOWN,UNKNOWN,UNKNOWN,UNKNOWN,UNKNOWN,ROBOTS_RULE_ALLOW,False,False,0,UNKNOWN,UNKNOWN,UNKNOWN,REVIEW,UNKNOWN,Candidate only: source/future/stale-build/link evidence is not proof of public availability
https://spinkorea.kr/blog/hydration-desk-cue,https://spinkorea.kr/blog/hydration-desk-cue,post-metadata.generated.json;post-metadata.runtime.generated.json;content-plan.generated.json;existing-dist-unverified-build,blog,"물 마시기 신호 사례별 정리, 루틴 설계 중심",src/data/content-plan.generated.json,scheduled;date=2026-08-30T00:00:00+09:00,EXISTING_ARTIFACT_NOT_FRESH,UNKNOWN,UNKNOWN,UNKNOWN,UNKNOWN,UNKNOWN,UNKNOWN,ROBOTS_RULE_ALLOW,False,False,0,UNKNOWN,UNKNOWN,UNKNOWN,REVIEW,UNKNOWN,Candidate only: source/future/stale-build/link evidence is not proof of public availability
https://spinkorea.kr/blog/icebreaking-question-wheel,https://spinkorea.kr/blog/icebreaking-question-wheel,post-metadata.generated.json;post-metadata.runtime.generated.json;content-plan.generated.json;existing-dist-unverified-build,blog,"아이스브레이킹 질문 검토 순서, 중복 방지 활용",src/data/content-plan.generated.json,scheduled;date=2026-05-09T02:00:00+09:00,EXISTING_ARTIFACT_NOT_FRESH,UNKNOWN,UNKNOWN,UNKNOWN,UNKNOWN,UNKNOWN,UNKNOWN,ROBOTS_RULE_ALLOW,False,False,0,UNKNOWN,UNKNOWN,UNKNOWN,REVIEW,UNKNOWN,Candidate only: source/future/stale-build/link evidence is not proof of public availability
https://spinkorea.kr/blog/idea-backlog-cleanup,https://spinkorea.kr/blog/idea-backlog-cleanup,post-metadata.generated.json;post-metadata.runtime.generated.json;content-plan.generated.json;existing-dist-unverified-build,blog,"아이디어 백로그 정리 실수 방지, 우선순위 먼저",src/data/content-plan.generated.json,scheduled;date=2026-07-17T16:00:00+09:00,EXISTING_ARTIFACT_NOT_FRESH,UNKNOWN,UNKNOWN,UNKNOWN,UNKNOWN,UNKNOWN,UNKNOWN,ROBOTS_RULE_ALLOW,False,False,0,UNKNOWN,UNKNOWN,UNKNOWN,REVIEW,UNKNOWN,Candidate only: source/future/stale-build/link evidence is not proof of public availability
https://spinkorea.kr/blog/image-alt-audit,https://spinkorea.kr/blog/image-alt-audit,post-metadata.generated.json;post-metadata.runtime.generated.json;content-plan.generated.json;existing-dist-unverified-build,blog,"이미지 alt 점검 빠른 정리, 보안 확인까지",src/data/content-plan.generated.json,scheduled;date=2026-05-29T17:00:00+09:00,EXISTING_ARTIFACT_NOT_FRESH,UNKNOWN,UNKNOWN,UNKNOWN,UNKNOWN,UNKNOWN,UNKNOWN,ROBOTS_RULE_ALLOW,False,False,0,UNKNOWN,UNKNOWN,UNKNOWN,REVIEW,UNKNOWN,Candidate only: source/future/stale-build/link evidence is not proof of public availability
https://spinkorea.kr/blog/image-alt-scan,https://spinkorea.kr/blog/image-alt-scan,post-metadata.generated.json;post-metadata.runtime.generated.json;content-plan.generated.json;existing-dist-unverified-build,blog,"이미지 alt 점검 실수 방지, 검증 절차 먼저",src/data/content-plan.generated.json,scheduled;date=2026-07-09T08:00:00+09:00,EXISTING_ARTIFACT_NOT_FRESH,UNKNOWN,UNKNOWN,UNKNOWN,UNKNOWN,UNKNOWN,UNKNOWN,ROBOTS_RULE_ALLOW,False,False,0,UNKNOWN,UNKNOWN,UNKNOWN,REVIEW,UNKNOWN,Candidate only: source/future/stale-build/link evidence is not proof of public availability
https://spinkorea.kr/blog/image-format-guide,https://spinkorea.kr/blog/image-format-guide,post-metadata.generated.json;post-metadata.runtime.generated.json;existing-dist-unverified-build;LIVE_SITEMAP;LIVE_RSS;link:https://spinkorea.kr/blog;LIVE_HTTP,blog,이미지 포맷 완벽 가이드: JPG vs PNG vs WebP vs AVIF,src/data/post-metadata.runtime.generated.json,curated;date=2026-05-20,EXISTING_ARTIFACT_NOT_FRESH,200,https://spinkorea.kr/blog/image-format-guide,[],https://spinkorea.kr/blog/image-format-guide,ABSENT,ABSENT,ROBOTS_RULE_ALLOW,True,True,1,UNKNOWN,SCRIPT_PRESENT;DISPLAY_UNKNOWN,2026-09-19T23:03:28.637277+09:00,REVIEW,http-evidence.json,HTTP observation applies to fetched URL only; fragment variants retained; deployment SHA UNKNOWN
https://spinkorea.kr/blog/image-format-guide#post-content,https://spinkorea.kr/blog/image-format-guide,link:https://spinkorea.kr/blog/image-format-guide,blog,UNKNOWN,UNKNOWN,UNKNOWN,UNKNOWN,UNKNOWN,UNKNOWN,UNKNOWN,UNKNOWN,UNKNOWN,UNKNOWN,ROBOTS_RULE_ALLOW,False,UNKNOWN,UNKNOWN,UNKNOWN,UNKNOWN,UNKNOWN,REVIEW,UNKNOWN,Candidate only: source/future/stale-build/link evidence is not proof of public availability
https://spinkorea.kr/blog/image-format-guide#post-related,https://spinkorea.kr/blog/image-format-guide,link:https://spinkorea.kr/blog/image-format-guide,blog,UNKNOWN,UNKNOWN,UNKNOWN,UNKNOWN,UNKNOWN,UNKNOWN,UNKNOWN,UNKNOWN,UNKNOWN,UNKNOWN,ROBOTS_RULE_ALLOW,False,UNKNOWN,UNKNOWN,UNKNOWN,UNKNOWN,UNKNOWN,REVIEW,UNKNOWN,Candidate only: source/future/stale-build/link evidence is not proof of public availability
https://spinkorea.kr/blog/image-format-guide#post-summary,https://spinkorea.kr/blog/image-format-guide,link:https://spinkorea.kr/blog/image-format-guide,blog,UNKNOWN,UNKNOWN,UNKNOWN,UNKNOWN,UNKNOWN,UNKNOWN,UNKNOWN,UNKNOWN,UNKNOWN,UNKNOWN,ROBOTS_RULE_ALLOW,False,UNKNOWN,UNKNOWN,UNKNOWN,UNKNOWN,UNKNOWN,REVIEW,UNKNOWN,Candidate only: source/future/stale-build/link evidence is not proof of public availability
https://spinkorea.kr/blog/image-loading-priority,https://spinkorea.kr/blog/image-loading-priority,post-metadata.generated.json;post-metadata.runtime.generated.json;content-plan.generated.json;existing-dist-unverified-build,blog,"이미지 로딩 우선순위, 검증 절차 먼저 보기",src/data/content-plan.generated.json,scheduled;date=2026-08-17T22:00:00+09:00,EXISTING_ARTIFACT_NOT_FRESH,UNKNOWN,UNKNOWN,UNKNOWN,UNKNOWN,UNKNOWN,UNKNOWN,ROBOTS_RULE_ALLOW,False,False,0,UNKNOWN,UNKNOWN,UNKNOWN,REVIEW,UNKNOWN,Candidate only: source/future/stale-build/link evidence is not proof of public availability
https://spinkorea.kr/blog/inbox-zero-light,https://spinkorea.kr/blog/inbox-zero-light,post-metadata.generated.json;post-metadata.runtime.generated.json;content-plan.generated.json;existing-dist-unverified-build,blog,"메일함 정리 기준, 우선순위 먼저 보기",src/data/content-plan.generated.json,scheduled;date=2026-06-03T22:00:00+09:00,EXISTING_ARTIFACT_NOT_FRESH,UNKNOWN,UNKNOWN,UNKNOWN,UNKNOWN,UNKNOWN,UNKNOWN,ROBOTS_RULE_ALLOW,False,False,0,UNKNOWN,UNKNOWN,UNKNOWN,REVIEW,UNKNOWN,Candidate only: source/future/stale-build/link evidence is not proof of public availability
https://spinkorea.kr/blog/inch-cm-measurement-conversion,https://spinkorea.kr/blog/inch-cm-measurement-conversion,post-metadata.generated.json;post-metadata.runtime.generated.json;content-plan.generated.json,blog,인치·센티미터 변환에서 2.54를 곱하는 순서와 반올림 기준,src/data/content-plan.generated.json,scheduled;date=2026-10-23T08:00:00+09:00,UNKNOWN,UNKNOWN,UNKNOWN,UNKNOWN,UNKNOWN,UNKNOWN,UNKNOWN,ROBOTS_RULE_ALLOW,False,False,0,UNKNOWN,UNKNOWN,UNKNOWN,REVIEW,UNKNOWN,Candidate only: source/future/stale-build/link evidence is not proof of public availability
https://spinkorea.kr/blog/indexnow-key-file,https://spinkorea.kr/blog/indexnow-key-file,post-metadata.generated.json;post-metadata.runtime.generated.json;content-plan.generated.json;existing-dist-unverified-build,blog,"IndexNow 키 파일 빠른 정리, 보안 확인까지",src/data/content-plan.generated.json,scheduled;date=2026-07-10T09:00:00+09:00,EXISTING_ARTIFACT_NOT_FRESH,UNKNOWN,UNKNOWN,UNKNOWN,UNKNOWN,UNKNOWN,UNKNOWN,ROBOTS_RULE_ALLOW,False,False,0,UNKNOWN,UNKNOWN,UNKNOWN,REVIEW,UNKNOWN,Candidate only: source/future/stale-build/link evidence is not proof of public availability
https://spinkorea.kr/blog/indexnow-key-verification,https://spinkorea.kr/blog/indexnow-key-verification,post-metadata.generated.json;post-metadata.runtime.generated.json;content-plan.generated.json;existing-dist-unverified-build,blog,"IndexNow 키 검증 초보 흐름, 메타 설명 중심",src/data/content-plan.generated.json,scheduled;date=2026-09-06T02:00:00+09:00,EXISTING_ARTIFACT_NOT_FRESH,UNKNOWN,UNKNOWN,UNKNOWN,UNKNOWN,UNKNOWN,UNKNOWN,ROBOTS_RULE_ALLOW,False,False,0,UNKNOWN,UNKNOWN,UNKNOWN,REVIEW,UNKNOWN,Candidate only: source/future/stale-build/link evidence is not proof of public availability
https://spinkorea.kr/blog/indexnow-response,https://spinkorea.kr/blog/indexnow-response,post-metadata.generated.json;post-metadata.runtime.generated.json;content-plan.generated.json;existing-dist-unverified-build,blog,IndexNow 응답 해석 체크리스트: 자동화 핵심,src/data/content-plan.generated.json,scheduled;date=2026-05-30T23:00:00+09:00,EXISTING_ARTIFACT_NOT_FRESH,UNKNOWN,UNKNOWN,UNKNOWN,UNKNOWN,UNKNOWN,UNKNOWN,ROBOTS_RULE_ALLOW,False,False,0,UNKNOWN,UNKNOWN,UNKNOWN,REVIEW,UNKNOWN,Candidate only: source/future/stale-build/link evidence is not proof of public availability
https://spinkorea.kr/blog/indexnow-response-log,https://spinkorea.kr/blog/indexnow-response-log,post-metadata.generated.json;post-metadata.runtime.generated.json;content-plan.generated.json;existing-dist-unverified-build,blog,"IndexNow 응답 로그 검토 순서, 디버깅 활용",src/data/content-plan.generated.json,scheduled;date=2026-08-17T02:00:00+09:00,EXISTING_ARTIFACT_NOT_FRESH,UNKNOWN,UNKNOWN,UNKNOWN,UNKNOWN,UNKNOWN,UNKNOWN,ROBOTS_RULE_ALLOW,False,False,0,UNKNOWN,UNKNOWN,UNKNOWN,REVIEW,UNKNOWN,Candidate only: source/future/stale-build/link evidence is not proof of public availability
https://spinkorea.kr/blog/indexnow-retry-rule,https://spinkorea.kr/blog/indexnow-retry-rule,post-metadata.generated.json;post-metadata.runtime.generated.json;content-plan.generated.json;existing-dist-unverified-build,blog,"IndexNow 재시도 기준 사례별 정리, 검색 의도 중심",src/data/content-plan.generated.json,scheduled;date=2026-06-16T00:00:00+09:00,EXISTING_ARTIFACT_NOT_FRESH,UNKNOWN,UNKNOWN,UNKNOWN,UNKNOWN,UNKNOWN,UNKNOWN,ROBOTS_RULE_ALLOW,False,False,0,UNKNOWN,UNKNOWN,UNKNOWN,REVIEW,UNKNOWN,Candidate only: source/future/stale-build/link evidence is not proof of public availability
https://spinkorea.kr/blog/installment-total-cost,https://spinkorea.kr/blog/installment-total-cost,post-metadata.generated.json;post-metadata.runtime.generated.json;content-plan.generated.json;existing-dist-unverified-build,blog,"할부 총액 계산 초보 흐름, 실수 방지 중심",src/data/content-plan.generated.json,scheduled;date=2026-06-23T02:00:00+09:00,EXISTING_ARTIFACT_NOT_FRESH,UNKNOWN,UNKNOWN,UNKNOWN,UNKNOWN,UNKNOWN,UNKNOWN,ROBOTS_RULE_ALLOW,False,False,0,UNKNOWN,UNKNOWN,UNKNOWN,REVIEW,UNKNOWN,Candidate only: source/future/stale-build/link evidence is not proof of public availability
https://spinkorea.kr/blog/insurance-renewal-date,https://spinkorea.kr/blog/insurance-renewal-date,post-metadata.generated.json;post-metadata.runtime.generated.json;content-plan.generated.json;existing-dist-unverified-build,blog,보험 갱신일 메모 체크리스트: 결과 해석 핵심,src/data/content-plan.generated.json,scheduled;date=2026-06-24T23:00:00+09:00,EXISTING_ARTIFACT_NOT_FRESH,UNKNOWN,UNKNOWN,UNKNOWN,UNKNOWN,UNKNOWN,UNKNOWN,ROBOTS_RULE_ALLOW,False,False,0,UNKNOWN,UNKNOWN,UNKNOWN,REVIEW,UNKNOWN,Candidate only: source/future/stale-build/link evidence is not proof of public availability
https://spinkorea.kr/blog/intent-distribution-map,https://spinkorea.kr/blog/intent-distribution-map,post-metadata.generated.json;post-metadata.runtime.generated.json;content-plan.generated.json;existing-dist-unverified-build,blog,"의도 분포 맵 운영 체크, 메타 설명 반영",src/data/content-plan.generated.json,scheduled;date=2026-09-07T03:00:00+09:00,EXISTING_ARTIFACT_NOT_FRESH,UNKNOWN,UNKNOWN,UNKNOWN,UNKNOWN,UNKNOWN,UNKNOWN,ROBOTS_RULE_ALLOW,False,False,0,UNKNOWN,UNKNOWN,UNKNOWN,REVIEW,UNKNOWN,Candidate only: source/future/stale-build/link evidence is not proof of public availability
https://spinkorea.kr/blog/internal-link-anchor,https://spinkorea.kr/blog/internal-link-anchor,post-metadata.generated.json;post-metadata.runtime.generated.json;content-plan.generated.json;existing-dist-unverified-build,blog,"내부 링크 앵커 실전 흐름, 사이트맵부터",src/data/content-plan.generated.json,scheduled;date=2026-07-25T19:00:00+09:00,EXISTING_ARTIFACT_NOT_FRESH,UNKNOWN,UNKNOWN,UNKNOWN,UNKNOWN,UNKNOWN,UNKNOWN,ROBOTS_RULE_ALLOW,False,False,0,UNKNOWN,UNKNOWN,UNKNOWN,REVIEW,UNKNOWN,Candidate only: source/future/stale-build/link evidence is not proof of public availability
https://spinkorea.kr/blog/internal-link-depth,https://spinkorea.kr/blog/internal-link-depth,post-metadata.generated.json;post-metadata.runtime.generated.json;content-plan.generated.json;existing-dist-unverified-build,blog,"내부 링크 깊이 판단법, 사이트맵 중심",src/data/content-plan.generated.json,scheduled;date=2026-09-05T01:00:00+09:00,EXISTING_ARTIFACT_NOT_FRESH,UNKNOWN,UNKNOWN,UNKNOWN,UNKNOWN,UNKNOWN,UNKNOWN,ROBOTS_RULE_ALLOW,False,False,0,UNKNOWN,UNKNOWN,UNKNOWN,REVIEW,UNKNOWN,Candidate only: source/future/stale-build/link evidence is not proof of public availability
https://spinkorea.kr/blog/internal-link-map,https://spinkorea.kr/blog/internal-link-map,post-metadata.generated.json;post-metadata.runtime.generated.json;content-plan.generated.json;existing-dist-unverified-build,blog,"내부 링크 맵 운영법, 배포 전 점검 남기기",src/data/content-plan.generated.json,scheduled;date=2026-06-01T00:00:00+09:00,EXISTING_ARTIFACT_NOT_FRESH,UNKNOWN,UNKNOWN,UNKNOWN,UNKNOWN,UNKNOWN,UNKNOWN,ROBOTS_RULE_ALLOW,False,False,0,UNKNOWN,UNKNOWN,UNKNOWN,REVIEW,UNKNOWN,Candidate only: source/future/stale-build/link evidence is not proof of public availability
https://spinkorea.kr/blog/internal-link-rules,https://spinkorea.kr/blog/internal-link-rules,post-metadata.generated.json;post-metadata.runtime.generated.json;content-plan.generated.json;existing-dist-unverified-build,blog,"내부 링크 규칙 비교법, 메타 설명과 품질 점검",src/data/content-plan.generated.json,scheduled;date=2026-06-12T21:00:00+09:00,EXISTING_ARTIFACT_NOT_FRESH,UNKNOWN,UNKNOWN,UNKNOWN,UNKNOWN,UNKNOWN,UNKNOWN,ROBOTS_RULE_ALLOW,False,False,0,UNKNOWN,UNKNOWN,UNKNOWN,REVIEW,UNKNOWN,Candidate only: source/future/stale-build/link evidence is not proof of public availability
https://spinkorea.kr/blog/intro-problem-first,https://spinkorea.kr/blog/intro-problem-first,post-metadata.generated.json;post-metadata.runtime.generated.json;content-plan.generated.json;existing-dist-unverified-build,blog,"도입 문제 앞배치 운영법, 공유 전 확인 남기기",src/data/content-plan.generated.json,scheduled;date=2026-08-15T00:00:00+09:00,EXISTING_ARTIFACT_NOT_FRESH,UNKNOWN,UNKNOWN,UNKNOWN,UNKNOWN,UNKNOWN,UNKNOWN,ROBOTS_RULE_ALLOW,False,False,0,UNKNOWN,UNKNOWN,UNKNOWN,REVIEW,UNKNOWN,Candidate only: source/future/stale-build/link evidence is not proof of public availability
https://spinkorea.kr/blog/intro-sentence-hook,https://spinkorea.kr/blog/intro-sentence-hook,post-metadata.generated.json;post-metadata.runtime.generated.json;content-plan.generated.json;existing-dist-unverified-build,blog,"도입 문장 훅, 검토 순서 전에 볼 점",src/data/content-plan.generated.json,scheduled;date=2026-06-29T23:00:00+09:00,EXISTING_ARTIFACT_NOT_FRESH,UNKNOWN,UNKNOWN,UNKNOWN,UNKNOWN,UNKNOWN,UNKNOWN,ROBOTS_RULE_ALLOW,False,False,0,UNKNOWN,UNKNOWN,UNKNOWN,REVIEW,UNKNOWN,Candidate only: source/future/stale-build/link evidence is not proof of public availability
https://spinkorea.kr/blog/json-api-explained,https://spinkorea.kr/blog/json-api-explained,post-metadata.generated.json;post-metadata.runtime.generated.json;existing-dist-unverified-build;LIVE_SITEMAP;LIVE_RSS;link:https://spinkorea.kr/blog;LIVE_HTTP,blog,API와 JSON: 앱들이 서로 대화하는 방법,src/data/post-metadata.runtime.generated.json,curated;date=2026-05-08,EXISTING_ARTIFACT_NOT_FRESH,200,https://spinkorea.kr/blog/json-api-explained,[],https://spinkorea.kr/blog/json-api-explained,ABSENT,ABSENT,ROBOTS_RULE_ALLOW,True,True,1,UNKNOWN,SCRIPT_PRESENT;DISPLAY_UNKNOWN,2026-09-19T23:03:29.406937+09:00,REVIEW,http-evidence.json,HTTP observation applies to fetched URL only; fragment variants retained; deployment SHA UNKNOWN
https://spinkorea.kr/blog/json-api-explained#post-content,https://spinkorea.kr/blog/json-api-explained,link:https://spinkorea.kr/blog/json-api-explained,blog,UNKNOWN,UNKNOWN,UNKNOWN,UNKNOWN,UNKNOWN,UNKNOWN,UNKNOWN,UNKNOWN,UNKNOWN,UNKNOWN,ROBOTS_RULE_ALLOW,False,UNKNOWN,UNKNOWN,UNKNOWN,UNKNOWN,UNKNOWN,REVIEW,UNKNOWN,Candidate only: source/future/stale-build/link evidence is not proof of public availability
https://spinkorea.kr/blog/json-api-explained#post-related,https://spinkorea.kr/blog/json-api-explained,link:https://spinkorea.kr/blog/json-api-explained,blog,UNKNOWN,UNKNOWN,UNKNOWN,UNKNOWN,UNKNOWN,UNKNOWN,UNKNOWN,UNKNOWN,UNKNOWN,UNKNOWN,ROBOTS_RULE_ALLOW,False,UNKNOWN,UNKNOWN,UNKNOWN,UNKNOWN,UNKNOWN,REVIEW,UNKNOWN,Candidate only: source/future/stale-build/link evidence is not proof of public availability
https://spinkorea.kr/blog/json-api-explained#post-summary,https://spinkorea.kr/blog/json-api-explained,link:https://spinkorea.kr/blog/json-api-explained,blog,UNKNOWN,UNKNOWN,UNKNOWN,UNKNOWN,UNKNOWN,UNKNOWN,UNKNOWN,UNKNOWN,UNKNOWN,UNKNOWN,ROBOTS_RULE_ALLOW,False,UNKNOWN,UNKNOWN,UNKNOWN,UNKNOWN,UNKNOWN,REVIEW,UNKNOWN,Candidate only: source/future/stale-build/link evidence is not proof of public availability
https://spinkorea.kr/blog/json-duplicate-key-overwrite,https://spinkorea.kr/blog/json-duplicate-key-overwrite,post-metadata.generated.json;post-metadata.runtime.generated.json;content-plan.generated.json,blog,JSON 중복 키가 마지막 값으로 덮어써질 때 찾는 방법,src/data/content-plan.generated.json,scheduled;date=2026-10-15T08:00:00+09:00,UNKNOWN,UNKNOWN,UNKNOWN,UNKNOWN,UNKNOWN,UNKNOWN,UNKNOWN,ROBOTS_RULE_ALLOW,False,False,0,UNKNOWN,UNKNOWN,UNKNOWN,REVIEW,UNKNOWN,Candidate only: source/future/stale-build/link evidence is not proof of public availability
https://spinkorea.kr/blog/json-for-beginners,https://spinkorea.kr/blog/json-for-beginners,post-metadata.generated.json;post-metadata.runtime.generated.json;existing-dist-unverified-build;LIVE_SITEMAP;LIVE_RSS;link:https://spinkorea.kr/blog;LIVE_HTTP,blog,JSON 완벽 이해: 개발자가 아니어도 알아야 하는 데이터 형식,src/data/post-metadata.runtime.generated.json,curated;date=2025-12-18,EXISTING_ARTIFACT_NOT_FRESH,200,https://spinkorea.kr/blog/json-for-beginners,[],https://spinkorea.kr/blog/json-for-beginners,ABSENT,ABSENT,ROBOTS_RULE_ALLOW,True,True,1,UNKNOWN,SCRIPT_PRESENT;DISPLAY_UNKNOWN,2026-09-19T23:03:30.168376+09:00,REVIEW,http-evidence.json,HTTP observation applies to fetched URL only; fragment variants retained; deployment SHA UNKNOWN
https://spinkorea.kr/blog/json-for-beginners#post-content,https://spinkorea.kr/blog/json-for-beginners,link:https://spinkorea.kr/blog/json-for-beginners,blog,UNKNOWN,UNKNOWN,UNKNOWN,UNKNOWN,UNKNOWN,UNKNOWN,UNKNOWN,UNKNOWN,UNKNOWN,UNKNOWN,ROBOTS_RULE_ALLOW,False,UNKNOWN,UNKNOWN,UNKNOWN,UNKNOWN,UNKNOWN,REVIEW,UNKNOWN,Candidate only: source/future/stale-build/link evidence is not proof of public availability
https://spinkorea.kr/blog/json-for-beginners#post-related,https://spinkorea.kr/blog/json-for-beginners,link:https://spinkorea.kr/blog/json-for-beginners,blog,UNKNOWN,UNKNOWN,UNKNOWN,UNKNOWN,UNKNOWN,UNKNOWN,UNKNOWN,UNKNOWN,UNKNOWN,UNKNOWN,ROBOTS_RULE_ALLOW,False,UNKNOWN,UNKNOWN,UNKNOWN,UNKNOWN,UNKNOWN,REVIEW,UNKNOWN,Candidate only: source/future/stale-build/link evidence is not proof of public availability
https://spinkorea.kr/blog/json-for-beginners#post-summary,https://spinkorea.kr/blog/json-for-beginners,link:https://spinkorea.kr/blog/json-for-beginners,blog,UNKNOWN,UNKNOWN,UNKNOWN,UNKNOWN,UNKNOWN,UNKNOWN,UNKNOWN,UNKNOWN,UNKNOWN,UNKNOWN,ROBOTS_RULE_ALLOW,False,UNKNOWN,UNKNOWN,UNKNOWN,UNKNOWN,UNKNOWN,REVIEW,UNKNOWN,Candidate only: source/future/stale-build/link evidence is not proof of public availability
https://spinkorea.kr/blog/json-formatter-guide,https://spinkorea.kr/blog/json-formatter-guide,post-metadata.generated.json;post-metadata.runtime.generated.json;existing-dist-unverified-build;LIVE_SITEMAP;LIVE_RSS;link:https://spinkorea.kr/blog;LIVE_HTTP,blog,JSON 포맷터 완벽 가이드: 개발자라면 꼭 알아야 할 JSON 정리법,src/data/post-metadata.runtime.generated.json,curated;date=2026-02-12,EXISTING_ARTIFACT_NOT_FRESH,200,https://spinkorea.kr/blog/json-formatter-guide,[],https://spinkorea.kr/blog/json-formatter-guide,ABSENT,ABSENT,ROBOTS_RULE_ALLOW,True,True,1,UNKNOWN,SCRIPT_PRESENT;DISPLAY_UNKNOWN,2026-09-19T23:03:30.965825+09:00,REVIEW,http-evidence.json,HTTP observation applies to fetched URL only; fragment variants retained; deployment SHA UNKNOWN
https://spinkorea.kr/blog/json-formatter-guide#post-content,https://spinkorea.kr/blog/json-formatter-guide,link:https://spinkorea.kr/blog/json-formatter-guide,blog,UNKNOWN,UNKNOWN,UNKNOWN,UNKNOWN,UNKNOWN,UNKNOWN,UNKNOWN,UNKNOWN,UNKNOWN,UNKNOWN,ROBOTS_RULE_ALLOW,False,UNKNOWN,UNKNOWN,UNKNOWN,UNKNOWN,UNKNOWN,REVIEW,UNKNOWN,Candidate only: source/future/stale-build/link evidence is not proof of public availability
https://spinkorea.kr/blog/json-formatter-guide#post-related,https://spinkorea.kr/blog/json-formatter-guide,link:https://spinkorea.kr/blog/json-formatter-guide,blog,UNKNOWN,UNKNOWN,UNKNOWN,UNKNOWN,UNKNOWN,UNKNOWN,UNKNOWN,UNKNOWN,UNKNOWN,UNKNOWN,ROBOTS_RULE_ALLOW,False,UNKNOWN,UNKNOWN,UNKNOWN,UNKNOWN,UNKNOWN,REVIEW,UNKNOWN,Candidate only: source/future/stale-build/link evidence is not proof of public availability
https://spinkorea.kr/blog/json-formatter-guide#post-summary,https://spinkorea.kr/blog/json-formatter-guide,link:https://spinkorea.kr/blog/json-formatter-guide,blog,UNKNOWN,UNKNOWN,UNKNOWN,UNKNOWN,UNKNOWN,UNKNOWN,UNKNOWN,UNKNOWN,UNKNOWN,UNKNOWN,ROBOTS_RULE_ALLOW,False,UNKNOWN,UNKNOWN,UNKNOWN,UNKNOWN,UNKNOWN,REVIEW,UNKNOWN,Candidate only: source/future/stale-build/link evidence is not proof of public availability
https://spinkorea.kr/blog/json-large-integer-precision,https://spinkorea.kr/blog/json-large-integer-precision,post-metadata.generated.json;post-metadata.runtime.generated.json;content-plan.generated.json,blog,"JSON 숫자 정밀도, 큰 ID가 바뀌는 이유와 보존법",src/data/content-plan.generated.json,scheduled;date=2026-10-02T08:00:00+09:00,UNKNOWN,UNKNOWN,UNKNOWN,UNKNOWN,UNKNOWN,UNKNOWN,UNKNOWN,ROBOTS_RULE_ALLOW,False,False,0,UNKNOWN,UNKNOWN,UNKNOWN,REVIEW,UNKNOWN,Candidate only: source/future/stale-build/link evidence is not proof of public availability
https://spinkorea.kr/blog/json-parse-error,https://spinkorea.kr/blog/json-parse-error,post-metadata.generated.json;post-metadata.runtime.generated.json;content-plan.generated.json;existing-dist-unverified-build,blog,"JSON 파싱 오류 판단법, 자동화 중심",src/data/content-plan.generated.json,scheduled;date=2026-05-28T01:00:00+09:00,EXISTING_ARTIFACT_NOT_FRESH,UNKNOWN,UNKNOWN,UNKNOWN,UNKNOWN,UNKNOWN,UNKNOWN,ROBOTS_RULE_ALLOW,False,False,0,UNKNOWN,UNKNOWN,UNKNOWN,REVIEW,UNKNOWN,Candidate only: source/future/stale-build/link evidence is not proof of public availability
https://spinkorea.kr/blog/json-stringify-roundtrip-loss,https://spinkorea.kr/blog/json-stringify-roundtrip-loss,post-metadata.generated.json;post-metadata.runtime.generated.json;content-plan.generated.json,blog,JSON.stringify 결과가 원본과 달라지는 5가지 경우,src/data/content-plan.generated.json,scheduled;date=2026-10-03T08:00:00+09:00,UNKNOWN,UNKNOWN,UNKNOWN,UNKNOWN,UNKNOWN,UNKNOWN,UNKNOWN,ROBOTS_RULE_ALLOW,False,False,0,UNKNOWN,UNKNOWN,UNKNOWN,REVIEW,UNKNOWN,Candidate only: source/future/stale-build/link evidence is not proof of public availability
https://spinkorea.kr/blog/jsonld-runtime-check,https://spinkorea.kr/blog/jsonld-runtime-check,post-metadata.generated.json;post-metadata.runtime.generated.json;content-plan.generated.json;existing-dist-unverified-build,blog,JSON-LD 런타임 점검 체크리스트: 자동화 핵심,src/data/content-plan.generated.json,scheduled;date=2026-08-18T03:00:00+09:00,EXISTING_ARTIFACT_NOT_FRESH,UNKNOWN,UNKNOWN,UNKNOWN,UNKNOWN,UNKNOWN,UNKNOWN,ROBOTS_RULE_ALLOW,False,False,0,UNKNOWN,UNKNOWN,UNKNOWN,REVIEW,UNKNOWN,Candidate only: source/future/stale-build/link evidence is not proof of public availability
https://spinkorea.kr/blog/keyword-map-cleanup,https://spinkorea.kr/blog/keyword-map-cleanup,post-metadata.generated.json;post-metadata.runtime.generated.json;content-plan.generated.json;existing-dist-unverified-build,blog,"키워드 맵 정리 적용 순서, 결과 기록 확인",src/data/content-plan.generated.json,scheduled;date=2026-08-24T09:00:00+09:00,EXISTING_ARTIFACT_NOT_FRESH,UNKNOWN,UNKNOWN,UNKNOWN,UNKNOWN,UNKNOWN,UNKNOWN,ROBOTS_RULE_ALLOW,False,False,0,UNKNOWN,UNKNOWN,UNKNOWN,REVIEW,UNKNOWN,Candidate only: source/future/stale-build/link evidence is not proof of public availability
https://spinkorea.kr/blog/kind-goal-review,https://spinkorea.kr/blog/kind-goal-review,post-metadata.generated.json;post-metadata.runtime.generated.json;content-plan.generated.json;existing-dist-unverified-build,blog,"친절한 목표 점검 적용 순서, 기록 습관 확인",src/data/content-plan.generated.json,scheduled;date=2026-09-01T17:00:00+09:00,EXISTING_ARTIFACT_NOT_FRESH,UNKNOWN,UNKNOWN,UNKNOWN,UNKNOWN,UNKNOWN,UNKNOWN,ROBOTS_RULE_ALLOW,False,False,0,UNKNOWN,UNKNOWN,UNKNOWN,REVIEW,UNKNOWN,Candidate only: source/future/stale-build/link evidence is not proof of public availability
https://spinkorea.kr/blog/knowledge-base-seed,https://spinkorea.kr/blog/knowledge-base-seed,post-metadata.generated.json;post-metadata.runtime.generated.json;content-plan.generated.json;existing-dist-unverified-build,blog,"지식베이스 시작 적용 순서, 결과 기록 확인",src/data/content-plan.generated.json,scheduled;date=2026-06-06T05:00:00+09:00,EXISTING_ARTIFACT_NOT_FRESH,UNKNOWN,UNKNOWN,UNKNOWN,UNKNOWN,UNKNOWN,UNKNOWN,ROBOTS_RULE_ALLOW,False,False,0,UNKNOWN,UNKNOWN,UNKNOWN,REVIEW,UNKNOWN,Candidate only: source/future/stale-build/link evidence is not proof of public availability
https://spinkorea.kr/blog/landing-copy-order,https://spinkorea.kr/blog/landing-copy-order,post-metadata.generated.json;post-metadata.runtime.generated.json;content-plan.generated.json;existing-dist-unverified-build,blog,"랜딩 문구 순서 판단법, 표현 정리 중심",src/data/content-plan.generated.json,scheduled;date=2026-05-23T21:00:00+09:00,EXISTING_ARTIFACT_NOT_FRESH,UNKNOWN,UNKNOWN,UNKNOWN,UNKNOWN,UNKNOWN,UNKNOWN,ROBOTS_RULE_ALLOW,False,False,0,UNKNOWN,UNKNOWN,UNKNOWN,REVIEW,UNKNOWN,Candidate only: source/future/stale-build/link evidence is not proof of public availability
https://spinkorea.kr/blog/large-json-split,https://spinkorea.kr/blog/large-json-split,post-metadata.generated.json;post-metadata.runtime.generated.json;content-plan.generated.json;existing-dist-unverified-build,blog,"대형 JSON 분할 선택법, 배포 전 점검과 검증 절차",src/data/content-plan.generated.json,scheduled;date=2026-08-20T20:00:00+09:00,EXISTING_ARTIFACT_NOT_FRESH,UNKNOWN,UNKNOWN,UNKNOWN,UNKNOWN,UNKNOWN,UNKNOWN,ROBOTS_RULE_ALLOW,False,False,0,UNKNOWN,UNKNOWN,UNKNOWN,REVIEW,UNKNOWN,Candidate only: source/future/stale-build/link evidence is not proof of public availability
https://spinkorea.kr/blog/lazy-content-boundary,https://spinkorea.kr/blog/lazy-content-boundary,post-metadata.generated.json;post-metadata.runtime.generated.json;content-plan.generated.json;existing-dist-unverified-build,blog,"본문 지연 로드 경계 빠른 정리, 보안 확인까지",src/data/content-plan.generated.json,scheduled;date=2026-08-21T01:00:00+09:00,EXISTING_ARTIFACT_NOT_FRESH,UNKNOWN,UNKNOWN,UNKNOWN,UNKNOWN,UNKNOWN,UNKNOWN,ROBOTS_RULE_ALLOW,False,False,0,UNKNOWN,UNKNOWN,UNKNOWN,REVIEW,UNKNOWN,Candidate only: source/future/stale-build/link evidence is not proof of public availability
https://spinkorea.kr/blog/lazy-load-route,https://spinkorea.kr/blog/lazy-load-route,post-metadata.generated.json;post-metadata.runtime.generated.json;content-plan.generated.json;existing-dist-unverified-build,blog,"라우트 지연 로딩 운영 체크, 보안 확인 반영",src/data/content-plan.generated.json,scheduled;date=2026-05-30T03:00:00+09:00,EXISTING_ARTIFACT_NOT_FRESH,UNKNOWN,UNKNOWN,UNKNOWN,UNKNOWN,UNKNOWN,UNKNOWN,ROBOTS_RULE_ALLOW,False,False,0,UNKNOWN,UNKNOWN,UNKNOWN,REVIEW,UNKNOWN,Candidate only: source/future/stale-build/link evidence is not proof of public availability
https://spinkorea.kr/blog/lazy-route-split,https://spinkorea.kr/blog/lazy-route-split,post-metadata.generated.json;post-metadata.runtime.generated.json;content-plan.generated.json;existing-dist-unverified-build,blog,"라우트 분할 점검, 자동화 전에 볼 점",src/data/content-plan.generated.json,scheduled;date=2026-07-08T07:00:00+09:00,EXISTING_ARTIFACT_NOT_FRESH,UNKNOWN,UNKNOWN,UNKNOWN,UNKNOWN,UNKNOWN,UNKNOWN,ROBOTS_RULE_ALLOW,False,False,0,UNKNOWN,UNKNOWN,UNKNOWN,REVIEW,UNKNOWN,Candidate only: source/future/stale-build/link evidence is not proof of public availability
https://spinkorea.kr/blog/learning-progress-count,https://spinkorea.kr/blog/learning-progress-count,post-metadata.generated.json;post-metadata.runtime.generated.json;content-plan.generated.json;existing-dist-unverified-build,blog,"학습 진도 계산 상황별 표, 생활 적용",src/data/content-plan.generated.json,scheduled;date=2026-08-07T02:00:00+09:00,EXISTING_ARTIFACT_NOT_FRESH,UNKNOWN,UNKNOWN,UNKNOWN,UNKNOWN,UNKNOWN,UNKNOWN,ROBOTS_RULE_ALLOW,False,False,0,UNKNOWN,UNKNOWN,UNKNOWN,REVIEW,UNKNOWN,Candidate only: source/future/stale-build/link evidence is not proof of public availability
https://spinkorea.kr/blog/link-health-check,https://spinkorea.kr/blog/link-health-check,post-metadata.generated.json;post-metadata.runtime.generated.json;content-plan.generated.json;existing-dist-unverified-build,blog,"링크 상태 점검 순서, 디버깅 활용",src/data/content-plan.generated.json,scheduled;date=2026-08-21T06:00:00+09:00,EXISTING_ARTIFACT_NOT_FRESH,UNKNOWN,UNKNOWN,UNKNOWN,UNKNOWN,UNKNOWN,UNKNOWN,ROBOTS_RULE_ALLOW,False,False,0,UNKNOWN,UNKNOWN,UNKNOWN,REVIEW,UNKNOWN,Candidate only: source/future/stale-build/link evidence is not proof of public availability
https://spinkorea.kr/blog/link-rel-audit,https://spinkorea.kr/blog/link-rel-audit,post-metadata.generated.json;post-metadata.runtime.generated.json;content-plan.generated.json;existing-dist-unverified-build,blog,"링크 rel 점검 실전 흐름, 디버깅부터",src/data/content-plan.generated.json,scheduled;date=2026-07-09T03:00:00+09:00,EXISTING_ARTIFACT_NOT_FRESH,UNKNOWN,UNKNOWN,UNKNOWN,UNKNOWN,UNKNOWN,UNKNOWN,ROBOTS_RULE_ALLOW,False,False,0,UNKNOWN,UNKNOWN,UNKNOWN,REVIEW,UNKNOWN,Candidate only: source/future/stale-build/link evidence is not proof of public availability
https://spinkorea.kr/blog/list-item-parallel,https://spinkorea.kr/blog/list-item-parallel,post-metadata.generated.json;post-metadata.runtime.generated.json;content-plan.generated.json;existing-dist-unverified-build,blog,목록 병렬 문장 FAQ: 문서 기준 답변,src/data/content-plan.generated.json,scheduled;date=2026-08-14T14:00:00+09:00,EXISTING_ARTIFACT_NOT_FRESH,UNKNOWN,UNKNOWN,UNKNOWN,UNKNOWN,UNKNOWN,UNKNOWN,ROBOTS_RULE_ALLOW,False,False,0,UNKNOWN,UNKNOWN,UNKNOWN,REVIEW,UNKNOWN,Candidate only: source/future/stale-build/link evidence is not proof of public availability
https://spinkorea.kr/blog/live-raffle-checklist,https://spinkorea.kr/blog/live-raffle-checklist,post-metadata.generated.json;post-metadata.runtime.generated.json;content-plan.generated.json;existing-dist-unverified-build,blog,"라이브 추첨 체크리스트 선택법, 결과 기록과 공정성",src/data/content-plan.generated.json,scheduled;date=2026-07-31T00:00:00+09:00,EXISTING_ARTIFACT_NOT_FRESH,UNKNOWN,UNKNOWN,UNKNOWN,UNKNOWN,UNKNOWN,UNKNOWN,ROBOTS_RULE_ALLOW,False,False,0,UNKNOWN,UNKNOWN,UNKNOWN,REVIEW,UNKNOWN,Candidate only: source/future/stale-build/link evidence is not proof of public availability
https://spinkorea.kr/blog/live-stream-giveaway,https://spinkorea.kr/blog/live-stream-giveaway,post-metadata.generated.json;post-metadata.runtime.generated.json;content-plan.generated.json;existing-dist-unverified-build,blog,"라이브 추첨 운영, 참가자 목록 전에 볼 점",src/data/content-plan.generated.json,scheduled;date=2026-05-10T23:00:00+09:00,EXISTING_ARTIFACT_NOT_FRESH,UNKNOWN,UNKNOWN,UNKNOWN,UNKNOWN,UNKNOWN,UNKNOWN,ROBOTS_RULE_ALLOW,False,False,0,UNKNOWN,UNKNOWN,UNKNOWN,REVIEW,UNKNOWN,Candidate only: source/future/stale-build/link evidence is not proof of public availability
https://spinkorea.kr/blog/llms-summary-quality,https://spinkorea.kr/blog/llms-summary-quality,post-metadata.generated.json;post-metadata.runtime.generated.json;content-plan.generated.json;existing-dist-unverified-build,blog,llms 요약 품질 체크리스트: 사이트맵 핵심,src/data/content-plan.generated.json,scheduled;date=2026-09-03T19:00:00+09:00,EXISTING_ARTIFACT_NOT_FRESH,UNKNOWN,UNKNOWN,UNKNOWN,UNKNOWN,UNKNOWN,UNKNOWN,ROBOTS_RULE_ALLOW,False,False,0,UNKNOWN,UNKNOWN,UNKNOWN,REVIEW,UNKNOWN,Candidate only: source/future/stale-build/link evidence is not proof of public availability
https://spinkorea.kr/blog/llms-text-refresh,https://spinkorea.kr/blog/llms-text-refresh,post-metadata.generated.json;post-metadata.runtime.generated.json;content-plan.generated.json;existing-dist-unverified-build,blog,"llms.txt 갱신 적용 순서, 품질 점검 확인",src/data/content-plan.generated.json,scheduled;date=2026-07-26T05:00:00+09:00,EXISTING_ARTIFACT_NOT_FRESH,UNKNOWN,UNKNOWN,UNKNOWN,UNKNOWN,UNKNOWN,UNKNOWN,ROBOTS_RULE_ALLOW,False,False,0,UNKNOWN,UNKNOWN,UNKNOWN,REVIEW,UNKNOWN,Candidate only: source/future/stale-build/link evidence is not proof of public availability
https://spinkorea.kr/blog/loan-interest-rough,https://spinkorea.kr/blog/loan-interest-rough,post-metadata.generated.json;post-metadata.runtime.generated.json;content-plan.generated.json;existing-dist-unverified-build,blog,대출 이자 간단 계산 FAQ: 입력값 확인 답변,src/data/content-plan.generated.json,scheduled;date=2026-05-14T22:00:00+09:00,EXISTING_ARTIFACT_NOT_FRESH,UNKNOWN,UNKNOWN,UNKNOWN,UNKNOWN,UNKNOWN,UNKNOWN,ROBOTS_RULE_ALLOW,False,False,0,UNKNOWN,UNKNOWN,UNKNOWN,REVIEW,UNKNOWN,Candidate only: source/future/stale-build/link evidence is not proof of public availability
https://spinkorea.kr/blog/lorem-ipsum-guide,https://spinkorea.kr/blog/lorem-ipsum-guide,post-metadata.generated.json;post-metadata.runtime.generated.json;existing-dist-unverified-build;LIVE_SITEMAP;LIVE_RSS;link:https://spinkorea.kr/blog;LIVE_HTTP,blog,로렘 입숨 완벽 가이드: UI 디자이너·개발자 필수 더미 텍스트,src/data/post-metadata.runtime.generated.json,curated;date=2026-03-05,EXISTING_ARTIFACT_NOT_FRESH,200,https://spinkorea.kr/blog/lorem-ipsum-guide,[],https://spinkorea.kr/blog/lorem-ipsum-guide,ABSENT,ABSENT,ROBOTS_RULE_ALLOW,True,True,1,UNKNOWN,SCRIPT_PRESENT;DISPLAY_UNKNOWN,2026-09-19T23:03:31.721243+09:00,REVIEW,http-evidence.json,HTTP observation applies to fetched URL only; fragment variants retained; deployment SHA UNKNOWN
https://spinkorea.kr/blog/lorem-ipsum-guide#post-content,https://spinkorea.kr/blog/lorem-ipsum-guide,link:https://spinkorea.kr/blog/lorem-ipsum-guide,blog,UNKNOWN,UNKNOWN,UNKNOWN,UNKNOWN,UNKNOWN,UNKNOWN,UNKNOWN,UNKNOWN,UNKNOWN,UNKNOWN,ROBOTS_RULE_ALLOW,False,UNKNOWN,UNKNOWN,UNKNOWN,UNKNOWN,UNKNOWN,REVIEW,UNKNOWN,Candidate only: source/future/stale-build/link evidence is not proof of public availability
https://spinkorea.kr/blog/lorem-ipsum-guide#post-related,https://spinkorea.kr/blog/lorem-ipsum-guide,link:https://spinkorea.kr/blog/lorem-ipsum-guide,blog,UNKNOWN,UNKNOWN,UNKNOWN,UNKNOWN,UNKNOWN,UNKNOWN,UNKNOWN,UNKNOWN,UNKNOWN,UNKNOWN,ROBOTS_RULE_ALLOW,False,UNKNOWN,UNKNOWN,UNKNOWN,UNKNOWN,UNKNOWN,REVIEW,UNKNOWN,Candidate only: source/future/stale-build/link evidence is not proof of public availability
https://spinkorea.kr/blog/lorem-ipsum-guide#post-summary,https://spinkorea.kr/blog/lorem-ipsum-guide,link:https://spinkorea.kr/blog/lorem-ipsum-guide,blog,UNKNOWN,UNKNOWN,UNKNOWN,UNKNOWN,UNKNOWN,UNKNOWN,UNKNOWN,UNKNOWN,UNKNOWN,UNKNOWN,ROBOTS_RULE_ALLOW,False,UNKNOWN,UNKNOWN,UNKNOWN,UNKNOWN,UNKNOWN,REVIEW,UNKNOWN,Candidate only: source/future/stale-build/link evidence is not proof of public availability
https://spinkorea.kr/blog/lorem-ipsum-history,https://spinkorea.kr/blog/lorem-ipsum-history,post-metadata.generated.json;post-metadata.runtime.generated.json;existing-dist-unverified-build;LIVE_SITEMAP;LIVE_RSS;link:https://spinkorea.kr/blog;LIVE_HTTP,blog,Lorem Ipsum의 비밀: 500년간 디자이너가 써온 텍스트의 정체,src/data/post-metadata.runtime.generated.json,curated;date=2026-05-04,EXISTING_ARTIFACT_NOT_FRESH,200,https://spinkorea.kr/blog/lorem-ipsum-history,[],https://spinkorea.kr/blog/lorem-ipsum-history,ABSENT,ABSENT,ROBOTS_RULE_ALLOW,True,True,1,UNKNOWN,SCRIPT_PRESENT;DISPLAY_UNKNOWN,2026-09-19T23:03:32.549187+09:00,REVIEW,http-evidence.json,HTTP observation applies to fetched URL only; fragment variants retained; deployment SHA UNKNOWN
https://spinkorea.kr/blog/lorem-ipsum-history#post-content,https://spinkorea.kr/blog/lorem-ipsum-history,link:https://spinkorea.kr/blog/lorem-ipsum-history,blog,UNKNOWN,UNKNOWN,UNKNOWN,UNKNOWN,UNKNOWN,UNKNOWN,UNKNOWN,UNKNOWN,UNKNOWN,UNKNOWN,ROBOTS_RULE_ALLOW,False,UNKNOWN,UNKNOWN,UNKNOWN,UNKNOWN,UNKNOWN,REVIEW,UNKNOWN,Candidate only: source/future/stale-build/link evidence is not proof of public availability
https://spinkorea.kr/blog/lorem-ipsum-history#post-related,https://spinkorea.kr/blog/lorem-ipsum-history,link:https://spinkorea.kr/blog/lorem-ipsum-history,blog,UNKNOWN,UNKNOWN,UNKNOWN,UNKNOWN,UNKNOWN,UNKNOWN,UNKNOWN,UNKNOWN,UNKNOWN,UNKNOWN,ROBOTS_RULE_ALLOW,False,UNKNOWN,UNKNOWN,UNKNOWN,UNKNOWN,UNKNOWN,REVIEW,UNKNOWN,Candidate only: source/future/stale-build/link evidence is not proof of public availability
https://spinkorea.kr/blog/lorem-ipsum-history#post-summary,https://spinkorea.kr/blog/lorem-ipsum-history,link:https://spinkorea.kr/blog/lorem-ipsum-history,blog,UNKNOWN,UNKNOWN,UNKNOWN,UNKNOWN,UNKNOWN,UNKNOWN,UNKNOWN,UNKNOWN,UNKNOWN,UNKNOWN,ROBOTS_RULE_ALLOW,False,UNKNOWN,UNKNOWN,UNKNOWN,UNKNOWN,UNKNOWN,REVIEW,UNKNOWN,Candidate only: source/future/stale-build/link evidence is not proof of public availability
https://spinkorea.kr/blog/lorem-ipsum-layout-qa,https://spinkorea.kr/blog/lorem-ipsum-layout-qa,post-metadata.generated.json;post-metadata.runtime.generated.json;content-plan.generated.json;LIVE_SITEMAP;LIVE_RSS;link:https://spinkorea.kr/blog;LIVE_HTTP,blog,더미 텍스트로 모바일 레이아웃 깨짐을 찾는 체크리스트,src/data/content-plan.generated.json,scheduled;date=2026-09-14T08:00:00+09:00,UNKNOWN,200,https://spinkorea.kr/blog/lorem-ipsum-layout-qa,[],https://spinkorea.kr/blog/lorem-ipsum-layout-qa,ABSENT,ABSENT,ROBOTS_RULE_ALLOW,True,True,1,UNKNOWN,SCRIPT_PRESENT;DISPLAY_UNKNOWN,2026-09-19T23:03:33.330453+09:00,REVIEW,http-evidence.json,HTTP observation applies to fetched URL only; fragment variants retained; deployment SHA UNKNOWN
https://spinkorea.kr/blog/lorem-ipsum-layout-qa#post-content,https://spinkorea.kr/blog/lorem-ipsum-layout-qa,link:https://spinkorea.kr/blog/lorem-ipsum-layout-qa,blog,UNKNOWN,UNKNOWN,UNKNOWN,UNKNOWN,UNKNOWN,UNKNOWN,UNKNOWN,UNKNOWN,UNKNOWN,UNKNOWN,ROBOTS_RULE_ALLOW,False,UNKNOWN,UNKNOWN,UNKNOWN,UNKNOWN,UNKNOWN,REVIEW,UNKNOWN,Candidate only: source/future/stale-build/link evidence is not proof of public availability
https://spinkorea.kr/blog/lorem-ipsum-layout-qa#post-related,https://spinkorea.kr/blog/lorem-ipsum-layout-qa,link:https://spinkorea.kr/blog/lorem-ipsum-layout-qa,blog,UNKNOWN,UNKNOWN,UNKNOWN,UNKNOWN,UNKNOWN,UNKNOWN,UNKNOWN,UNKNOWN,UNKNOWN,UNKNOWN,ROBOTS_RULE_ALLOW,False,UNKNOWN,UNKNOWN,UNKNOWN,UNKNOWN,UNKNOWN,REVIEW,UNKNOWN,Candidate only: source/future/stale-build/link evidence is not proof of public availability
https://spinkorea.kr/blog/lorem-ipsum-layout-qa#post-summary,https://spinkorea.kr/blog/lorem-ipsum-layout-qa,link:https://spinkorea.kr/blog/lorem-ipsum-layout-qa,blog,UNKNOWN,UNKNOWN,UNKNOWN,UNKNOWN,UNKNOWN,UNKNOWN,UNKNOWN,UNKNOWN,UNKNOWN,UNKNOWN,ROBOTS_RULE_ALLOW,False,UNKNOWN,UNKNOWN,UNKNOWN,UNKNOWN,UNKNOWN,REVIEW,UNKNOWN,Candidate only: source/future/stale-build/link evidence is not proof of public availability
https://spinkorea.kr/blog/lottery-duplicate-merge,https://spinkorea.kr/blog/lottery-duplicate-merge,post-metadata.generated.json;post-metadata.runtime.generated.json;content-plan.generated.json;existing-dist-unverified-build,blog,"추첨 중복 병합 적용 순서, 결과 기록 확인",src/data/content-plan.generated.json,scheduled;date=2026-07-30T09:00:00+09:00,EXISTING_ARTIFACT_NOT_FRESH,UNKNOWN,UNKNOWN,UNKNOWN,UNKNOWN,UNKNOWN,UNKNOWN,ROBOTS_RULE_ALLOW,False,False,0,UNKNOWN,UNKNOWN,UNKNOWN,REVIEW,UNKNOWN,Candidate only: source/future/stale-build/link evidence is not proof of public availability
https://spinkorea.kr/blog/lottery-event-proof,https://spinkorea.kr/blog/lottery-event-proof,post-metadata.generated.json;post-metadata.runtime.generated.json;content-plan.generated.json;existing-dist-unverified-build,blog,"이벤트 추첨 증빙, 공정성 먼저 보기",src/data/content-plan.generated.json,scheduled;date=2026-06-16T10:00:00+09:00,EXISTING_ARTIFACT_NOT_FRESH,UNKNOWN,UNKNOWN,UNKNOWN,UNKNOWN,UNKNOWN,UNKNOWN,ROBOTS_RULE_ALLOW,False,False,0,UNKNOWN,UNKNOWN,UNKNOWN,REVIEW,UNKNOWN,Candidate only: source/future/stale-build/link evidence is not proof of public availability
https://spinkorea.kr/blog/lotto-number-note,https://spinkorea.kr/blog/lotto-number-note,post-metadata.generated.json;post-metadata.runtime.generated.json;content-plan.generated.json;existing-dist-unverified-build,blog,"로또 번호 메모 발행 전 검토, 참가자 목록",src/data/content-plan.generated.json,scheduled;date=2026-06-20T09:00:00+09:00,EXISTING_ARTIFACT_NOT_FRESH,UNKNOWN,UNKNOWN,UNKNOWN,UNKNOWN,UNKNOWN,UNKNOWN,ROBOTS_RULE_ALLOW,False,False,0,UNKNOWN,UNKNOWN,UNKNOWN,REVIEW,UNKNOWN,Candidate only: source/future/stale-build/link evidence is not proof of public availability
https://spinkorea.kr/blog/lotto-number-strategy,https://spinkorea.kr/blog/lotto-number-strategy,post-metadata.generated.json;post-metadata.runtime.generated.json;existing-dist-unverified-build;LIVE_SITEMAP;LIVE_RSS;link:https://spinkorea.kr/blog;LIVE_HTTP,blog,로또 번호 생성기 완벽 가이드: 랜덤이 최선인 이유,src/data/post-metadata.runtime.generated.json,curated;date=2026-01-22,EXISTING_ARTIFACT_NOT_FRESH,200,https://spinkorea.kr/blog/lotto-number-strategy,[],https://spinkorea.kr/blog/lotto-number-strategy,ABSENT,ABSENT,ROBOTS_RULE_ALLOW,True,True,1,UNKNOWN,SCRIPT_PRESENT;DISPLAY_UNKNOWN,2026-09-19T23:03:34.105692+09:00,REVIEW,http-evidence.json,HTTP observation applies to fetched URL only; fragment variants retained; deployment SHA UNKNOWN
https://spinkorea.kr/blog/lotto-number-strategy#post-content,https://spinkorea.kr/blog/lotto-number-strategy,link:https://spinkorea.kr/blog/lotto-number-strategy,blog,UNKNOWN,UNKNOWN,UNKNOWN,UNKNOWN,UNKNOWN,UNKNOWN,UNKNOWN,UNKNOWN,UNKNOWN,UNKNOWN,ROBOTS_RULE_ALLOW,False,UNKNOWN,UNKNOWN,UNKNOWN,UNKNOWN,UNKNOWN,REVIEW,UNKNOWN,Candidate only: source/future/stale-build/link evidence is not proof of public availability
https://spinkorea.kr/blog/lotto-number-strategy#post-related,https://spinkorea.kr/blog/lotto-number-strategy,link:https://spinkorea.kr/blog/lotto-number-strategy,blog,UNKNOWN,UNKNOWN,UNKNOWN,UNKNOWN,UNKNOWN,UNKNOWN,UNKNOWN,UNKNOWN,UNKNOWN,UNKNOWN,ROBOTS_RULE_ALLOW,False,UNKNOWN,UNKNOWN,UNKNOWN,UNKNOWN,UNKNOWN,REVIEW,UNKNOWN,Candidate only: source/future/stale-build/link evidence is not proof of public availability
https://spinkorea.kr/blog/lotto-number-strategy#post-summary,https://spinkorea.kr/blog/lotto-number-strategy,link:https://spinkorea.kr/blog/lotto-number-strategy,blog,UNKNOWN,UNKNOWN,UNKNOWN,UNKNOWN,UNKNOWN,UNKNOWN,UNKNOWN,UNKNOWN,UNKNOWN,UNKNOWN,ROBOTS_RULE_ALLOW,False,UNKNOWN,UNKNOWN,UNKNOWN,UNKNOWN,UNKNOWN,REVIEW,UNKNOWN,Candidate only: source/future/stale-build/link evidence is not proof of public availability
https://spinkorea.kr/blog/lotto-random-combination,https://spinkorea.kr/blog/lotto-random-combination,post-metadata.generated.json;post-metadata.runtime.generated.json;content-plan.generated.json;LIVE_SITEMAP;LIVE_RSS;link:https://spinkorea.kr/blog;LIVE_HTTP,blog,로또 번호 생성기는 예측이 아니라 무작위 조합 도구입니다,src/data/content-plan.generated.json,scheduled;date=2026-09-13T08:00:00+09:00,UNKNOWN,200,https://spinkorea.kr/blog/lotto-random-combination,[],https://spinkorea.kr/blog/lotto-random-combination,ABSENT,ABSENT,ROBOTS_RULE_ALLOW,True,True,1,UNKNOWN,SCRIPT_PRESENT;DISPLAY_UNKNOWN,2026-09-19T23:03:34.864779+09:00,REVIEW,http-evidence.json,HTTP observation applies to fetched URL only; fragment variants retained; deployment SHA UNKNOWN
https://spinkorea.kr/blog/lotto-random-combination#post-content,https://spinkorea.kr/blog/lotto-random-combination,link:https://spinkorea.kr/blog/lotto-random-combination,blog,UNKNOWN,UNKNOWN,UNKNOWN,UNKNOWN,UNKNOWN,UNKNOWN,UNKNOWN,UNKNOWN,UNKNOWN,UNKNOWN,ROBOTS_RULE_ALLOW,False,UNKNOWN,UNKNOWN,UNKNOWN,UNKNOWN,UNKNOWN,REVIEW,UNKNOWN,Candidate only: source/future/stale-build/link evidence is not proof of public availability
https://spinkorea.kr/blog/lotto-random-combination#post-related,https://spinkorea.kr/blog/lotto-random-combination,link:https://spinkorea.kr/blog/lotto-random-combination,blog,UNKNOWN,UNKNOWN,UNKNOWN,UNKNOWN,UNKNOWN,UNKNOWN,UNKNOWN,UNKNOWN,UNKNOWN,UNKNOWN,ROBOTS_RULE_ALLOW,False,UNKNOWN,UNKNOWN,UNKNOWN,UNKNOWN,UNKNOWN,REVIEW,UNKNOWN,Candidate only: source/future/stale-build/link evidence is not proof of public availability
https://spinkorea.kr/blog/lotto-random-combination#post-summary,https://spinkorea.kr/blog/lotto-random-combination,link:https://spinkorea.kr/blog/lotto-random-combination,blog,UNKNOWN,UNKNOWN,UNKNOWN,UNKNOWN,UNKNOWN,UNKNOWN,UNKNOWN,UNKNOWN,UNKNOWN,UNKNOWN,ROBOTS_RULE_ALLOW,False,UNKNOWN,UNKNOWN,UNKNOWN,UNKNOWN,UNKNOWN,REVIEW,UNKNOWN,Candidate only: source/future/stale-build/link evidence is not proof of public availability
https://spinkorea.kr/blog/lotto-statistics,https://spinkorea.kr/blog/lotto-statistics,post-metadata.generated.json;post-metadata.runtime.generated.json;existing-dist-unverified-build;LIVE_SITEMAP;LIVE_RSS;link:https://spinkorea.kr/blog;LIVE_HTTP,blog,로또 번호 통계 분석: 자주 나오는 번호가 있을까?,src/data/post-metadata.runtime.generated.json,curated;date=2026-04-16,EXISTING_ARTIFACT_NOT_FRESH,200,https://spinkorea.kr/blog/lotto-statistics,[],https://spinkorea.kr/blog/lotto-statistics,ABSENT,ABSENT,ROBOTS_RULE_ALLOW,True,True,1,UNKNOWN,SCRIPT_PRESENT;DISPLAY_UNKNOWN,2026-09-19T23:03:35.599543+09:00,REVIEW,http-evidence.json,HTTP observation applies to fetched URL only; fragment variants retained; deployment SHA UNKNOWN
https://spinkorea.kr/blog/lotto-statistics#post-content,https://spinkorea.kr/blog/lotto-statistics,link:https://spinkorea.kr/blog/lotto-statistics,blog,UNKNOWN,UNKNOWN,UNKNOWN,UNKNOWN,UNKNOWN,UNKNOWN,UNKNOWN,UNKNOWN,UNKNOWN,UNKNOWN,ROBOTS_RULE_ALLOW,False,UNKNOWN,UNKNOWN,UNKNOWN,UNKNOWN,UNKNOWN,REVIEW,UNKNOWN,Candidate only: source/future/stale-build/link evidence is not proof of public availability
https://spinkorea.kr/blog/lotto-statistics#post-related,https://spinkorea.kr/blog/lotto-statistics,link:https://spinkorea.kr/blog/lotto-statistics,blog,UNKNOWN,UNKNOWN,UNKNOWN,UNKNOWN,UNKNOWN,UNKNOWN,UNKNOWN,UNKNOWN,UNKNOWN,UNKNOWN,ROBOTS_RULE_ALLOW,False,UNKNOWN,UNKNOWN,UNKNOWN,UNKNOWN,UNKNOWN,REVIEW,UNKNOWN,Candidate only: source/future/stale-build/link evidence is not proof of public availability
https://spinkorea.kr/blog/lotto-statistics#post-summary,https://spinkorea.kr/blog/lotto-statistics,link:https://spinkorea.kr/blog/lotto-statistics,blog,UNKNOWN,UNKNOWN,UNKNOWN,UNKNOWN,UNKNOWN,UNKNOWN,UNKNOWN,UNKNOWN,UNKNOWN,UNKNOWN,ROBOTS_RULE_ALLOW,False,UNKNOWN,UNKNOWN,UNKNOWN,UNKNOWN,UNKNOWN,REVIEW,UNKNOWN,Candidate only: source/future/stale-build/link evidence is not proof of public availability
https://spinkorea.kr/blog/low-energy-task-list,https://spinkorea.kr/blog/low-energy-task-list,post-metadata.generated.json;post-metadata.runtime.generated.json;content-plan.generated.json;existing-dist-unverified-build,blog,"저에너지 작업 목록 개선 포인트, 루틴 설계",src/data/content-plan.generated.json,scheduled;date=2026-08-28T23:00:00+09:00,EXISTING_ARTIFACT_NOT_FRESH,UNKNOWN,UNKNOWN,UNKNOWN,UNKNOWN,UNKNOWN,UNKNOWN,ROBOTS_RULE_ALLOW,False,False,0,UNKNOWN,UNKNOWN,UNKNOWN,REVIEW,UNKNOWN,Candidate only: source/future/stale-build/link evidence is not proof of public availability
https://spinkorea.kr/blog/lunch-choice-rule,https://spinkorea.kr/blog/lunch-choice-rule,post-metadata.generated.json;post-metadata.runtime.generated.json;content-plan.generated.json;existing-dist-unverified-build,blog,점심 메뉴 결정 룰 체크리스트: 참가자 목록 핵심,src/data/content-plan.generated.json,scheduled;date=2026-05-10T03:00:00+09:00,EXISTING_ARTIFACT_NOT_FRESH,UNKNOWN,UNKNOWN,UNKNOWN,UNKNOWN,UNKNOWN,UNKNOWN,ROBOTS_RULE_ALLOW,False,False,0,UNKNOWN,UNKNOWN,UNKNOWN,REVIEW,UNKNOWN,Candidate only: source/future/stale-build/link evidence is not proof of public availability
https://spinkorea.kr/blog/maintenance-date-log,https://spinkorea.kr/blog/maintenance-date-log,post-metadata.generated.json;post-metadata.runtime.generated.json;content-plan.generated.json;existing-dist-unverified-build,blog,"정비 날짜 기록 선택법, 생활 적용과 계산 기준",src/data/content-plan.generated.json,scheduled;date=2026-08-04T04:00:00+09:00,EXISTING_ARTIFACT_NOT_FRESH,UNKNOWN,UNKNOWN,UNKNOWN,UNKNOWN,UNKNOWN,UNKNOWN,ROBOTS_RULE_ALLOW,False,False,0,UNKNOWN,UNKNOWN,UNKNOWN,REVIEW,UNKNOWN,Candidate only: source/future/stale-build/link evidence is not proof of public availability
https://spinkorea.kr/blog/manual-to-checklist,https://spinkorea.kr/blog/manual-to-checklist,post-metadata.generated.json;post-metadata.runtime.generated.json;content-plan.generated.json;existing-dist-unverified-build,blog,"매뉴얼 체크리스트화 개선 포인트, 우선순위",src/data/content-plan.generated.json,scheduled;date=2026-07-18T07:00:00+09:00,EXISTING_ARTIFACT_NOT_FRESH,UNKNOWN,UNKNOWN,UNKNOWN,UNKNOWN,UNKNOWN,UNKNOWN,ROBOTS_RULE_ALLOW,False,False,0,UNKNOWN,UNKNOWN,UNKNOWN,REVIEW,UNKNOWN,Candidate only: source/future/stale-build/link evidence is not proof of public availability
https://spinkorea.kr/blog/markdown-guide,https://spinkorea.kr/blog/markdown-guide,post-metadata.generated.json;post-metadata.runtime.generated.json;existing-dist-unverified-build;LIVE_SITEMAP;LIVE_RSS;link:https://spinkorea.kr/blog;LIVE_HTTP,blog,마크다운 완벽 가이드: 깃허브·블로그·노션에서 쓰는 기본 문법,src/data/post-metadata.runtime.generated.json,curated;date=2026-03-08,EXISTING_ARTIFACT_NOT_FRESH,200,https://spinkorea.kr/blog/markdown-guide,[],https://spinkorea.kr/blog/markdown-guide,ABSENT,ABSENT,ROBOTS_RULE_ALLOW,True,True,1,UNKNOWN,SCRIPT_PRESENT;DISPLAY_UNKNOWN,2026-09-19T23:03:36.356199+09:00,REVIEW,http-evidence.json,HTTP observation applies to fetched URL only; fragment variants retained; deployment SHA UNKNOWN
https://spinkorea.kr/blog/markdown-guide#post-content,https://spinkorea.kr/blog/markdown-guide,link:https://spinkorea.kr/blog/markdown-guide,blog,UNKNOWN,UNKNOWN,UNKNOWN,UNKNOWN,UNKNOWN,UNKNOWN,UNKNOWN,UNKNOWN,UNKNOWN,UNKNOWN,ROBOTS_RULE_ALLOW,False,UNKNOWN,UNKNOWN,UNKNOWN,UNKNOWN,UNKNOWN,REVIEW,UNKNOWN,Candidate only: source/future/stale-build/link evidence is not proof of public availability
https://spinkorea.kr/blog/markdown-guide#post-related,https://spinkorea.kr/blog/markdown-guide,link:https://spinkorea.kr/blog/markdown-guide,blog,UNKNOWN,UNKNOWN,UNKNOWN,UNKNOWN,UNKNOWN,UNKNOWN,UNKNOWN,UNKNOWN,UNKNOWN,UNKNOWN,ROBOTS_RULE_ALLOW,False,UNKNOWN,UNKNOWN,UNKNOWN,UNKNOWN,UNKNOWN,REVIEW,UNKNOWN,Candidate only: source/future/stale-build/link evidence is not proof of public availability
https://spinkorea.kr/blog/markdown-guide#post-summary,https://spinkorea.kr/blog/markdown-guide,link:https://spinkorea.kr/blog/markdown-guide,blog,UNKNOWN,UNKNOWN,UNKNOWN,UNKNOWN,UNKNOWN,UNKNOWN,UNKNOWN,UNKNOWN,UNKNOWN,UNKNOWN,ROBOTS_RULE_ALLOW,False,UNKNOWN,UNKNOWN,UNKNOWN,UNKNOWN,UNKNOWN,REVIEW,UNKNOWN,Candidate only: source/future/stale-build/link evidence is not proof of public availability
https://spinkorea.kr/blog/markdown-mobile-preview,https://spinkorea.kr/blog/markdown-mobile-preview,post-metadata.generated.json;post-metadata.runtime.generated.json;content-plan.generated.json,blog,Markdown 표와 코드블록은 모바일에서 다시 확인하세요,src/data/content-plan.generated.json,scheduled;date=2026-09-29T08:00:00+09:00,UNKNOWN,UNKNOWN,UNKNOWN,UNKNOWN,UNKNOWN,UNKNOWN,UNKNOWN,ROBOTS_RULE_ALLOW,False,False,0,UNKNOWN,UNKNOWN,UNKNOWN,REVIEW,UNKNOWN,Candidate only: source/future/stale-build/link evidence is not proof of public availability
https://spinkorea.kr/blog/markdown-raw-html-safety,https://spinkorea.kr/blog/markdown-raw-html-safety,post-metadata.generated.json;post-metadata.runtime.generated.json;content-plan.generated.json,blog,마크다운 미리보기에서 HTML이 안 보이는 이유와 안전한 처리,src/data/content-plan.generated.json,scheduled;date=2026-10-07T08:00:00+09:00,UNKNOWN,UNKNOWN,UNKNOWN,UNKNOWN,UNKNOWN,UNKNOWN,UNKNOWN,ROBOTS_RULE_ALLOW,False,False,0,UNKNOWN,UNKNOWN,UNKNOWN,REVIEW,UNKNOWN,Candidate only: source/future/stale-build/link evidence is not proof of public availability
https://spinkorea.kr/blog/markdown-render-check,https://spinkorea.kr/blog/markdown-render-check,post-metadata.generated.json;post-metadata.runtime.generated.json;content-plan.generated.json;existing-dist-unverified-build,blog,"마크다운 렌더링 확인 판단법, 자동화 중심",src/data/content-plan.generated.json,scheduled;date=2026-06-01T05:00:00+09:00,EXISTING_ARTIFACT_NOT_FRESH,UNKNOWN,UNKNOWN,UNKNOWN,UNKNOWN,UNKNOWN,UNKNOWN,ROBOTS_RULE_ALLOW,False,False,0,UNKNOWN,UNKNOWN,UNKNOWN,REVIEW,UNKNOWN,Candidate only: source/future/stale-build/link evidence is not proof of public availability
https://spinkorea.kr/blog/markdown-table-check,https://spinkorea.kr/blog/markdown-table-check,post-metadata.generated.json;post-metadata.runtime.generated.json;content-plan.generated.json;existing-dist-unverified-build,blog,"마크다운 표 작성 발행 전 검토, 순서",src/data/content-plan.generated.json,scheduled;date=2026-05-22T05:00:00+09:00,EXISTING_ARTIFACT_NOT_FRESH,UNKNOWN,UNKNOWN,UNKNOWN,UNKNOWN,UNKNOWN,UNKNOWN,ROBOTS_RULE_ALLOW,False,False,0,UNKNOWN,UNKNOWN,UNKNOWN,REVIEW,UNKNOWN,Candidate only: source/future/stale-build/link evidence is not proof of public availability
https://spinkorea.kr/blog/markdown-writing,https://spinkorea.kr/blog/markdown-writing,post-metadata.generated.json;post-metadata.runtime.generated.json;existing-dist-unverified-build;LIVE_SITEMAP;LIVE_RSS;link:https://spinkorea.kr/blog;LIVE_HTTP,blog,마크다운으로 글 쓰는 이유: 개발자·기획자의 노트 작성법,src/data/post-metadata.runtime.generated.json,curated;date=2026-04-24,EXISTING_ARTIFACT_NOT_FRESH,200,https://spinkorea.kr/blog/markdown-writing,[],https://spinkorea.kr/blog/markdown-writing,ABSENT,ABSENT,ROBOTS_RULE_ALLOW,True,True,1,UNKNOWN,SCRIPT_PRESENT;DISPLAY_UNKNOWN,2026-09-19T23:03:37.123556+09:00,REVIEW,http-evidence.json,HTTP observation applies to fetched URL only; fragment variants retained; deployment SHA UNKNOWN
https://spinkorea.kr/blog/markdown-writing#post-content,https://spinkorea.kr/blog/markdown-writing,link:https://spinkorea.kr/blog/markdown-writing,blog,UNKNOWN,UNKNOWN,UNKNOWN,UNKNOWN,UNKNOWN,UNKNOWN,UNKNOWN,UNKNOWN,UNKNOWN,UNKNOWN,ROBOTS_RULE_ALLOW,False,UNKNOWN,UNKNOWN,UNKNOWN,UNKNOWN,UNKNOWN,REVIEW,UNKNOWN,Candidate only: source/future/stale-build/link evidence is not proof of public availability
https://spinkorea.kr/blog/markdown-writing#post-related,https://spinkorea.kr/blog/markdown-writing,link:https://spinkorea.kr/blog/markdown-writing,blog,UNKNOWN,UNKNOWN,UNKNOWN,UNKNOWN,UNKNOWN,UNKNOWN,UNKNOWN,UNKNOWN,UNKNOWN,UNKNOWN,ROBOTS_RULE_ALLOW,False,UNKNOWN,UNKNOWN,UNKNOWN,UNKNOWN,UNKNOWN,REVIEW,UNKNOWN,Candidate only: source/future/stale-build/link evidence is not proof of public availability
https://spinkorea.kr/blog/markdown-writing#post-summary,https://spinkorea.kr/blog/markdown-writing,link:https://spinkorea.kr/blog/markdown-writing,blog,UNKNOWN,UNKNOWN,UNKNOWN,UNKNOWN,UNKNOWN,UNKNOWN,UNKNOWN,UNKNOWN,UNKNOWN,UNKNOWN,ROBOTS_RULE_ALLOW,False,UNKNOWN,UNKNOWN,UNKNOWN,UNKNOWN,UNKNOWN,REVIEW,UNKNOWN,Candidate only: source/future/stale-build/link evidence is not proof of public availability
https://spinkorea.kr/blog/meal-choice-balance,https://spinkorea.kr/blog/meal-choice-balance,post-metadata.generated.json;post-metadata.runtime.generated.json;content-plan.generated.json;existing-dist-unverified-build,blog,"식사 선택 균형 판단법, 무리 없는 기준 중심",src/data/content-plan.generated.json,scheduled;date=2026-06-09T13:00:00+09:00,EXISTING_ARTIFACT_NOT_FRESH,UNKNOWN,UNKNOWN,UNKNOWN,UNKNOWN,UNKNOWN,UNKNOWN,ROBOTS_RULE_ALLOW,False,False,0,UNKNOWN,UNKNOWN,UNKNOWN,REVIEW,UNKNOWN,Candidate only: source/future/stale-build/link evidence is not proof of public availability
https://spinkorea.kr/blog/meal-choice-fatigue,https://spinkorea.kr/blog/meal-choice-fatigue,post-metadata.generated.json;post-metadata.runtime.generated.json;content-plan.generated.json;existing-dist-unverified-build,blog,"식사 선택 피로 실전 흐름, 기록 습관부터",src/data/content-plan.generated.json,scheduled;date=2026-09-01T07:00:00+09:00,EXISTING_ARTIFACT_NOT_FRESH,UNKNOWN,UNKNOWN,UNKNOWN,UNKNOWN,UNKNOWN,UNKNOWN,ROBOTS_RULE_ALLOW,False,False,0,UNKNOWN,UNKNOWN,UNKNOWN,REVIEW,UNKNOWN,Candidate only: source/future/stale-build/link evidence is not proof of public availability
https://spinkorea.kr/blog/meal-prep-quantity,https://spinkorea.kr/blog/meal-prep-quantity,post-metadata.generated.json;post-metadata.runtime.generated.json;content-plan.generated.json;existing-dist-unverified-build,blog,"식재료 분량 계산 검토 순서, 입력값 확인 활용",src/data/content-plan.generated.json,scheduled;date=2026-06-23T22:00:00+09:00,EXISTING_ARTIFACT_NOT_FRESH,UNKNOWN,UNKNOWN,UNKNOWN,UNKNOWN,UNKNOWN,UNKNOWN,ROBOTS_RULE_ALLOW,False,False,0,UNKNOWN,UNKNOWN,UNKNOWN,REVIEW,UNKNOWN,Candidate only: source/future/stale-build/link evidence is not proof of public availability
https://spinkorea.kr/blog/meal-rhythm-log,https://spinkorea.kr/blog/meal-rhythm-log,post-metadata.generated.json;post-metadata.runtime.generated.json;content-plan.generated.json;existing-dist-unverified-build,blog,식사 리듬 기록 체크리스트: 무리 없는 기준 핵심,src/data/content-plan.generated.json,scheduled;date=2026-07-19T23:00:00+09:00,EXISTING_ARTIFACT_NOT_FRESH,UNKNOWN,UNKNOWN,UNKNOWN,UNKNOWN,UNKNOWN,UNKNOWN,ROBOTS_RULE_ALLOW,False,False,0,UNKNOWN,UNKNOWN,UNKNOWN,REVIEW,UNKNOWN,Candidate only: source/future/stale-build/link evidence is not proof of public availability
https://spinkorea.kr/blog/mean-median-survey,https://spinkorea.kr/blog/mean-median-survey,post-metadata.generated.json;post-metadata.runtime.generated.json;content-plan.generated.json,blog,설문 결과는 평균과 중앙값을 같이 보면 달라집니다,src/data/content-plan.generated.json,scheduled;date=2026-09-26T08:00:00+09:00,UNKNOWN,UNKNOWN,UNKNOWN,UNKNOWN,UNKNOWN,UNKNOWN,UNKNOWN,ROBOTS_RULE_ALLOW,False,False,0,UNKNOWN,UNKNOWN,UNKNOWN,REVIEW,UNKNOWN,Candidate only: source/future/stale-build/link evidence is not proof of public availability
https://spinkorea.kr/blog/medicine-time-note,https://spinkorea.kr/blog/medicine-time-note,post-metadata.generated.json;post-metadata.runtime.generated.json;content-plan.generated.json;existing-dist-unverified-build,blog,"복용 시간 메모 실행 순서, 생활 적용까지",src/data/content-plan.generated.json,scheduled;date=2026-06-29T08:00:00+09:00,EXISTING_ARTIFACT_NOT_FRESH,UNKNOWN,UNKNOWN,UNKNOWN,UNKNOWN,UNKNOWN,UNKNOWN,ROBOTS_RULE_ALLOW,False,False,0,UNKNOWN,UNKNOWN,UNKNOWN,REVIEW,UNKNOWN,Candidate only: source/future/stale-build/link evidence is not proof of public availability
https://spinkorea.kr/blog/meeting-agenda-priority,https://spinkorea.kr/blog/meeting-agenda-priority,post-metadata.generated.json;post-metadata.runtime.generated.json;content-plan.generated.json;existing-dist-unverified-build,blog,"회의 안건 우선순위 비교법, 확률 설정과 중복 방지",src/data/content-plan.generated.json,scheduled;date=2026-05-10T13:00:00+09:00,EXISTING_ARTIFACT_NOT_FRESH,UNKNOWN,UNKNOWN,UNKNOWN,UNKNOWN,UNKNOWN,UNKNOWN,ROBOTS_RULE_ALLOW,False,False,0,UNKNOWN,UNKNOWN,UNKNOWN,REVIEW,UNKNOWN,Candidate only: source/future/stale-build/link evidence is not proof of public availability
https://spinkorea.kr/blog/meeting-agenda-template,https://spinkorea.kr/blog/meeting-agenda-template,post-metadata.generated.json;post-metadata.runtime.generated.json;content-plan.generated.json;existing-dist-unverified-build,blog,"회의 안건 템플릿 적용 순서, 결과 기록 확인",src/data/content-plan.generated.json,scheduled;date=2026-06-02T01:00:00+09:00,EXISTING_ARTIFACT_NOT_FRESH,UNKNOWN,UNKNOWN,UNKNOWN,UNKNOWN,UNKNOWN,UNKNOWN,ROBOTS_RULE_ALLOW,False,False,0,UNKNOWN,UNKNOWN,UNKNOWN,REVIEW,UNKNOWN,Candidate only: source/future/stale-build/link evidence is not proof of public availability
https://spinkorea.kr/blog/meeting-cost-estimate,https://spinkorea.kr/blog/meeting-cost-estimate,post-metadata.generated.json;post-metadata.runtime.generated.json;content-plan.generated.json;existing-dist-unverified-build,blog,"회의 비용 계산 상황별 표, 생활 적용",src/data/content-plan.generated.json,scheduled;date=2026-06-26T10:00:00+09:00,EXISTING_ARTIFACT_NOT_FRESH,UNKNOWN,UNKNOWN,UNKNOWN,UNKNOWN,UNKNOWN,UNKNOWN,ROBOTS_RULE_ALLOW,False,False,0,UNKNOWN,UNKNOWN,UNKNOWN,REVIEW,UNKNOWN,Candidate only: source/future/stale-build/link evidence is not proof of public availability
https://spinkorea.kr/blog/meeting-free-block,https://spinkorea.kr/blog/meeting-free-block,post-metadata.generated.json;post-metadata.runtime.generated.json;content-plan.generated.json;existing-dist-unverified-build,blog,"회의 없는 시간 상황별 표, 결과 기록",src/data/content-plan.generated.json,scheduled;date=2026-07-17T06:00:00+09:00,EXISTING_ARTIFACT_NOT_FRESH,UNKNOWN,UNKNOWN,UNKNOWN,UNKNOWN,UNKNOWN,UNKNOWN,ROBOTS_RULE_ALLOW,False,False,0,UNKNOWN,UNKNOWN,UNKNOWN,REVIEW,UNKNOWN,Candidate only: source/future/stale-build/link evidence is not proof of public availability
https://spinkorea.kr/blog/meeting-minutes-action,https://spinkorea.kr/blog/meeting-minutes-action,post-metadata.generated.json;post-metadata.runtime.generated.json;content-plan.generated.json;existing-dist-unverified-build,blog,"회의록 액션아이템 사례별 정리, 우선순위 중심",src/data/content-plan.generated.json,scheduled;date=2026-06-03T12:00:00+09:00,EXISTING_ARTIFACT_NOT_FRESH,UNKNOWN,UNKNOWN,UNKNOWN,UNKNOWN,UNKNOWN,UNKNOWN,ROBOTS_RULE_ALLOW,False,False,0,UNKNOWN,UNKNOWN,UNKNOWN,REVIEW,UNKNOWN,Candidate only: source/future/stale-build/link evidence is not proof of public availability
https://spinkorea.kr/blog/meeting-note-format,https://spinkorea.kr/blog/meeting-note-format,post-metadata.generated.json;post-metadata.runtime.generated.json;content-plan.generated.json;existing-dist-unverified-build,blog,"회의록 정리 형식 개선 포인트, 문서 기준",src/data/content-plan.generated.json,scheduled;date=2026-05-20T23:00:00+09:00,EXISTING_ARTIFACT_NOT_FRESH,UNKNOWN,UNKNOWN,UNKNOWN,UNKNOWN,UNKNOWN,UNKNOWN,ROBOTS_RULE_ALLOW,False,False,0,UNKNOWN,UNKNOWN,UNKNOWN,REVIEW,UNKNOWN,Candidate only: source/future/stale-build/link evidence is not proof of public availability
https://spinkorea.kr/blog/meeting-prep-list,https://spinkorea.kr/blog/meeting-prep-list,post-metadata.generated.json;post-metadata.runtime.generated.json;content-plan.generated.json;existing-dist-unverified-build,blog,"회의 준비 목록 초보 흐름, 집중 시간 중심",src/data/content-plan.generated.json,scheduled;date=2026-07-13T22:00:00+09:00,EXISTING_ARTIFACT_NOT_FRESH,UNKNOWN,UNKNOWN,UNKNOWN,UNKNOWN,UNKNOWN,UNKNOWN,ROBOTS_RULE_ALLOW,False,False,0,UNKNOWN,UNKNOWN,UNKNOWN,REVIEW,UNKNOWN,Candidate only: source/future/stale-build/link evidence is not proof of public availability
https://spinkorea.kr/blog/meeting-room-time,https://spinkorea.kr/blog/meeting-room-time,post-metadata.generated.json;post-metadata.runtime.generated.json;content-plan.generated.json;existing-dist-unverified-build,blog,"회의실 사용 시간, 결과 해석 전에 볼 점",src/data/content-plan.generated.json,scheduled;date=2026-05-19T07:00:00+09:00,EXISTING_ARTIFACT_NOT_FRESH,UNKNOWN,UNKNOWN,UNKNOWN,UNKNOWN,UNKNOWN,UNKNOWN,ROBOTS_RULE_ALLOW,False,False,0,UNKNOWN,UNKNOWN,UNKNOWN,REVIEW,UNKNOWN,Candidate only: source/future/stale-build/link evidence is not proof of public availability
https://spinkorea.kr/blog/meeting-speaker-draw,https://spinkorea.kr/blog/meeting-speaker-draw,post-metadata.generated.json;post-metadata.runtime.generated.json;content-plan.generated.json;existing-dist-unverified-build,blog,"회의 발표자 추첨 비교법, 확률 설정과 중복 방지",src/data/content-plan.generated.json,scheduled;date=2026-08-01T21:00:00+09:00,EXISTING_ARTIFACT_NOT_FRESH,UNKNOWN,UNKNOWN,UNKNOWN,UNKNOWN,UNKNOWN,UNKNOWN,ROBOTS_RULE_ALLOW,False,False,0,UNKNOWN,UNKNOWN,UNKNOWN,REVIEW,UNKNOWN,Candidate only: source/future/stale-build/link evidence is not proof of public availability
https://spinkorea.kr/blog/meeting-time-cost,https://spinkorea.kr/blog/meeting-time-cost,post-metadata.generated.json;post-metadata.runtime.generated.json;content-plan.generated.json;existing-dist-unverified-build,blog,회의 시간 비용 FAQ: 계산 기준 답변,src/data/content-plan.generated.json,scheduled;date=2026-08-06T06:00:00+09:00,EXISTING_ARTIFACT_NOT_FRESH,UNKNOWN,UNKNOWN,UNKNOWN,UNKNOWN,UNKNOWN,UNKNOWN,ROBOTS_RULE_ALLOW,False,False,0,UNKNOWN,UNKNOWN,UNKNOWN,REVIEW,UNKNOWN,Candidate only: source/future/stale-build/link evidence is not proof of public availability
https://spinkorea.kr/blog/meeting-timer-timebox,https://spinkorea.kr/blog/meeting-timer-timebox,post-metadata.generated.json;post-metadata.runtime.generated.json;content-plan.generated.json,blog,회의 타이머는 종료 신호와 다음 행동까지 정해야 합니다,src/data/content-plan.generated.json,scheduled;date=2026-09-22T08:00:00+09:00,UNKNOWN,UNKNOWN,UNKNOWN,UNKNOWN,UNKNOWN,UNKNOWN,UNKNOWN,ROBOTS_RULE_ALLOW,False,False,0,UNKNOWN,UNKNOWN,UNKNOWN,REVIEW,UNKNOWN,Candidate only: source/future/stale-build/link evidence is not proof of public availability
https://spinkorea.kr/blog/mentor-match-random,https://spinkorea.kr/blog/mentor-match-random,post-metadata.generated.json;post-metadata.runtime.generated.json;content-plan.generated.json;existing-dist-unverified-build,blog,"멘토 매칭 랜덤 판단법, 참가자 목록 중심",src/data/content-plan.generated.json,scheduled;date=2026-06-17T21:00:00+09:00,EXISTING_ARTIFACT_NOT_FRESH,UNKNOWN,UNKNOWN,UNKNOWN,UNKNOWN,UNKNOWN,UNKNOWN,ROBOTS_RULE_ALLOW,False,False,0,UNKNOWN,UNKNOWN,UNKNOWN,REVIEW,UNKNOWN,Candidate only: source/future/stale-build/link evidence is not proof of public availability
https://spinkorea.kr/blog/menu-vote-tiebreak,https://spinkorea.kr/blog/menu-vote-tiebreak,post-metadata.generated.json;post-metadata.runtime.generated.json;content-plan.generated.json;existing-dist-unverified-build,blog,"메뉴 투표 동률 비교법, 확률 설정과 중복 방지",src/data/content-plan.generated.json,scheduled;date=2026-06-21T05:00:00+09:00,EXISTING_ARTIFACT_NOT_FRESH,UNKNOWN,UNKNOWN,UNKNOWN,UNKNOWN,UNKNOWN,UNKNOWN,ROBOTS_RULE_ALLOW,False,False,0,UNKNOWN,UNKNOWN,UNKNOWN,REVIEW,UNKNOWN,Candidate only: source/future/stale-build/link evidence is not proof of public availability
https://spinkorea.kr/blog/meta-copy-refresh,https://spinkorea.kr/blog/meta-copy-refresh,post-metadata.generated.json;post-metadata.runtime.generated.json;content-plan.generated.json;existing-dist-unverified-build,blog,"메타 문구 갱신 상황별 표, 공유 전 확인",src/data/content-plan.generated.json,scheduled;date=2026-08-15T10:00:00+09:00,EXISTING_ARTIFACT_NOT_FRESH,UNKNOWN,UNKNOWN,UNKNOWN,UNKNOWN,UNKNOWN,UNKNOWN,ROBOTS_RULE_ALLOW,False,False,0,UNKNOWN,UNKNOWN,UNKNOWN,REVIEW,UNKNOWN,Candidate only: source/future/stale-build/link evidence is not proof of public availability
https://spinkorea.kr/blog/meta-description-ctr,https://spinkorea.kr/blog/meta-description-ctr,post-metadata.generated.json;post-metadata.runtime.generated.json;content-plan.generated.json;existing-dist-unverified-build,blog,"메타 설명 클릭률 검토 순서, 내부 링크 활용",src/data/content-plan.generated.json,scheduled;date=2026-07-27T06:00:00+09:00,EXISTING_ARTIFACT_NOT_FRESH,UNKNOWN,UNKNOWN,UNKNOWN,UNKNOWN,UNKNOWN,UNKNOWN,ROBOTS_RULE_ALLOW,False,False,0,UNKNOWN,UNKNOWN,UNKNOWN,REVIEW,UNKNOWN,Candidate only: source/future/stale-build/link evidence is not proof of public availability
https://spinkorea.kr/blog/meta-description-draft,https://spinkorea.kr/blog/meta-description-draft,post-metadata.generated.json;post-metadata.runtime.generated.json;content-plan.generated.json;existing-dist-unverified-build,blog,"메타 설명 초안 실행 순서, 공유 전 확인까지",src/data/content-plan.generated.json,scheduled;date=2026-05-22T20:00:00+09:00,EXISTING_ARTIFACT_NOT_FRESH,UNKNOWN,UNKNOWN,UNKNOWN,UNKNOWN,UNKNOWN,UNKNOWN,ROBOTS_RULE_ALLOW,False,False,0,UNKNOWN,UNKNOWN,UNKNOWN,REVIEW,UNKNOWN,Candidate only: source/future/stale-build/link evidence is not proof of public availability
https://spinkorea.kr/blog/meta-title-cannibal,https://spinkorea.kr/blog/meta-title-cannibal,post-metadata.generated.json;post-metadata.runtime.generated.json;content-plan.generated.json;existing-dist-unverified-build,blog,"메타 제목 카니발 적용 순서, 품질 점검 확인",src/data/content-plan.generated.json,scheduled;date=2026-09-05T21:00:00+09:00,EXISTING_ARTIFACT_NOT_FRESH,UNKNOWN,UNKNOWN,UNKNOWN,UNKNOWN,UNKNOWN,UNKNOWN,ROBOTS_RULE_ALLOW,False,False,0,UNKNOWN,UNKNOWN,UNKNOWN,REVIEW,UNKNOWN,Candidate only: source/future/stale-build/link evidence is not proof of public availability
https://spinkorea.kr/blog/meta-title-refresh,https://spinkorea.kr/blog/meta-title-refresh,post-metadata.generated.json;post-metadata.runtime.generated.json;content-plan.generated.json;existing-dist-unverified-build,blog,"메타 제목 개선 상황별 표, 품질 점검",src/data/content-plan.generated.json,scheduled;date=2026-06-13T22:00:00+09:00,EXISTING_ARTIFACT_NOT_FRESH,UNKNOWN,UNKNOWN,UNKNOWN,UNKNOWN,UNKNOWN,UNKNOWN,ROBOTS_RULE_ALLOW,False,False,0,UNKNOWN,UNKNOWN,UNKNOWN,REVIEW,UNKNOWN,Candidate only: source/future/stale-build/link evidence is not proof of public availability
https://spinkorea.kr/blog/metadata-json-budget,https://spinkorea.kr/blog/metadata-json-budget,post-metadata.generated.json;post-metadata.runtime.generated.json;content-plan.generated.json;existing-dist-unverified-build,blog,"메타 JSON 용량 적용 순서, 배포 전 점검 확인",src/data/content-plan.generated.json,scheduled;date=2026-08-16T01:00:00+09:00,EXISTING_ARTIFACT_NOT_FRESH,UNKNOWN,UNKNOWN,UNKNOWN,UNKNOWN,UNKNOWN,UNKNOWN,ROBOTS_RULE_ALLOW,False,False,0,UNKNOWN,UNKNOWN,UNKNOWN,REVIEW,UNKNOWN,Candidate only: source/future/stale-build/link evidence is not proof of public availability
https://spinkorea.kr/blog/micro-break-schedule,https://spinkorea.kr/blog/micro-break-schedule,post-metadata.generated.json;post-metadata.runtime.generated.json;content-plan.generated.json;existing-dist-unverified-build,blog,"짧은 휴식 시간표 빠른 정리, 생활 적용까지",src/data/content-plan.generated.json,scheduled;date=2026-07-18T17:00:00+09:00,EXISTING_ARTIFACT_NOT_FRESH,UNKNOWN,UNKNOWN,UNKNOWN,UNKNOWN,UNKNOWN,UNKNOWN,ROBOTS_RULE_ALLOW,False,False,0,UNKNOWN,UNKNOWN,UNKNOWN,REVIEW,UNKNOWN,Candidate only: source/future/stale-build/link evidence is not proof of public availability
https://spinkorea.kr/blog/micro-reward-routine,https://spinkorea.kr/blog/micro-reward-routine,post-metadata.generated.json;post-metadata.runtime.generated.json;content-plan.generated.json;existing-dist-unverified-build,blog,"작은 보상 루틴 개선 포인트, 기록 습관",src/data/content-plan.generated.json,scheduled;date=2026-09-02T03:00:00+09:00,EXISTING_ARTIFACT_NOT_FRESH,UNKNOWN,UNKNOWN,UNKNOWN,UNKNOWN,UNKNOWN,UNKNOWN,ROBOTS_RULE_ALLOW,False,False,0,UNKNOWN,UNKNOWN,UNKNOWN,REVIEW,UNKNOWN,Candidate only: source/future/stale-build/link evidence is not proof of public availability
https://spinkorea.kr/blog/microcopy-audit,https://spinkorea.kr/blog/microcopy-audit,post-metadata.generated.json;post-metadata.runtime.generated.json;content-plan.generated.json;existing-dist-unverified-build,blog,"마이크로카피 점검 선택법, 공유 전 확인과 문서 기준",src/data/content-plan.generated.json,scheduled;date=2026-07-06T00:00:00+09:00,EXISTING_ARTIFACT_NOT_FRESH,UNKNOWN,UNKNOWN,UNKNOWN,UNKNOWN,UNKNOWN,UNKNOWN,ROBOTS_RULE_ALLOW,False,False,0,UNKNOWN,UNKNOWN,UNKNOWN,REVIEW,UNKNOWN,Candidate only: source/future/stale-build/link evidence is not proof of public availability
https://spinkorea.kr/blog/mindful-choice-note,https://spinkorea.kr/blog/mindful-choice-note,post-metadata.generated.json;post-metadata.runtime.generated.json;content-plan.generated.json;existing-dist-unverified-build,blog,"마음챙김 선택 메모 적용 순서, 자가 점검 확인",src/data/content-plan.generated.json,scheduled;date=2026-07-22T01:00:00+09:00,EXISTING_ARTIFACT_NOT_FRESH,UNKNOWN,UNKNOWN,UNKNOWN,UNKNOWN,UNKNOWN,UNKNOWN,ROBOTS_RULE_ALLOW,False,False,0,UNKNOWN,UNKNOWN,UNKNOWN,REVIEW,UNKNOWN,Candidate only: source/future/stale-build/link evidence is not proof of public availability
https://spinkorea.kr/blog/mindful-notification-rule,https://spinkorea.kr/blog/mindful-notification-rule,post-metadata.generated.json;post-metadata.runtime.generated.json;content-plan.generated.json;existing-dist-unverified-build,blog,"알림 마음챙김 빠른 정리, 생활 적용까지",src/data/content-plan.generated.json,scheduled;date=2026-08-29T09:00:00+09:00,EXISTING_ARTIFACT_NOT_FRESH,UNKNOWN,UNKNOWN,UNKNOWN,UNKNOWN,UNKNOWN,UNKNOWN,ROBOTS_RULE_ALLOW,False,False,0,UNKNOWN,UNKNOWN,UNKNOWN,REVIEW,UNKNOWN,Candidate only: source/future/stale-build/link evidence is not proof of public availability
https://spinkorea.kr/blog/mindful-random-break,https://spinkorea.kr/blog/mindful-random-break,post-metadata.generated.json;post-metadata.runtime.generated.json;content-plan.generated.json;existing-dist-unverified-build,blog,"랜덤 휴식 미션 빠른 정리, 생활 적용까지",src/data/content-plan.generated.json,scheduled;date=2026-06-11T05:00:00+09:00,EXISTING_ARTIFACT_NOT_FRESH,UNKNOWN,UNKNOWN,UNKNOWN,UNKNOWN,UNKNOWN,UNKNOWN,ROBOTS_RULE_ALLOW,False,False,0,UNKNOWN,UNKNOWN,UNKNOWN,REVIEW,UNKNOWN,Candidate only: source/future/stale-build/link evidence is not proof of public availability
https://spinkorea.kr/blog/mobile-card-title,https://spinkorea.kr/blog/mobile-card-title,post-metadata.generated.json;post-metadata.runtime.generated.json;content-plan.generated.json;existing-dist-unverified-build,blog,"모바일 카드 제목, 검토 순서 전에 볼 점",src/data/content-plan.generated.json,scheduled;date=2026-07-04T03:00:00+09:00,EXISTING_ARTIFACT_NOT_FRESH,UNKNOWN,UNKNOWN,UNKNOWN,UNKNOWN,UNKNOWN,UNKNOWN,ROBOTS_RULE_ALLOW,False,False,0,UNKNOWN,UNKNOWN,UNKNOWN,REVIEW,UNKNOWN,Candidate only: source/future/stale-build/link evidence is not proof of public availability
https://spinkorea.kr/blog/mobile-paragraph-cut,https://spinkorea.kr/blog/mobile-paragraph-cut,post-metadata.generated.json;post-metadata.runtime.generated.json;content-plan.generated.json;existing-dist-unverified-build,blog,"모바일 문단 자르기 판단법, 검토 순서 중심",src/data/content-plan.generated.json,scheduled;date=2026-08-11T01:00:00+09:00,EXISTING_ARTIFACT_NOT_FRESH,UNKNOWN,UNKNOWN,UNKNOWN,UNKNOWN,UNKNOWN,UNKNOWN,ROBOTS_RULE_ALLOW,False,False,0,UNKNOWN,UNKNOWN,UNKNOWN,REVIEW,UNKNOWN,Candidate only: source/future/stale-build/link evidence is not proof of public availability
https://spinkorea.kr/blog/mobile-readability-check,https://spinkorea.kr/blog/mobile-readability-check,post-metadata.generated.json;post-metadata.runtime.generated.json;content-plan.generated.json;existing-dist-unverified-build,blog,"모바일 가독성 점검 선택법, 검색 의도와 내부 링크",src/data/content-plan.generated.json,scheduled;date=2026-09-06T12:00:00+09:00,EXISTING_ARTIFACT_NOT_FRESH,UNKNOWN,UNKNOWN,UNKNOWN,UNKNOWN,UNKNOWN,UNKNOWN,ROBOTS_RULE_ALLOW,False,False,0,UNKNOWN,UNKNOWN,UNKNOWN,REVIEW,UNKNOWN,Candidate only: source/future/stale-build/link evidence is not proof of public availability
https://spinkorea.kr/blog/mobile-reading-break,https://spinkorea.kr/blog/mobile-reading-break,post-metadata.generated.json;post-metadata.runtime.generated.json;content-plan.generated.json;existing-dist-unverified-build,blog,"모바일 문단 길이 적용 순서, 공유 전 확인",src/data/content-plan.generated.json,scheduled;date=2026-05-24T17:00:00+09:00,EXISTING_ARTIFACT_NOT_FRESH,UNKNOWN,UNKNOWN,UNKNOWN,UNKNOWN,UNKNOWN,UNKNOWN,ROBOTS_RULE_ALLOW,False,False,0,UNKNOWN,UNKNOWN,UNKNOWN,REVIEW,UNKNOWN,Candidate only: source/future/stale-build/link evidence is not proof of public availability
https://spinkorea.kr/blog/mobile-viewport-debug,https://spinkorea.kr/blog/mobile-viewport-debug,post-metadata.generated.json;post-metadata.runtime.generated.json;content-plan.generated.json;existing-dist-unverified-build,blog,"모바일 뷰포트 점검 상황별 표, 검증 절차",src/data/content-plan.generated.json,scheduled;date=2026-06-01T10:00:00+09:00,EXISTING_ARTIFACT_NOT_FRESH,UNKNOWN,UNKNOWN,UNKNOWN,UNKNOWN,UNKNOWN,UNKNOWN,ROBOTS_RULE_ALLOW,False,False,0,UNKNOWN,UNKNOWN,UNKNOWN,REVIEW,UNKNOWN,Candidate only: source/future/stale-build/link evidence is not proof of public availability
https://spinkorea.kr/blog/monthly-budget-split,https://spinkorea.kr/blog/monthly-budget-split,post-metadata.generated.json;post-metadata.runtime.generated.json;content-plan.generated.json;existing-dist-unverified-build,blog,"월 예산 분배 실수 방지, 계산 기준 먼저",src/data/content-plan.generated.json,scheduled;date=2026-06-22T16:00:00+09:00,EXISTING_ARTIFACT_NOT_FRESH,UNKNOWN,UNKNOWN,UNKNOWN,UNKNOWN,UNKNOWN,UNKNOWN,ROBOTS_RULE_ALLOW,False,False,0,UNKNOWN,UNKNOWN,UNKNOWN,REVIEW,UNKNOWN,Candidate only: source/future/stale-build/link evidence is not proof of public availability
https://spinkorea.kr/blog/monthly-donation-note,https://spinkorea.kr/blog/monthly-donation-note,post-metadata.generated.json;post-metadata.runtime.generated.json;content-plan.generated.json;existing-dist-unverified-build,blog,"정기후원 기록 빠른 정리, 실수 방지까지",src/data/content-plan.generated.json,scheduled;date=2026-08-08T13:00:00+09:00,EXISTING_ARTIFACT_NOT_FRESH,UNKNOWN,UNKNOWN,UNKNOWN,UNKNOWN,UNKNOWN,UNKNOWN,ROBOTS_RULE_ALLOW,False,False,0,UNKNOWN,UNKNOWN,UNKNOWN,REVIEW,UNKNOWN,Candidate only: source/future/stale-build/link evidence is not proof of public availability
https://spinkorea.kr/blog/monthly-fixed-cost-map,https://spinkorea.kr/blog/monthly-fixed-cost-map,post-metadata.generated.json;post-metadata.runtime.generated.json;content-plan.generated.json;existing-dist-unverified-build,blog,"월 고정비 지도 실수 방지, 계산 기준 먼저",src/data/content-plan.generated.json,scheduled;date=2026-08-03T08:00:00+09:00,EXISTING_ARTIFACT_NOT_FRESH,UNKNOWN,UNKNOWN,UNKNOWN,UNKNOWN,UNKNOWN,UNKNOWN,ROBOTS_RULE_ALLOW,False,False,0,UNKNOWN,UNKNOWN,UNKNOWN,REVIEW,UNKNOWN,Candidate only: source/future/stale-build/link evidence is not proof of public availability
https://spinkorea.kr/blog/monthly-health-log,https://spinkorea.kr/blog/monthly-health-log,post-metadata.generated.json;post-metadata.runtime.generated.json;content-plan.generated.json;existing-dist-unverified-build,blog,"월간 건강 기록 판단법, 결과 해석 중심",src/data/content-plan.generated.json,scheduled;date=2026-08-06T21:00:00+09:00,EXISTING_ARTIFACT_NOT_FRESH,UNKNOWN,UNKNOWN,UNKNOWN,UNKNOWN,UNKNOWN,UNKNOWN,ROBOTS_RULE_ALLOW,False,False,0,UNKNOWN,UNKNOWN,UNKNOWN,REVIEW,UNKNOWN,Candidate only: source/future/stale-build/link evidence is not proof of public availability
https://spinkorea.kr/blog/monthly-reading-count,https://spinkorea.kr/blog/monthly-reading-count,post-metadata.generated.json;post-metadata.runtime.generated.json;content-plan.generated.json;existing-dist-unverified-build,blog,"월 독서량 기록 실수 방지, 계산 기준 먼저",src/data/content-plan.generated.json,scheduled;date=2026-06-26T20:00:00+09:00,EXISTING_ARTIFACT_NOT_FRESH,UNKNOWN,UNKNOWN,UNKNOWN,UNKNOWN,UNKNOWN,UNKNOWN,ROBOTS_RULE_ALLOW,False,False,0,UNKNOWN,UNKNOWN,UNKNOWN,REVIEW,UNKNOWN,Candidate only: source/future/stale-build/link evidence is not proof of public availability
https://spinkorea.kr/blog/monthly-review-score,https://spinkorea.kr/blog/monthly-review-score,post-metadata.generated.json;post-metadata.runtime.generated.json;content-plan.generated.json;existing-dist-unverified-build,blog,"월간 점검 점수 발행 전 검토, 결과 해석",src/data/content-plan.generated.json,scheduled;date=2026-08-09T09:00:00+09:00,EXISTING_ARTIFACT_NOT_FRESH,UNKNOWN,UNKNOWN,UNKNOWN,UNKNOWN,UNKNOWN,UNKNOWN,ROBOTS_RULE_ALLOW,False,False,0,UNKNOWN,UNKNOWN,UNKNOWN,REVIEW,UNKNOWN,Candidate only: source/future/stale-build/link evidence is not proof of public availability
https://spinkorea.kr/blog/monthly-savings-rate,https://spinkorea.kr/blog/monthly-savings-rate,post-metadata.generated.json;post-metadata.runtime.generated.json;content-plan.generated.json;existing-dist-unverified-build,blog,"월 저축률 계산, 입력값 확인 먼저 보기",src/data/content-plan.generated.json,scheduled;date=2026-06-24T18:00:00+09:00,EXISTING_ARTIFACT_NOT_FRESH,UNKNOWN,UNKNOWN,UNKNOWN,UNKNOWN,UNKNOWN,UNKNOWN,ROBOTS_RULE_ALLOW,False,False,0,UNKNOWN,UNKNOWN,UNKNOWN,REVIEW,UNKNOWN,Candidate only: source/future/stale-build/link evidence is not proof of public availability
https://spinkorea.kr/blog/monthly-subscription-cut,https://spinkorea.kr/blog/monthly-subscription-cut,post-metadata.generated.json;post-metadata.runtime.generated.json;content-plan.generated.json;existing-dist-unverified-build,blog,"구독 정리 우선순위 선택법, 생활 적용과 계산 기준",src/data/content-plan.generated.json,scheduled;date=2026-06-23T12:00:00+09:00,EXISTING_ARTIFACT_NOT_FRESH,UNKNOWN,UNKNOWN,UNKNOWN,UNKNOWN,UNKNOWN,UNKNOWN,ROBOTS_RULE_ALLOW,False,False,0,UNKNOWN,UNKNOWN,UNKNOWN,REVIEW,UNKNOWN,Candidate only: source/future/stale-build/link evidence is not proof of public availability
https://spinkorea.kr/blog/mood-journal-prompt,https://spinkorea.kr/blog/mood-journal-prompt,post-metadata.generated.json;post-metadata.runtime.generated.json;content-plan.generated.json;existing-dist-unverified-build,blog,"기분 기록 질문 실행 순서, 자가 점검까지",src/data/content-plan.generated.json,scheduled;date=2026-08-30T20:00:00+09:00,EXISTING_ARTIFACT_NOT_FRESH,UNKNOWN,UNKNOWN,UNKNOWN,UNKNOWN,UNKNOWN,UNKNOWN,ROBOTS_RULE_ALLOW,False,False,0,UNKNOWN,UNKNOWN,UNKNOWN,REVIEW,UNKNOWN,Candidate only: source/future/stale-build/link evidence is not proof of public availability
https://spinkorea.kr/blog/mood-log-light,https://spinkorea.kr/blog/mood-log-light,post-metadata.generated.json;post-metadata.runtime.generated.json;content-plan.generated.json;existing-dist-unverified-build,blog,"기분 기록 가볍게 상황별 표, 자가 점검",src/data/content-plan.generated.json,scheduled;date=2026-06-09T18:00:00+09:00,EXISTING_ARTIFACT_NOT_FRESH,UNKNOWN,UNKNOWN,UNKNOWN,UNKNOWN,UNKNOWN,UNKNOWN,ROBOTS_RULE_ALLOW,False,False,0,UNKNOWN,UNKNOWN,UNKNOWN,REVIEW,UNKNOWN,Candidate only: source/future/stale-build/link evidence is not proof of public availability
https://spinkorea.kr/blog/mood-trigger-map,https://spinkorea.kr/blog/mood-trigger-map,post-metadata.generated.json;post-metadata.runtime.generated.json;content-plan.generated.json;existing-dist-unverified-build,blog,"기분 트리거 맵 실행 순서, 자가 점검까지",src/data/content-plan.generated.json,scheduled;date=2026-07-20T04:00:00+09:00,EXISTING_ARTIFACT_NOT_FRESH,UNKNOWN,UNKNOWN,UNKNOWN,UNKNOWN,UNKNOWN,UNKNOWN,ROBOTS_RULE_ALLOW,False,False,0,UNKNOWN,UNKNOWN,UNKNOWN,REVIEW,UNKNOWN,Candidate only: source/future/stale-build/link evidence is not proof of public availability
https://spinkorea.kr/blog/morning-light-routine,https://spinkorea.kr/blog/morning-light-routine,post-metadata.generated.json;post-metadata.runtime.generated.json;content-plan.generated.json;existing-dist-unverified-build,blog,"아침 빛 루틴 적용 순서, 자가 점검 확인",src/data/content-plan.generated.json,scheduled;date=2026-06-10T09:00:00+09:00,EXISTING_ARTIFACT_NOT_FRESH,UNKNOWN,UNKNOWN,UNKNOWN,UNKNOWN,UNKNOWN,UNKNOWN,ROBOTS_RULE_ALLOW,False,False,0,UNKNOWN,UNKNOWN,UNKNOWN,REVIEW,UNKNOWN,Candidate only: source/future/stale-build/link evidence is not proof of public availability
https://spinkorea.kr/blog/morning-routine,https://spinkorea.kr/blog/morning-routine,post-metadata.generated.json;post-metadata.runtime.generated.json;existing-dist-unverified-build;LIVE_SITEMAP;LIVE_RSS;link:https://spinkorea.kr/blog;LIVE_HTTP,blog,아침 루틴이 하루를 결정하는 이유,src/data/post-metadata.runtime.generated.json,curated;date=2026-04-25,EXISTING_ARTIFACT_NOT_FRESH,200,https://spinkorea.kr/blog/morning-routine,[],https://spinkorea.kr/blog/morning-routine,ABSENT,ABSENT,ROBOTS_RULE_ALLOW,True,True,1,UNKNOWN,SCRIPT_PRESENT;DISPLAY_UNKNOWN,2026-09-19T23:03:37.908477+09:00,REVIEW,http-evidence.json,HTTP observation applies to fetched URL only; fragment variants retained; deployment SHA UNKNOWN
https://spinkorea.kr/blog/morning-routine#post-content,https://spinkorea.kr/blog/morning-routine,link:https://spinkorea.kr/blog/morning-routine,blog,UNKNOWN,UNKNOWN,UNKNOWN,UNKNOWN,UNKNOWN,UNKNOWN,UNKNOWN,UNKNOWN,UNKNOWN,UNKNOWN,ROBOTS_RULE_ALLOW,False,UNKNOWN,UNKNOWN,UNKNOWN,UNKNOWN,UNKNOWN,REVIEW,UNKNOWN,Candidate only: source/future/stale-build/link evidence is not proof of public availability
https://spinkorea.kr/blog/morning-routine#post-related,https://spinkorea.kr/blog/morning-routine,link:https://spinkorea.kr/blog/morning-routine,blog,UNKNOWN,UNKNOWN,UNKNOWN,UNKNOWN,UNKNOWN,UNKNOWN,UNKNOWN,UNKNOWN,UNKNOWN,UNKNOWN,ROBOTS_RULE_ALLOW,False,UNKNOWN,UNKNOWN,UNKNOWN,UNKNOWN,UNKNOWN,REVIEW,UNKNOWN,Candidate only: source/future/stale-build/link evidence is not proof of public availability
https://spinkorea.kr/blog/morning-routine#post-summary,https://spinkorea.kr/blog/morning-routine,link:https://spinkorea.kr/blog/morning-routine,blog,UNKNOWN,UNKNOWN,UNKNOWN,UNKNOWN,UNKNOWN,UNKNOWN,UNKNOWN,UNKNOWN,UNKNOWN,UNKNOWN,ROBOTS_RULE_ALLOW,False,UNKNOWN,UNKNOWN,UNKNOWN,UNKNOWN,UNKNOWN,REVIEW,UNKNOWN,Candidate only: source/future/stale-build/link evidence is not proof of public availability
https://spinkorea.kr/blog/morning-start-signal,https://spinkorea.kr/blog/morning-start-signal,post-metadata.generated.json;post-metadata.runtime.generated.json;content-plan.generated.json;existing-dist-unverified-build,blog,"아침 시작 신호 실전 흐름, 기록 습관부터",src/data/content-plan.generated.json,scheduled;date=2026-07-21T15:00:00+09:00,EXISTING_ARTIFACT_NOT_FRESH,UNKNOWN,UNKNOWN,UNKNOWN,UNKNOWN,UNKNOWN,UNKNOWN,ROBOTS_RULE_ALLOW,False,False,0,UNKNOWN,UNKNOWN,UNKNOWN,REVIEW,UNKNOWN,Candidate only: source/future/stale-build/link evidence is not proof of public availability
https://spinkorea.kr/blog/morning-sunlight-cue,https://spinkorea.kr/blog/morning-sunlight-cue,post-metadata.generated.json;post-metadata.runtime.generated.json;content-plan.generated.json;existing-dist-unverified-build,blog,"아침 햇빛 신호 상황별 표, 자가 점검",src/data/content-plan.generated.json,scheduled;date=2026-09-01T02:00:00+09:00,EXISTING_ARTIFACT_NOT_FRESH,UNKNOWN,UNKNOWN,UNKNOWN,UNKNOWN,UNKNOWN,UNKNOWN,ROBOTS_RULE_ALLOW,False,False,0,UNKNOWN,UNKNOWN,UNKNOWN,REVIEW,UNKNOWN,Candidate only: source/future/stale-build/link evidence is not proof of public availability
https://spinkorea.kr/blog/morning-writing-routine,https://spinkorea.kr/blog/morning-writing-routine,post-metadata.generated.json;post-metadata.runtime.generated.json;content-plan.generated.json;existing-dist-unverified-build,blog,"아침 글쓰기 루틴 개선 포인트, 우선순위",src/data/content-plan.generated.json,scheduled;date=2026-08-24T19:00:00+09:00,EXISTING_ARTIFACT_NOT_FRESH,UNKNOWN,UNKNOWN,UNKNOWN,UNKNOWN,UNKNOWN,UNKNOWN,ROBOTS_RULE_ALLOW,False,False,0,UNKNOWN,UNKNOWN,UNKNOWN,REVIEW,UNKNOWN,Candidate only: source/future/stale-build/link evidence is not proof of public availability
https://spinkorea.kr/blog/moving-box-count,https://spinkorea.kr/blog/moving-box-count,post-metadata.generated.json;post-metadata.runtime.generated.json;content-plan.generated.json;existing-dist-unverified-build,blog,"이사 박스 수량 사례별 정리, 계산 기준 중심",src/data/content-plan.generated.json,scheduled;date=2026-06-24T08:00:00+09:00,EXISTING_ARTIFACT_NOT_FRESH,UNKNOWN,UNKNOWN,UNKNOWN,UNKNOWN,UNKNOWN,UNKNOWN,ROBOTS_RULE_ALLOW,False,False,0,UNKNOWN,UNKNOWN,UNKNOWN,REVIEW,UNKNOWN,Candidate only: source/future/stale-build/link evidence is not proof of public availability
https://spinkorea.kr/blog/moving-check-cost,https://spinkorea.kr/blog/moving-check-cost,post-metadata.generated.json;post-metadata.runtime.generated.json;content-plan.generated.json;existing-dist-unverified-build,blog,"이사 비용 체크 실수 방지, 계산 기준 먼저",src/data/content-plan.generated.json,scheduled;date=2026-05-16T04:00:00+09:00,EXISTING_ARTIFACT_NOT_FRESH,UNKNOWN,UNKNOWN,UNKNOWN,UNKNOWN,UNKNOWN,UNKNOWN,ROBOTS_RULE_ALLOW,False,False,0,UNKNOWN,UNKNOWN,UNKNOWN,REVIEW,UNKNOWN,Candidate only: source/future/stale-build/link evidence is not proof of public availability
https://spinkorea.kr/blog/moving-day-countdown,https://spinkorea.kr/blog/moving-day-countdown,post-metadata.generated.json;post-metadata.runtime.generated.json;content-plan.generated.json;existing-dist-unverified-build,blog,"이사 D-Day 목록 개선 포인트, 계산 기준",src/data/content-plan.generated.json,scheduled;date=2026-08-08T03:00:00+09:00,EXISTING_ARTIFACT_NOT_FRESH,UNKNOWN,UNKNOWN,UNKNOWN,UNKNOWN,UNKNOWN,UNKNOWN,ROBOTS_RULE_ALLOW,False,False,0,UNKNOWN,UNKNOWN,UNKNOWN,REVIEW,UNKNOWN,Candidate only: source/future/stale-build/link evidence is not proof of public availability
https://spinkorea.kr/blog/multitasking-myth,https://spinkorea.kr/blog/multitasking-myth,post-metadata.generated.json;post-metadata.runtime.generated.json;existing-dist-unverified-build;LIVE_SITEMAP;LIVE_RSS;link:https://spinkorea.kr/blog;LIVE_HTTP,blog,멀티태스킹은 없다: 단일 집중의 과학,src/data/post-metadata.runtime.generated.json,curated;date=2026-04-23,EXISTING_ARTIFACT_NOT_FRESH,200,https://spinkorea.kr/blog/multitasking-myth,[],https://spinkorea.kr/blog/multitasking-myth,ABSENT,ABSENT,ROBOTS_RULE_ALLOW,True,True,1,UNKNOWN,SCRIPT_PRESENT;DISPLAY_UNKNOWN,2026-09-19T23:03:38.635191+09:00,REVIEW,http-evidence.json,HTTP observation applies to fetched URL only; fragment variants retained; deployment SHA UNKNOWN
https://spinkorea.kr/blog/multitasking-myth#post-content,https://spinkorea.kr/blog/multitasking-myth,link:https://spinkorea.kr/blog/multitasking-myth,blog,UNKNOWN,UNKNOWN,UNKNOWN,UNKNOWN,UNKNOWN,UNKNOWN,UNKNOWN,UNKNOWN,UNKNOWN,UNKNOWN,ROBOTS_RULE_ALLOW,False,UNKNOWN,UNKNOWN,UNKNOWN,UNKNOWN,UNKNOWN,REVIEW,UNKNOWN,Candidate only: source/future/stale-build/link evidence is not proof of public availability
https://spinkorea.kr/blog/multitasking-myth#post-related,https://spinkorea.kr/blog/multitasking-myth,link:https://spinkorea.kr/blog/multitasking-myth,blog,UNKNOWN,UNKNOWN,UNKNOWN,UNKNOWN,UNKNOWN,UNKNOWN,UNKNOWN,UNKNOWN,UNKNOWN,UNKNOWN,ROBOTS_RULE_ALLOW,False,UNKNOWN,UNKNOWN,UNKNOWN,UNKNOWN,UNKNOWN,REVIEW,UNKNOWN,Candidate only: source/future/stale-build/link evidence is not proof of public availability
https://spinkorea.kr/blog/multitasking-myth#post-summary,https://spinkorea.kr/blog/multitasking-myth,link:https://spinkorea.kr/blog/multitasking-myth,blog,UNKNOWN,UNKNOWN,UNKNOWN,UNKNOWN,UNKNOWN,UNKNOWN,UNKNOWN,UNKNOWN,UNKNOWN,UNKNOWN,ROBOTS_RULE_ALLOW,False,UNKNOWN,UNKNOWN,UNKNOWN,UNKNOWN,UNKNOWN,REVIEW,UNKNOWN,Candidate only: source/future/stale-build/link evidence is not proof of public availability
https://spinkorea.kr/blog/name-draw-clean-rule,https://spinkorea.kr/blog/name-draw-clean-rule,post-metadata.generated.json;post-metadata.runtime.generated.json;content-plan.generated.json;existing-dist-unverified-build,blog,"이름 추첨 기준 운영법, 결과 기록 남기기",src/data/content-plan.generated.json,scheduled;date=2026-05-11T04:00:00+09:00,EXISTING_ARTIFACT_NOT_FRESH,UNKNOWN,UNKNOWN,UNKNOWN,UNKNOWN,UNKNOWN,UNKNOWN,ROBOTS_RULE_ALLOW,False,False,0,UNKNOWN,UNKNOWN,UNKNOWN,REVIEW,UNKNOWN,Candidate only: source/future/stale-build/link evidence is not proof of public availability
https://spinkorea.kr/blog/naver-rss-refresh,https://spinkorea.kr/blog/naver-rss-refresh,post-metadata.generated.json;post-metadata.runtime.generated.json;content-plan.generated.json;existing-dist-unverified-build,blog,네이버 RSS 갱신 FAQ: 검색 의도 답변,src/data/content-plan.generated.json,scheduled;date=2026-07-24T18:00:00+09:00,EXISTING_ARTIFACT_NOT_FRESH,UNKNOWN,UNKNOWN,UNKNOWN,UNKNOWN,UNKNOWN,UNKNOWN,ROBOTS_RULE_ALLOW,False,False,0,UNKNOWN,UNKNOWN,UNKNOWN,REVIEW,UNKNOWN,Candidate only: source/future/stale-build/link evidence is not proof of public availability
https://spinkorea.kr/blog/naver-title-length,https://spinkorea.kr/blog/naver-title-length,post-metadata.generated.json;post-metadata.runtime.generated.json;content-plan.generated.json;existing-dist-unverified-build,blog,"네이버 제목 길이 빠른 정리, 메타 설명까지",src/data/content-plan.generated.json,scheduled;date=2026-06-15T09:00:00+09:00,EXISTING_ARTIFACT_NOT_FRESH,UNKNOWN,UNKNOWN,UNKNOWN,UNKNOWN,UNKNOWN,UNKNOWN,ROBOTS_RULE_ALLOW,False,False,0,UNKNOWN,UNKNOWN,UNKNOWN,REVIEW,UNKNOWN,Candidate only: source/future/stale-build/link evidence is not proof of public availability
https://spinkorea.kr/blog/newsletter-link-copy,https://spinkorea.kr/blog/newsletter-link-copy,post-metadata.generated.json;post-metadata.runtime.generated.json;content-plan.generated.json;existing-dist-unverified-build,blog,"뉴스레터 링크 문구 적용 순서, 공유 전 확인",src/data/content-plan.generated.json,scheduled;date=2026-08-11T21:00:00+09:00,EXISTING_ARTIFACT_NOT_FRESH,UNKNOWN,UNKNOWN,UNKNOWN,UNKNOWN,UNKNOWN,UNKNOWN,ROBOTS_RULE_ALLOW,False,False,0,UNKNOWN,UNKNOWN,UNKNOWN,REVIEW,UNKNOWN,Candidate only: source/future/stale-build/link evidence is not proof of public availability
https://spinkorea.kr/blog/newsletter-preview,https://spinkorea.kr/blog/newsletter-preview,post-metadata.generated.json;post-metadata.runtime.generated.json;content-plan.generated.json;existing-dist-unverified-build,blog,"뉴스레터 미리보기 선택법, 공유 전 확인과 문서 기준",src/data/content-plan.generated.json,scheduled;date=2026-05-25T08:00:00+09:00,EXISTING_ARTIFACT_NOT_FRESH,UNKNOWN,UNKNOWN,UNKNOWN,UNKNOWN,UNKNOWN,UNKNOWN,ROBOTS_RULE_ALLOW,False,False,0,UNKNOWN,UNKNOWN,UNKNOWN,REVIEW,UNKNOWN,Candidate only: source/future/stale-build/link evidence is not proof of public availability
https://spinkorea.kr/blog/newsletter-section-title,https://spinkorea.kr/blog/newsletter-section-title,post-metadata.generated.json;post-metadata.runtime.generated.json;content-plan.generated.json;existing-dist-unverified-build,blog,"뉴스레터 섹션 제목 개선 포인트, 문서 기준",src/data/content-plan.generated.json,scheduled;date=2026-07-05T19:00:00+09:00,EXISTING_ARTIFACT_NOT_FRESH,UNKNOWN,UNKNOWN,UNKNOWN,UNKNOWN,UNKNOWN,UNKNOWN,ROBOTS_RULE_ALLOW,False,False,0,UNKNOWN,UNKNOWN,UNKNOWN,REVIEW,UNKNOWN,Candidate only: source/future/stale-build/link evidence is not proof of public availability
https://spinkorea.kr/blog/note-taking-art,https://spinkorea.kr/blog/note-taking-art,post-metadata.generated.json;post-metadata.runtime.generated.json;existing-dist-unverified-build;LIVE_SITEMAP;LIVE_RSS;link:https://spinkorea.kr/blog;LIVE_HTTP,blog,메모의 기술: 두 번째 뇌 만들기,src/data/post-metadata.runtime.generated.json,curated;date=2026-05-15,EXISTING_ARTIFACT_NOT_FRESH,200,https://spinkorea.kr/blog/note-taking-art,[],https://spinkorea.kr/blog/note-taking-art,ABSENT,ABSENT,ROBOTS_RULE_ALLOW,True,True,1,UNKNOWN,SCRIPT_PRESENT;DISPLAY_UNKNOWN,2026-09-19T23:03:39.430791+09:00,REVIEW,http-evidence.json,HTTP observation applies to fetched URL only; fragment variants retained; deployment SHA UNKNOWN
https://spinkorea.kr/blog/note-taking-art#post-content,https://spinkorea.kr/blog/note-taking-art,link:https://spinkorea.kr/blog/note-taking-art,blog,UNKNOWN,UNKNOWN,UNKNOWN,UNKNOWN,UNKNOWN,UNKNOWN,UNKNOWN,UNKNOWN,UNKNOWN,UNKNOWN,ROBOTS_RULE_ALLOW,False,UNKNOWN,UNKNOWN,UNKNOWN,UNKNOWN,UNKNOWN,REVIEW,UNKNOWN,Candidate only: source/future/stale-build/link evidence is not proof of public availability
https://spinkorea.kr/blog/note-taking-art#post-related,https://spinkorea.kr/blog/note-taking-art,link:https://spinkorea.kr/blog/note-taking-art,blog,UNKNOWN,UNKNOWN,UNKNOWN,UNKNOWN,UNKNOWN,UNKNOWN,UNKNOWN,UNKNOWN,UNKNOWN,UNKNOWN,ROBOTS_RULE_ALLOW,False,UNKNOWN,UNKNOWN,UNKNOWN,UNKNOWN,UNKNOWN,REVIEW,UNKNOWN,Candidate only: source/future/stale-build/link evidence is not proof of public availability
https://spinkorea.kr/blog/note-taking-art#post-summary,https://spinkorea.kr/blog/note-taking-art,link:https://spinkorea.kr/blog/note-taking-art,blog,UNKNOWN,UNKNOWN,UNKNOWN,UNKNOWN,UNKNOWN,UNKNOWN,UNKNOWN,UNKNOWN,UNKNOWN,UNKNOWN,ROBOTS_RULE_ALLOW,False,UNKNOWN,UNKNOWN,UNKNOWN,UNKNOWN,UNKNOWN,REVIEW,UNKNOWN,Candidate only: source/future/stale-build/link evidence is not proof of public availability
https://spinkorea.kr/blog/notice-action-first,https://spinkorea.kr/blog/notice-action-first,post-metadata.generated.json;post-metadata.runtime.generated.json;content-plan.generated.json;existing-dist-unverified-build,blog,"공지 행동 앞배치 실수 방지, 문서 기준 먼저",src/data/content-plan.generated.json,scheduled;date=2026-08-11T16:00:00+09:00,EXISTING_ARTIFACT_NOT_FRESH,UNKNOWN,UNKNOWN,UNKNOWN,UNKNOWN,UNKNOWN,UNKNOWN,ROBOTS_RULE_ALLOW,False,False,0,UNKNOWN,UNKNOWN,UNKNOWN,REVIEW,UNKNOWN,Candidate only: source/future/stale-build/link evidence is not proof of public availability
https://spinkorea.kr/blog/notice-copy-cleanup,https://spinkorea.kr/blog/notice-copy-cleanup,post-metadata.generated.json;post-metadata.runtime.generated.json;content-plan.generated.json;existing-dist-unverified-build,blog,"공지문 표현 정리 선택법, 공유 전 확인과 문서 기준",src/data/content-plan.generated.json,scheduled;date=2026-05-21T04:00:00+09:00,EXISTING_ARTIFACT_NOT_FRESH,UNKNOWN,UNKNOWN,UNKNOWN,UNKNOWN,UNKNOWN,UNKNOWN,ROBOTS_RULE_ALLOW,False,False,0,UNKNOWN,UNKNOWN,UNKNOWN,REVIEW,UNKNOWN,Candidate only: source/future/stale-build/link evidence is not proof of public availability
https://spinkorea.kr/blog/notice-title-rule,https://spinkorea.kr/blog/notice-title-rule,post-metadata.generated.json;post-metadata.runtime.generated.json;content-plan.generated.json;existing-dist-unverified-build,blog,"공지 제목 규칙 실전 흐름, 가독성부터",src/data/content-plan.generated.json,scheduled;date=2026-06-30T19:00:00+09:00,EXISTING_ARTIFACT_NOT_FRESH,UNKNOWN,UNKNOWN,UNKNOWN,UNKNOWN,UNKNOWN,UNKNOWN,ROBOTS_RULE_ALLOW,False,False,0,UNKNOWN,UNKNOWN,UNKNOWN,REVIEW,UNKNOWN,Candidate only: source/future/stale-build/link evidence is not proof of public availability
https://spinkorea.kr/blog/notification-rule,https://spinkorea.kr/blog/notification-rule,post-metadata.generated.json;post-metadata.runtime.generated.json;content-plan.generated.json;existing-dist-unverified-build,blog,알림 관리 기준 체크리스트: 회의 운영 핵심,src/data/content-plan.generated.json,scheduled;date=2026-06-04T03:00:00+09:00,EXISTING_ARTIFACT_NOT_FRESH,UNKNOWN,UNKNOWN,UNKNOWN,UNKNOWN,UNKNOWN,UNKNOWN,ROBOTS_RULE_ALLOW,False,False,0,UNKNOWN,UNKNOWN,UNKNOWN,REVIEW,UNKNOWN,Candidate only: source/future/stale-build/link evidence is not proof of public availability
https://spinkorea.kr/blog/office-supply-stock,https://spinkorea.kr/blog/office-supply-stock,post-metadata.generated.json;post-metadata.runtime.generated.json;content-plan.generated.json;existing-dist-unverified-build,blog,"사무용품 재고 운영 체크, 실수 방지 반영",src/data/content-plan.generated.json,scheduled;date=2026-06-28T07:00:00+09:00,EXISTING_ARTIFACT_NOT_FRESH,UNKNOWN,UNKNOWN,UNKNOWN,UNKNOWN,UNKNOWN,UNKNOWN,ROBOTS_RULE_ALLOW,False,False,0,UNKNOWN,UNKNOWN,UNKNOWN,REVIEW,UNKNOWN,Candidate only: source/future/stale-build/link evidence is not proof of public availability
https://spinkorea.kr/blog/og-image-consistency,https://spinkorea.kr/blog/og-image-consistency,post-metadata.generated.json;post-metadata.runtime.generated.json;content-plan.generated.json;existing-dist-unverified-build,blog,"OG 이미지 일관성 검토 순서, 내부 링크 활용",src/data/content-plan.generated.json,scheduled;date=2026-06-15T14:00:00+09:00,EXISTING_ARTIFACT_NOT_FRESH,UNKNOWN,UNKNOWN,UNKNOWN,UNKNOWN,UNKNOWN,UNKNOWN,ROBOTS_RULE_ALLOW,False,False,0,UNKNOWN,UNKNOWN,UNKNOWN,REVIEW,UNKNOWN,Candidate only: source/future/stale-build/link evidence is not proof of public availability
https://spinkorea.kr/blog/og-image-fallback,https://spinkorea.kr/blog/og-image-fallback,post-metadata.generated.json;post-metadata.runtime.generated.json;content-plan.generated.json;existing-dist-unverified-build,blog,"OG 이미지 fallback 운영 체크, 보안 확인 반영",src/data/content-plan.generated.json,scheduled;date=2026-08-21T11:00:00+09:00,EXISTING_ARTIFACT_NOT_FRESH,UNKNOWN,UNKNOWN,UNKNOWN,UNKNOWN,UNKNOWN,UNKNOWN,ROBOTS_RULE_ALLOW,False,False,0,UNKNOWN,UNKNOWN,UNKNOWN,REVIEW,UNKNOWN,Candidate only: source/future/stale-build/link evidence is not proof of public availability
https://spinkorea.kr/blog/og-meta-debug,https://spinkorea.kr/blog/og-meta-debug,post-metadata.generated.json;post-metadata.runtime.generated.json;content-plan.generated.json;existing-dist-unverified-build,blog,"OG 메타 디버깅 실행 순서, 배포 전 점검까지",src/data/content-plan.generated.json,scheduled;date=2026-07-07T16:00:00+09:00,EXISTING_ARTIFACT_NOT_FRESH,UNKNOWN,UNKNOWN,UNKNOWN,UNKNOWN,UNKNOWN,UNKNOWN,ROBOTS_RULE_ALLOW,False,False,0,UNKNOWN,UNKNOWN,UNKNOWN,REVIEW,UNKNOWN,Candidate only: source/future/stale-build/link evidence is not proof of public availability
https://spinkorea.kr/blog/og-share-consistency,https://spinkorea.kr/blog/og-share-consistency,post-metadata.generated.json;post-metadata.runtime.generated.json;content-plan.generated.json;existing-dist-unverified-build,blog,"공유 메타 일관성 빠른 정리, 검색 의도까지",src/data/content-plan.generated.json,scheduled;date=2026-09-06T17:00:00+09:00,EXISTING_ARTIFACT_NOT_FRESH,UNKNOWN,UNKNOWN,UNKNOWN,UNKNOWN,UNKNOWN,UNKNOWN,ROBOTS_RULE_ALLOW,False,False,0,UNKNOWN,UNKNOWN,UNKNOWN,REVIEW,UNKNOWN,Candidate only: source/future/stale-build/link evidence is not proof of public availability
https://spinkorea.kr/blog/og-title-copy,https://spinkorea.kr/blog/og-title-copy,post-metadata.generated.json;post-metadata.runtime.generated.json;content-plan.generated.json;existing-dist-unverified-build,blog,"OG 제목 문구 사례별 정리, 문서 기준 중심",src/data/content-plan.generated.json,scheduled;date=2026-08-13T08:00:00+09:00,EXISTING_ARTIFACT_NOT_FRESH,UNKNOWN,UNKNOWN,UNKNOWN,UNKNOWN,UNKNOWN,UNKNOWN,ROBOTS_RULE_ALLOW,False,False,0,UNKNOWN,UNKNOWN,UNKNOWN,REVIEW,UNKNOWN,Candidate only: source/future/stale-build/link evidence is not proof of public availability
https://spinkorea.kr/blog/old-post-refresh,https://spinkorea.kr/blog/old-post-refresh,post-metadata.generated.json;post-metadata.runtime.generated.json;content-plan.generated.json;existing-dist-unverified-build,blog,"오래된 글 업데이트 초보 흐름, 메타 설명 중심",src/data/content-plan.generated.json,scheduled;date=2026-06-14T18:00:00+09:00,EXISTING_ARTIFACT_NOT_FRESH,UNKNOWN,UNKNOWN,UNKNOWN,UNKNOWN,UNKNOWN,UNKNOWN,ROBOTS_RULE_ALLOW,False,False,0,UNKNOWN,UNKNOWN,UNKNOWN,REVIEW,UNKNOWN,Candidate only: source/future/stale-build/link evidence is not proof of public availability
https://spinkorea.kr/blog/onboarding-copy,https://spinkorea.kr/blog/onboarding-copy,post-metadata.generated.json;post-metadata.runtime.generated.json;content-plan.generated.json;existing-dist-unverified-build,blog,"온보딩 문구 검토 순서, 가독성 활용",src/data/content-plan.generated.json,scheduled;date=2026-07-02T06:00:00+09:00,EXISTING_ARTIFACT_NOT_FRESH,UNKNOWN,UNKNOWN,UNKNOWN,UNKNOWN,UNKNOWN,UNKNOWN,ROBOTS_RULE_ALLOW,False,False,0,UNKNOWN,UNKNOWN,UNKNOWN,REVIEW,UNKNOWN,Candidate only: source/future/stale-build/link evidence is not proof of public availability
https://spinkorea.kr/blog/one-page-brief,https://spinkorea.kr/blog/one-page-brief,post-metadata.generated.json;post-metadata.runtime.generated.json;content-plan.generated.json;existing-dist-unverified-build,blog,"원페이지 브리프 실전 흐름, 반복 업무부터",src/data/content-plan.generated.json,scheduled;date=2026-06-05T19:00:00+09:00,EXISTING_ARTIFACT_NOT_FRESH,UNKNOWN,UNKNOWN,UNKNOWN,UNKNOWN,UNKNOWN,UNKNOWN,ROBOTS_RULE_ALLOW,False,False,0,UNKNOWN,UNKNOWN,UNKNOWN,REVIEW,UNKNOWN,Candidate only: source/future/stale-build/link evidence is not proof of public availability
https://spinkorea.kr/blog/online-meeting-picker,https://spinkorea.kr/blog/online-meeting-picker,post-metadata.generated.json;post-metadata.runtime.generated.json;content-plan.generated.json;existing-dist-unverified-build,blog,"온라인 모임 진행자 실수 방지, 공정성 먼저",src/data/content-plan.generated.json,scheduled;date=2026-05-12T00:00:00+09:00,EXISTING_ARTIFACT_NOT_FRESH,UNKNOWN,UNKNOWN,UNKNOWN,UNKNOWN,UNKNOWN,UNKNOWN,ROBOTS_RULE_ALLOW,False,False,0,UNKNOWN,UNKNOWN,UNKNOWN,REVIEW,UNKNOWN,Candidate only: source/future/stale-build/link evidence is not proof of public availability
https://spinkorea.kr/blog/open-graph-preview,https://spinkorea.kr/blog/open-graph-preview,post-metadata.generated.json;post-metadata.runtime.generated.json;content-plan.generated.json;existing-dist-unverified-build,blog,"OG 미리보기 점검 개선 포인트, 검증 절차",src/data/content-plan.generated.json,scheduled;date=2026-05-29T07:00:00+09:00,EXISTING_ARTIFACT_NOT_FRESH,UNKNOWN,UNKNOWN,UNKNOWN,UNKNOWN,UNKNOWN,UNKNOWN,ROBOTS_RULE_ALLOW,False,False,0,UNKNOWN,UNKNOWN,UNKNOWN,REVIEW,UNKNOWN,Candidate only: source/future/stale-build/link evidence is not proof of public availability
https://spinkorea.kr/blog/overcome-decision-fatigue,https://spinkorea.kr/blog/overcome-decision-fatigue,post-metadata.generated.json;post-metadata.runtime.generated.json;existing-dist-unverified-build;LIVE_SITEMAP;LIVE_RSS;link:https://spinkorea.kr/blog;link:https://spinkorea.kr/blog/yes-no-reversible-choice;LIVE_HTTP,blog,결정 장애(Decision Fatigue)를 극복하는 3가지 과학적인 방법,src/data/post-metadata.runtime.generated.json,curated;date=2025-12-10,EXISTING_ARTIFACT_NOT_FRESH,200,https://spinkorea.kr/blog/overcome-decision-fatigue,[],https://spinkorea.kr/blog/overcome-decision-fatigue,ABSENT,ABSENT,ROBOTS_RULE_ALLOW,True,True,2,UNKNOWN,SCRIPT_PRESENT;DISPLAY_UNKNOWN,2026-09-19T23:03:40.235740+09:00,REVIEW,http-evidence.json,HTTP observation applies to fetched URL only; fragment variants retained; deployment SHA UNKNOWN
https://spinkorea.kr/blog/overcome-decision-fatigue#post-content,https://spinkorea.kr/blog/overcome-decision-fatigue,link:https://spinkorea.kr/blog/overcome-decision-fatigue,blog,UNKNOWN,UNKNOWN,UNKNOWN,UNKNOWN,UNKNOWN,UNKNOWN,UNKNOWN,UNKNOWN,UNKNOWN,UNKNOWN,ROBOTS_RULE_ALLOW,False,UNKNOWN,UNKNOWN,UNKNOWN,UNKNOWN,UNKNOWN,REVIEW,UNKNOWN,Candidate only: source/future/stale-build/link evidence is not proof of public availability
https://spinkorea.kr/blog/overcome-decision-fatigue#post-related,https://spinkorea.kr/blog/overcome-decision-fatigue,link:https://spinkorea.kr/blog/overcome-decision-fatigue,blog,UNKNOWN,UNKNOWN,UNKNOWN,UNKNOWN,UNKNOWN,UNKNOWN,UNKNOWN,UNKNOWN,UNKNOWN,UNKNOWN,ROBOTS_RULE_ALLOW,False,UNKNOWN,UNKNOWN,UNKNOWN,UNKNOWN,UNKNOWN,REVIEW,UNKNOWN,Candidate only: source/future/stale-build/link evidence is not proof of public availability
https://spinkorea.kr/blog/overcome-decision-fatigue#post-summary,https://spinkorea.kr/blog/overcome-decision-fatigue,link:https://spinkorea.kr/blog/overcome-decision-fatigue,blog,UNKNOWN,UNKNOWN,UNKNOWN,UNKNOWN,UNKNOWN,UNKNOWN,UNKNOWN,UNKNOWN,UNKNOWN,UNKNOWN,ROBOTS_RULE_ALLOW,False,UNKNOWN,UNKNOWN,UNKNOWN,UNKNOWN,UNKNOWN,REVIEW,UNKNOWN,Candidate only: source/future/stale-build/link evidence is not proof of public availability
https://spinkorea.kr/blog/overnight-time-difference,https://spinkorea.kr/blog/overnight-time-difference,post-metadata.generated.json;post-metadata.runtime.generated.json;content-plan.generated.json,blog,"밤을 넘긴 시간 차이, 23시 40분부터 새벽 2시 15분까지 계산하는 법",src/data/content-plan.generated.json,scheduled;date=2026-10-20T08:00:00+09:00,UNKNOWN,UNKNOWN,UNKNOWN,UNKNOWN,UNKNOWN,UNKNOWN,UNKNOWN,ROBOTS_RULE_ALLOW,False,False,0,UNKNOWN,UNKNOWN,UNKNOWN,REVIEW,UNKNOWN,Candidate only: source/future/stale-build/link evidence is not proof of public availability
https://spinkorea.kr/blog/pareto-principle,https://spinkorea.kr/blog/pareto-principle,post-metadata.generated.json;post-metadata.runtime.generated.json;existing-dist-unverified-build;LIVE_SITEMAP;LIVE_RSS;link:https://spinkorea.kr/blog;LIVE_HTTP,blog,파레토 법칙(80/20 법칙)으로 하루를 설계하는 법,src/data/post-metadata.runtime.generated.json,curated;date=2026-04-17,EXISTING_ARTIFACT_NOT_FRESH,200,https://spinkorea.kr/blog/pareto-principle,[],https://spinkorea.kr/blog/pareto-principle,ABSENT,ABSENT,ROBOTS_RULE_ALLOW,True,True,1,UNKNOWN,SCRIPT_PRESENT;DISPLAY_UNKNOWN,2026-09-19T23:03:41.014207+09:00,REVIEW,http-evidence.json,HTTP observation applies to fetched URL only; fragment variants retained; deployment SHA UNKNOWN
https://spinkorea.kr/blog/pareto-principle#post-content,https://spinkorea.kr/blog/pareto-principle,link:https://spinkorea.kr/blog/pareto-principle,blog,UNKNOWN,UNKNOWN,UNKNOWN,UNKNOWN,UNKNOWN,UNKNOWN,UNKNOWN,UNKNOWN,UNKNOWN,UNKNOWN,ROBOTS_RULE_ALLOW,False,UNKNOWN,UNKNOWN,UNKNOWN,UNKNOWN,UNKNOWN,REVIEW,UNKNOWN,Candidate only: source/future/stale-build/link evidence is not proof of public availability
https://spinkorea.kr/blog/pareto-principle#post-related,https://spinkorea.kr/blog/pareto-principle,link:https://spinkorea.kr/blog/pareto-principle,blog,UNKNOWN,UNKNOWN,UNKNOWN,UNKNOWN,UNKNOWN,UNKNOWN,UNKNOWN,UNKNOWN,UNKNOWN,UNKNOWN,ROBOTS_RULE_ALLOW,False,UNKNOWN,UNKNOWN,UNKNOWN,UNKNOWN,UNKNOWN,REVIEW,UNKNOWN,Candidate only: source/future/stale-build/link evidence is not proof of public availability
https://spinkorea.kr/blog/pareto-principle#post-summary,https://spinkorea.kr/blog/pareto-principle,link:https://spinkorea.kr/blog/pareto-principle,blog,UNKNOWN,UNKNOWN,UNKNOWN,UNKNOWN,UNKNOWN,UNKNOWN,UNKNOWN,UNKNOWN,UNKNOWN,UNKNOWN,ROBOTS_RULE_ALLOW,False,UNKNOWN,UNKNOWN,UNKNOWN,UNKNOWN,UNKNOWN,REVIEW,UNKNOWN,Candidate only: source/future/stale-build/link evidence is not proof of public availability
https://spinkorea.kr/blog/parking-fee-estimate,https://spinkorea.kr/blog/parking-fee-estimate,post-metadata.generated.json;post-metadata.runtime.generated.json;content-plan.generated.json;existing-dist-unverified-build,blog,주차비 예상 계산 체크리스트: 결과 해석 핵심,src/data/content-plan.generated.json,scheduled;date=2026-05-14T07:00:00+09:00,EXISTING_ARTIFACT_NOT_FRESH,UNKNOWN,UNKNOWN,UNKNOWN,UNKNOWN,UNKNOWN,UNKNOWN,ROBOTS_RULE_ALLOW,False,False,0,UNKNOWN,UNKNOWN,UNKNOWN,REVIEW,UNKNOWN,Candidate only: source/future/stale-build/link evidence is not proof of public availability
https://spinkorea.kr/blog/parking-time-buffer,https://spinkorea.kr/blog/parking-time-buffer,post-metadata.generated.json;post-metadata.runtime.generated.json;content-plan.generated.json;existing-dist-unverified-build,blog,"주차 시간 버퍼 실수 방지, 계산 기준 먼저",src/data/content-plan.generated.json,scheduled;date=2026-08-07T12:00:00+09:00,EXISTING_ARTIFACT_NOT_FRESH,UNKNOWN,UNKNOWN,UNKNOWN,UNKNOWN,UNKNOWN,UNKNOWN,ROBOTS_RULE_ALLOW,False,False,0,UNKNOWN,UNKNOWN,UNKNOWN,REVIEW,UNKNOWN,Candidate only: source/future/stale-build/link evidence is not proof of public availability
https://spinkorea.kr/blog/participant-list-cleanup,https://spinkorea.kr/blog/participant-list-cleanup,post-metadata.generated.json;post-metadata.runtime.generated.json;content-plan.generated.json;existing-dist-unverified-build,blog,참가자 목록 정리 FAQ: 공정성 답변,src/data/content-plan.generated.json,scheduled;date=2026-05-06T14:00:00+09:00,EXISTING_ARTIFACT_NOT_FRESH,UNKNOWN,UNKNOWN,UNKNOWN,UNKNOWN,UNKNOWN,UNKNOWN,ROBOTS_RULE_ALLOW,False,False,0,UNKNOWN,UNKNOWN,UNKNOWN,REVIEW,UNKNOWN,Candidate only: source/future/stale-build/link evidence is not proof of public availability
https://spinkorea.kr/blog/password-generator-policy-check,https://spinkorea.kr/blog/password-generator-policy-check,post-metadata.generated.json;post-metadata.runtime.generated.json;content-plan.generated.json,blog,비밀번호 생성기 결과가 거절될 때 길이와 문자 규칙 맞추기,src/data/content-plan.generated.json,scheduled;date=2026-10-19T08:00:00+09:00,UNKNOWN,UNKNOWN,UNKNOWN,UNKNOWN,UNKNOWN,UNKNOWN,UNKNOWN,ROBOTS_RULE_ALLOW,False,False,0,UNKNOWN,UNKNOWN,UNKNOWN,REVIEW,UNKNOWN,Candidate only: source/future/stale-build/link evidence is not proof of public availability
https://spinkorea.kr/blog/password-security-guide,https://spinkorea.kr/blog/password-security-guide,post-metadata.generated.json;post-metadata.runtime.generated.json;existing-dist-unverified-build;LIVE_SITEMAP;LIVE_RSS;link:https://spinkorea.kr/blog;LIVE_HTTP,blog,강력한 비밀번호 만들기: 해킹으로부터 계정을 지키는 완벽 가이드,src/data/post-metadata.runtime.generated.json,curated;date=2025-12-12,EXISTING_ARTIFACT_NOT_FRESH,200,https://spinkorea.kr/blog/password-security-guide,[],https://spinkorea.kr/blog/password-security-guide,ABSENT,ABSENT,ROBOTS_RULE_ALLOW,True,True,1,UNKNOWN,SCRIPT_PRESENT;DISPLAY_UNKNOWN,2026-09-19T23:03:41.787172+09:00,REVIEW,http-evidence.json,HTTP observation applies to fetched URL only; fragment variants retained; deployment SHA UNKNOWN
https://spinkorea.kr/blog/password-security-guide#post-content,https://spinkorea.kr/blog/password-security-guide,link:https://spinkorea.kr/blog/password-security-guide,blog,UNKNOWN,UNKNOWN,UNKNOWN,UNKNOWN,UNKNOWN,UNKNOWN,UNKNOWN,UNKNOWN,UNKNOWN,UNKNOWN,ROBOTS_RULE_ALLOW,False,UNKNOWN,UNKNOWN,UNKNOWN,UNKNOWN,UNKNOWN,REVIEW,UNKNOWN,Candidate only: source/future/stale-build/link evidence is not proof of public availability
https://spinkorea.kr/blog/password-security-guide#post-related,https://spinkorea.kr/blog/password-security-guide,link:https://spinkorea.kr/blog/password-security-guide,blog,UNKNOWN,UNKNOWN,UNKNOWN,UNKNOWN,UNKNOWN,UNKNOWN,UNKNOWN,UNKNOWN,UNKNOWN,UNKNOWN,ROBOTS_RULE_ALLOW,False,UNKNOWN,UNKNOWN,UNKNOWN,UNKNOWN,UNKNOWN,REVIEW,UNKNOWN,Candidate only: source/future/stale-build/link evidence is not proof of public availability
https://spinkorea.kr/blog/password-security-guide#post-summary,https://spinkorea.kr/blog/password-security-guide,link:https://spinkorea.kr/blog/password-security-guide,blog,UNKNOWN,UNKNOWN,UNKNOWN,UNKNOWN,UNKNOWN,UNKNOWN,UNKNOWN,UNKNOWN,UNKNOWN,UNKNOWN,ROBOTS_RULE_ALLOW,False,UNKNOWN,UNKNOWN,UNKNOWN,UNKNOWN,UNKNOWN,REVIEW,UNKNOWN,Candidate only: source/future/stale-build/link evidence is not proof of public availability
https://spinkorea.kr/blog/password-strength,https://spinkorea.kr/blog/password-strength,post-metadata.generated.json;post-metadata.runtime.generated.json;existing-dist-unverified-build;LIVE_SITEMAP;LIVE_RSS;link:https://spinkorea.kr/blog;LIVE_HTTP,blog,비밀번호 강도 테스트: 내 비밀번호는 얼마나 안전한가,src/data/post-metadata.runtime.generated.json,curated;date=2026-04-26,EXISTING_ARTIFACT_NOT_FRESH,200,https://spinkorea.kr/blog/password-strength,[],https://spinkorea.kr/blog/password-strength,ABSENT,ABSENT,ROBOTS_RULE_ALLOW,True,True,1,UNKNOWN,SCRIPT_PRESENT;DISPLAY_UNKNOWN,2026-09-19T22:57:14.675875+09:00,REVIEW,http-evidence.json,HTTP observation applies to fetched URL only; fragment variants retained; deployment SHA UNKNOWN
https://spinkorea.kr/blog/password-strength#post-content,https://spinkorea.kr/blog/password-strength,link:https://spinkorea.kr/blog/password-strength,blog,UNKNOWN,UNKNOWN,UNKNOWN,UNKNOWN,UNKNOWN,UNKNOWN,UNKNOWN,UNKNOWN,UNKNOWN,UNKNOWN,ROBOTS_RULE_ALLOW,False,False,1,UNKNOWN,UNKNOWN,UNKNOWN,REVIEW,UNKNOWN,Candidate only: source/future/stale-build/link evidence is not proof of public availability
https://spinkorea.kr/blog/password-strength#post-related,https://spinkorea.kr/blog/password-strength,link:https://spinkorea.kr/blog/password-strength,blog,UNKNOWN,UNKNOWN,UNKNOWN,UNKNOWN,UNKNOWN,UNKNOWN,UNKNOWN,UNKNOWN,UNKNOWN,UNKNOWN,ROBOTS_RULE_ALLOW,False,False,1,UNKNOWN,UNKNOWN,UNKNOWN,REVIEW,UNKNOWN,Candidate only: source/future/stale-build/link evidence is not proof of public availability
https://spinkorea.kr/blog/password-strength#post-summary,https://spinkorea.kr/blog/password-strength,link:https://spinkorea.kr/blog/password-strength,blog,UNKNOWN,UNKNOWN,UNKNOWN,UNKNOWN,UNKNOWN,UNKNOWN,UNKNOWN,UNKNOWN,UNKNOWN,UNKNOWN,ROBOTS_RULE_ALLOW,False,False,1,UNKNOWN,UNKNOWN,UNKNOWN,REVIEW,UNKNOWN,Candidate only: source/future/stale-build/link evidence is not proof of public availability
https://spinkorea.kr/blog/penalty-wheel-rule,https://spinkorea.kr/blog/penalty-wheel-rule,post-metadata.generated.json;post-metadata.runtime.generated.json;content-plan.generated.json;existing-dist-unverified-build,blog,"벌칙 룰렛 기준 실전 흐름, 중복 방지부터",src/data/content-plan.generated.json,scheduled;date=2026-05-11T19:00:00+09:00,EXISTING_ARTIFACT_NOT_FRESH,UNKNOWN,UNKNOWN,UNKNOWN,UNKNOWN,UNKNOWN,UNKNOWN,ROBOTS_RULE_ALLOW,False,False,0,UNKNOWN,UNKNOWN,UNKNOWN,REVIEW,UNKNOWN,Candidate only: source/future/stale-build/link evidence is not proof of public availability
https://spinkorea.kr/blog/percentage-calculator-guide,https://spinkorea.kr/blog/percentage-calculator-guide,post-metadata.generated.json;post-metadata.runtime.generated.json;existing-dist-unverified-build;LIVE_SITEMAP;LIVE_RSS;link:https://spinkorea.kr/blog;LIVE_HTTP,blog,퍼센트 계산기 완벽 가이드: 할인율·세금·인상률 빠르게 계산,src/data/post-metadata.runtime.generated.json,curated;date=2026-01-28,EXISTING_ARTIFACT_NOT_FRESH,200,https://spinkorea.kr/blog/percentage-calculator-guide,[],https://spinkorea.kr/blog/percentage-calculator-guide,ABSENT,ABSENT,ROBOTS_RULE_ALLOW,True,True,1,UNKNOWN,SCRIPT_PRESENT;DISPLAY_UNKNOWN,2026-09-19T23:03:42.545855+09:00,REVIEW,http-evidence.json,HTTP observation applies to fetched URL only; fragment variants retained; deployment SHA UNKNOWN
https://spinkorea.kr/blog/percentage-calculator-guide#post-content,https://spinkorea.kr/blog/percentage-calculator-guide,link:https://spinkorea.kr/blog/percentage-calculator-guide,blog,UNKNOWN,UNKNOWN,UNKNOWN,UNKNOWN,UNKNOWN,UNKNOWN,UNKNOWN,UNKNOWN,UNKNOWN,UNKNOWN,ROBOTS_RULE_ALLOW,False,UNKNOWN,UNKNOWN,UNKNOWN,UNKNOWN,UNKNOWN,REVIEW,UNKNOWN,Candidate only: source/future/stale-build/link evidence is not proof of public availability
https://spinkorea.kr/blog/percentage-calculator-guide#post-related,https://spinkorea.kr/blog/percentage-calculator-guide,link:https://spinkorea.kr/blog/percentage-calculator-guide,blog,UNKNOWN,UNKNOWN,UNKNOWN,UNKNOWN,UNKNOWN,UNKNOWN,UNKNOWN,UNKNOWN,UNKNOWN,UNKNOWN,ROBOTS_RULE_ALLOW,False,UNKNOWN,UNKNOWN,UNKNOWN,UNKNOWN,UNKNOWN,REVIEW,UNKNOWN,Candidate only: source/future/stale-build/link evidence is not proof of public availability
https://spinkorea.kr/blog/percentage-calculator-guide#post-summary,https://spinkorea.kr/blog/percentage-calculator-guide,link:https://spinkorea.kr/blog/percentage-calculator-guide,blog,UNKNOWN,UNKNOWN,UNKNOWN,UNKNOWN,UNKNOWN,UNKNOWN,UNKNOWN,UNKNOWN,UNKNOWN,UNKNOWN,ROBOTS_RULE_ALLOW,False,UNKNOWN,UNKNOWN,UNKNOWN,UNKNOWN,UNKNOWN,REVIEW,UNKNOWN,Candidate only: source/future/stale-build/link evidence is not proof of public availability
https://spinkorea.kr/blog/percentage-life-hacks,https://spinkorea.kr/blog/percentage-life-hacks,post-metadata.generated.json;post-metadata.runtime.generated.json;existing-dist-unverified-build;LIVE_SITEMAP;LIVE_RSS;link:https://spinkorea.kr/blog;LIVE_HTTP,blog,퍼센트 계산이 헷갈릴 때: 실생활 퍼센트 완전 정리,src/data/post-metadata.runtime.generated.json,curated;date=2026-04-18,EXISTING_ARTIFACT_NOT_FRESH,200,https://spinkorea.kr/blog/percentage-life-hacks,[],https://spinkorea.kr/blog/percentage-life-hacks,ABSENT,ABSENT,ROBOTS_RULE_ALLOW,True,True,1,UNKNOWN,SCRIPT_PRESENT;DISPLAY_UNKNOWN,2026-09-19T23:03:43.305776+09:00,REVIEW,http-evidence.json,HTTP observation applies to fetched URL only; fragment variants retained; deployment SHA UNKNOWN
https://spinkorea.kr/blog/percentage-life-hacks#post-content,https://spinkorea.kr/blog/percentage-life-hacks,link:https://spinkorea.kr/blog/percentage-life-hacks,blog,UNKNOWN,UNKNOWN,UNKNOWN,UNKNOWN,UNKNOWN,UNKNOWN,UNKNOWN,UNKNOWN,UNKNOWN,UNKNOWN,ROBOTS_RULE_ALLOW,False,UNKNOWN,UNKNOWN,UNKNOWN,UNKNOWN,UNKNOWN,REVIEW,UNKNOWN,Candidate only: source/future/stale-build/link evidence is not proof of public availability
https://spinkorea.kr/blog/percentage-life-hacks#post-related,https://spinkorea.kr/blog/percentage-life-hacks,link:https://spinkorea.kr/blog/percentage-life-hacks,blog,UNKNOWN,UNKNOWN,UNKNOWN,UNKNOWN,UNKNOWN,UNKNOWN,UNKNOWN,UNKNOWN,UNKNOWN,UNKNOWN,ROBOTS_RULE_ALLOW,False,UNKNOWN,UNKNOWN,UNKNOWN,UNKNOWN,UNKNOWN,REVIEW,UNKNOWN,Candidate only: source/future/stale-build/link evidence is not proof of public availability
https://spinkorea.kr/blog/percentage-life-hacks#post-summary,https://spinkorea.kr/blog/percentage-life-hacks,link:https://spinkorea.kr/blog/percentage-life-hacks,blog,UNKNOWN,UNKNOWN,UNKNOWN,UNKNOWN,UNKNOWN,UNKNOWN,UNKNOWN,UNKNOWN,UNKNOWN,UNKNOWN,ROBOTS_RULE_ALLOW,False,UNKNOWN,UNKNOWN,UNKNOWN,UNKNOWN,UNKNOWN,REVIEW,UNKNOWN,Candidate only: source/future/stale-build/link evidence is not proof of public availability
https://spinkorea.kr/blog/percentage-vs-percentage-point,https://spinkorea.kr/blog/percentage-vs-percentage-point,post-metadata.generated.json;post-metadata.runtime.generated.json;content-plan.generated.json,blog,"퍼센트와 퍼센트포인트 차이, 20%에서 25%를 정확히 읽는 법",src/data/content-plan.generated.json,scheduled;date=2026-10-25T08:00:00+09:00,UNKNOWN,UNKNOWN,UNKNOWN,UNKNOWN,UNKNOWN,UNKNOWN,UNKNOWN,ROBOTS_RULE_ALLOW,False,False,0,UNKNOWN,UNKNOWN,UNKNOWN,REVIEW,UNKNOWN,Candidate only: source/future/stale-build/link evidence is not proof of public availability
https://spinkorea.kr/blog/perfectionism-trap,https://spinkorea.kr/blog/perfectionism-trap,post-metadata.generated.json;post-metadata.runtime.generated.json;existing-dist-unverified-build;LIVE_SITEMAP;LIVE_RSS;link:https://spinkorea.kr/blog;LIVE_HTTP,blog,완벽주의의 덫: 80점이 100점보다 나을 때,src/data/post-metadata.runtime.generated.json,curated;date=2026-05-05,EXISTING_ARTIFACT_NOT_FRESH,200,https://spinkorea.kr/blog/perfectionism-trap,[],https://spinkorea.kr/blog/perfectionism-trap,ABSENT,ABSENT,ROBOTS_RULE_ALLOW,True,True,1,UNKNOWN,SCRIPT_PRESENT;DISPLAY_UNKNOWN,2026-09-19T23:03:44.082161+09:00,REVIEW,http-evidence.json,HTTP observation applies to fetched URL only; fragment variants retained; deployment SHA UNKNOWN
https://spinkorea.kr/blog/perfectionism-trap#post-content,https://spinkorea.kr/blog/perfectionism-trap,link:https://spinkorea.kr/blog/perfectionism-trap,blog,UNKNOWN,UNKNOWN,UNKNOWN,UNKNOWN,UNKNOWN,UNKNOWN,UNKNOWN,UNKNOWN,UNKNOWN,UNKNOWN,ROBOTS_RULE_ALLOW,False,UNKNOWN,UNKNOWN,UNKNOWN,UNKNOWN,UNKNOWN,REVIEW,UNKNOWN,Candidate only: source/future/stale-build/link evidence is not proof of public availability
https://spinkorea.kr/blog/perfectionism-trap#post-related,https://spinkorea.kr/blog/perfectionism-trap,link:https://spinkorea.kr/blog/perfectionism-trap,blog,UNKNOWN,UNKNOWN,UNKNOWN,UNKNOWN,UNKNOWN,UNKNOWN,UNKNOWN,UNKNOWN,UNKNOWN,UNKNOWN,ROBOTS_RULE_ALLOW,False,UNKNOWN,UNKNOWN,UNKNOWN,UNKNOWN,UNKNOWN,REVIEW,UNKNOWN,Candidate only: source/future/stale-build/link evidence is not proof of public availability
https://spinkorea.kr/blog/perfectionism-trap#post-summary,https://spinkorea.kr/blog/perfectionism-trap,link:https://spinkorea.kr/blog/perfectionism-trap,blog,UNKNOWN,UNKNOWN,UNKNOWN,UNKNOWN,UNKNOWN,UNKNOWN,UNKNOWN,UNKNOWN,UNKNOWN,UNKNOWN,ROBOTS_RULE_ALLOW,False,UNKNOWN,UNKNOWN,UNKNOWN,UNKNOWN,UNKNOWN,REVIEW,UNKNOWN,Candidate only: source/future/stale-build/link evidence is not proof of public availability
https://spinkorea.kr/blog/personal-dashboard-check,https://spinkorea.kr/blog/personal-dashboard-check,post-metadata.generated.json;post-metadata.runtime.generated.json;content-plan.generated.json;existing-dist-unverified-build,blog,"개인 대시보드 점검 운영법, 결과 기록 남기기",src/data/content-plan.generated.json,scheduled;date=2026-07-16T20:00:00+09:00,EXISTING_ARTIFACT_NOT_FRESH,UNKNOWN,UNKNOWN,UNKNOWN,UNKNOWN,UNKNOWN,UNKNOWN,ROBOTS_RULE_ALLOW,False,False,0,UNKNOWN,UNKNOWN,UNKNOWN,REVIEW,UNKNOWN,Candidate only: source/future/stale-build/link evidence is not proof of public availability
https://spinkorea.kr/blog/personal-kanban-light,https://spinkorea.kr/blog/personal-kanban-light,post-metadata.generated.json;post-metadata.runtime.generated.json;content-plan.generated.json;existing-dist-unverified-build,blog,"개인 칸반 기준 운영법, 결과 기록 남기기",src/data/content-plan.generated.json,scheduled;date=2026-06-05T04:00:00+09:00,EXISTING_ARTIFACT_NOT_FRESH,UNKNOWN,UNKNOWN,UNKNOWN,UNKNOWN,UNKNOWN,UNKNOWN,ROBOTS_RULE_ALLOW,False,False,0,UNKNOWN,UNKNOWN,UNKNOWN,REVIEW,UNKNOWN,Candidate only: source/future/stale-build/link evidence is not proof of public availability
https://spinkorea.kr/blog/pet-care-cost,https://spinkorea.kr/blog/pet-care-cost,post-metadata.generated.json;post-metadata.runtime.generated.json;content-plan.generated.json;existing-dist-unverified-build,blog,"반려동물 비용 정리 실행 순서, 생활 적용까지",src/data/content-plan.generated.json,scheduled;date=2026-06-25T04:00:00+09:00,EXISTING_ARTIFACT_NOT_FRESH,UNKNOWN,UNKNOWN,UNKNOWN,UNKNOWN,UNKNOWN,UNKNOWN,ROBOTS_RULE_ALLOW,False,False,0,UNKNOWN,UNKNOWN,UNKNOWN,REVIEW,UNKNOWN,Candidate only: source/future/stale-build/link evidence is not proof of public availability
https://spinkorea.kr/blog/phone-plan-compare,https://spinkorea.kr/blog/phone-plan-compare,post-metadata.generated.json;post-metadata.runtime.generated.json;content-plan.generated.json;existing-dist-unverified-build,blog,"휴대폰 요금 비교 개선 포인트, 계산 기준",src/data/content-plan.generated.json,scheduled;date=2026-06-27T11:00:00+09:00,EXISTING_ARTIFACT_NOT_FRESH,UNKNOWN,UNKNOWN,UNKNOWN,UNKNOWN,UNKNOWN,UNKNOWN,ROBOTS_RULE_ALLOW,False,False,0,UNKNOWN,UNKNOWN,UNKNOWN,REVIEW,UNKNOWN,Candidate only: source/future/stale-build/link evidence is not proof of public availability
https://spinkorea.kr/blog/plain-language-rule,https://spinkorea.kr/blog/plain-language-rule,post-metadata.generated.json;post-metadata.runtime.generated.json;content-plan.generated.json;existing-dist-unverified-build,blog,"쉬운 문장 기준 운영 체크, 표현 정리 반영",src/data/content-plan.generated.json,scheduled;date=2026-05-21T19:00:00+09:00,EXISTING_ARTIFACT_NOT_FRESH,UNKNOWN,UNKNOWN,UNKNOWN,UNKNOWN,UNKNOWN,UNKNOWN,ROBOTS_RULE_ALLOW,False,False,0,UNKNOWN,UNKNOWN,UNKNOWN,REVIEW,UNKNOWN,Candidate only: source/future/stale-build/link evidence is not proof of public availability
https://spinkorea.kr/blog/policy-summary-copy,https://spinkorea.kr/blog/policy-summary-copy,post-metadata.generated.json;post-metadata.runtime.generated.json;content-plan.generated.json;existing-dist-unverified-build,blog,"정책 요약 문장 실전 흐름, 가독성부터",src/data/content-plan.generated.json,scheduled;date=2026-07-04T23:00:00+09:00,EXISTING_ARTIFACT_NOT_FRESH,UNKNOWN,UNKNOWN,UNKNOWN,UNKNOWN,UNKNOWN,UNKNOWN,ROBOTS_RULE_ALLOW,False,False,0,UNKNOWN,UNKNOWN,UNKNOWN,REVIEW,UNKNOWN,Candidate only: source/future/stale-build/link evidence is not proof of public availability
https://spinkorea.kr/blog/pomodoro-technique,https://spinkorea.kr/blog/pomodoro-technique,post-metadata.generated.json;post-metadata.runtime.generated.json;existing-dist-unverified-build;LIVE_SITEMAP;LIVE_RSS;link:https://spinkorea.kr/blog;LIVE_HTTP,blog,포모도로 기법 완벽 가이드: 25분의 기적,src/data/post-metadata.runtime.generated.json,curated;date=2026-04-21,EXISTING_ARTIFACT_NOT_FRESH,200,https://spinkorea.kr/blog/pomodoro-technique,[],https://spinkorea.kr/blog/pomodoro-technique,ABSENT,ABSENT,ROBOTS_RULE_ALLOW,True,True,1,UNKNOWN,SCRIPT_PRESENT;DISPLAY_UNKNOWN,2026-09-19T23:03:44.865876+09:00,REVIEW,http-evidence.json,HTTP observation applies to fetched URL only; fragment variants retained; deployment SHA UNKNOWN
https://spinkorea.kr/blog/pomodoro-technique#post-content,https://spinkorea.kr/blog/pomodoro-technique,link:https://spinkorea.kr/blog/pomodoro-technique,blog,UNKNOWN,UNKNOWN,UNKNOWN,UNKNOWN,UNKNOWN,UNKNOWN,UNKNOWN,UNKNOWN,UNKNOWN,UNKNOWN,ROBOTS_RULE_ALLOW,False,UNKNOWN,UNKNOWN,UNKNOWN,UNKNOWN,UNKNOWN,REVIEW,UNKNOWN,Candidate only: source/future/stale-build/link evidence is not proof of public availability
https://spinkorea.kr/blog/pomodoro-technique#post-related,https://spinkorea.kr/blog/pomodoro-technique,link:https://spinkorea.kr/blog/pomodoro-technique,blog,UNKNOWN,UNKNOWN,UNKNOWN,UNKNOWN,UNKNOWN,UNKNOWN,UNKNOWN,UNKNOWN,UNKNOWN,UNKNOWN,ROBOTS_RULE_ALLOW,False,UNKNOWN,UNKNOWN,UNKNOWN,UNKNOWN,UNKNOWN,REVIEW,UNKNOWN,Candidate only: source/future/stale-build/link evidence is not proof of public availability
https://spinkorea.kr/blog/pomodoro-technique#post-summary,https://spinkorea.kr/blog/pomodoro-technique,link:https://spinkorea.kr/blog/pomodoro-technique,blog,UNKNOWN,UNKNOWN,UNKNOWN,UNKNOWN,UNKNOWN,UNKNOWN,UNKNOWN,UNKNOWN,UNKNOWN,UNKNOWN,ROBOTS_RULE_ALLOW,False,UNKNOWN,UNKNOWN,UNKNOWN,UNKNOWN,UNKNOWN,REVIEW,UNKNOWN,Candidate only: source/future/stale-build/link evidence is not proof of public availability
https://spinkorea.kr/blog/population-sample-standard-deviation,https://spinkorea.kr/blog/population-sample-standard-deviation,post-metadata.generated.json;post-metadata.runtime.generated.json;content-plan.generated.json,blog,표준편차가 1.414와 1.633으로 갈리는 이유: 모집단과 표본 계산,src/data/content-plan.generated.json,scheduled;date=2026-10-11T08:00:00+09:00,UNKNOWN,UNKNOWN,UNKNOWN,UNKNOWN,UNKNOWN,UNKNOWN,UNKNOWN,ROBOTS_RULE_ALLOW,False,False,0,UNKNOWN,UNKNOWN,UNKNOWN,REVIEW,UNKNOWN,Candidate only: source/future/stale-build/link evidence is not proof of public availability
https://spinkorea.kr/blog/posture-check-timer,https://spinkorea.kr/blog/posture-check-timer,post-metadata.generated.json;post-metadata.runtime.generated.json;content-plan.generated.json;existing-dist-unverified-build,blog,"자세 점검 타이머 개선 포인트, 루틴 설계",src/data/content-plan.generated.json,scheduled;date=2026-06-10T19:00:00+09:00,EXISTING_ARTIFACT_NOT_FRESH,UNKNOWN,UNKNOWN,UNKNOWN,UNKNOWN,UNKNOWN,UNKNOWN,ROBOTS_RULE_ALLOW,False,False,0,UNKNOWN,UNKNOWN,UNKNOWN,REVIEW,UNKNOWN,Candidate only: source/future/stale-build/link evidence is not proof of public availability
https://spinkorea.kr/blog/posture-photo-check,https://spinkorea.kr/blog/posture-photo-check,post-metadata.generated.json;post-metadata.runtime.generated.json;content-plan.generated.json;existing-dist-unverified-build,blog,"자세 사진 점검 운영법, 기록 습관 남기기",src/data/content-plan.generated.json,scheduled;date=2026-07-21T00:00:00+09:00,EXISTING_ARTIFACT_NOT_FRESH,UNKNOWN,UNKNOWN,UNKNOWN,UNKNOWN,UNKNOWN,UNKNOWN,ROBOTS_RULE_ALLOW,False,False,0,UNKNOWN,UNKNOWN,UNKNOWN,REVIEW,UNKNOWN,Candidate only: source/future/stale-build/link evidence is not proof of public availability
https://spinkorea.kr/blog/presentation-order-draw,https://spinkorea.kr/blog/presentation-order-draw,post-metadata.generated.json;post-metadata.runtime.generated.json;content-plan.generated.json;existing-dist-unverified-build,blog,"발표 순서 추첨, 참가자 목록 전에 볼 점",src/data/content-plan.generated.json,scheduled;date=2026-05-06T19:00:00+09:00,EXISTING_ARTIFACT_NOT_FRESH,UNKNOWN,UNKNOWN,UNKNOWN,UNKNOWN,UNKNOWN,UNKNOWN,ROBOTS_RULE_ALLOW,False,False,0,UNKNOWN,UNKNOWN,UNKNOWN,REVIEW,UNKNOWN,Candidate only: source/future/stale-build/link evidence is not proof of public availability
https://spinkorea.kr/blog/preview-date-mock,https://spinkorea.kr/blog/preview-date-mock,post-metadata.generated.json;post-metadata.runtime.generated.json;content-plan.generated.json;existing-dist-unverified-build,blog,"미리보기 날짜 mock 초보 흐름, 보안 확인 중심",src/data/content-plan.generated.json,scheduled;date=2026-07-09T18:00:00+09:00,EXISTING_ARTIFACT_NOT_FRESH,UNKNOWN,UNKNOWN,UNKNOWN,UNKNOWN,UNKNOWN,UNKNOWN,ROBOTS_RULE_ALLOW,False,False,0,UNKNOWN,UNKNOWN,UNKNOWN,REVIEW,UNKNOWN,Candidate only: source/future/stale-build/link evidence is not proof of public availability
https://spinkorea.kr/blog/preview-server-qa,https://spinkorea.kr/blog/preview-server-qa,post-metadata.generated.json;post-metadata.runtime.generated.json;content-plan.generated.json;existing-dist-unverified-build,blog,"프리뷰 서버 QA 판단법, 자동화 중심",src/data/content-plan.generated.json,scheduled;date=2026-08-19T09:00:00+09:00,EXISTING_ARTIFACT_NOT_FRESH,UNKNOWN,UNKNOWN,UNKNOWN,UNKNOWN,UNKNOWN,UNKNOWN,ROBOTS_RULE_ALLOW,False,False,0,UNKNOWN,UNKNOWN,UNKNOWN,REVIEW,UNKNOWN,Candidate only: source/future/stale-build/link evidence is not proof of public availability
https://spinkorea.kr/blog/priority-conflict-note,https://spinkorea.kr/blog/priority-conflict-note,post-metadata.generated.json;post-metadata.runtime.generated.json;content-plan.generated.json;existing-dist-unverified-build,blog,"우선순위 충돌 메모 초보 흐름, 집중 시간 중심",src/data/content-plan.generated.json,scheduled;date=2026-07-18T02:00:00+09:00,EXISTING_ARTIFACT_NOT_FRESH,UNKNOWN,UNKNOWN,UNKNOWN,UNKNOWN,UNKNOWN,UNKNOWN,ROBOTS_RULE_ALLOW,False,False,0,UNKNOWN,UNKNOWN,UNKNOWN,REVIEW,UNKNOWN,Candidate only: source/future/stale-build/link evidence is not proof of public availability
https://spinkorea.kr/blog/priority-rule-daily,https://spinkorea.kr/blog/priority-rule-daily,post-metadata.generated.json;post-metadata.runtime.generated.json;content-plan.generated.json;existing-dist-unverified-build,blog,"하루 우선순위 기준 실수 방지, 반복 업무 먼저",src/data/content-plan.generated.json,scheduled;date=2026-06-01T20:00:00+09:00,EXISTING_ARTIFACT_NOT_FRESH,UNKNOWN,UNKNOWN,UNKNOWN,UNKNOWN,UNKNOWN,UNKNOWN,ROBOTS_RULE_ALLOW,False,False,0,UNKNOWN,UNKNOWN,UNKNOWN,REVIEW,UNKNOWN,Candidate only: source/future/stale-build/link evidence is not proof of public availability
https://spinkorea.kr/blog/privacy-copy-check,https://spinkorea.kr/blog/privacy-copy-check,post-metadata.generated.json;post-metadata.runtime.generated.json;content-plan.generated.json;existing-dist-unverified-build,blog,"개인정보 안내문 빠른 정리, 표현 정리까지",src/data/content-plan.generated.json,scheduled;date=2026-05-25T13:00:00+09:00,EXISTING_ARTIFACT_NOT_FRESH,UNKNOWN,UNKNOWN,UNKNOWN,UNKNOWN,UNKNOWN,UNKNOWN,ROBOTS_RULE_ALLOW,False,False,0,UNKNOWN,UNKNOWN,UNKNOWN,REVIEW,UNKNOWN,Candidate only: source/future/stale-build/link evidence is not proof of public availability
https://spinkorea.kr/blog/privacy-purpose-copy,https://spinkorea.kr/blog/privacy-purpose-copy,post-metadata.generated.json;post-metadata.runtime.generated.json;content-plan.generated.json;existing-dist-unverified-build,blog,"수집 목적 문구, 문서 기준 먼저 보기",src/data/content-plan.generated.json,scheduled;date=2026-08-13T18:00:00+09:00,EXISTING_ARTIFACT_NOT_FRESH,UNKNOWN,UNKNOWN,UNKNOWN,UNKNOWN,UNKNOWN,UNKNOWN,ROBOTS_RULE_ALLOW,False,False,0,UNKNOWN,UNKNOWN,UNKNOWN,REVIEW,UNKNOWN,Candidate only: source/future/stale-build/link evidence is not proof of public availability
https://spinkorea.kr/blog/prize-tier-draw,https://spinkorea.kr/blog/prize-tier-draw,post-metadata.generated.json;post-metadata.runtime.generated.json;content-plan.generated.json;existing-dist-unverified-build,blog,"경품 등급 추첨 적용 순서, 결과 기록 확인",src/data/content-plan.generated.json,scheduled;date=2026-06-18T17:00:00+09:00,EXISTING_ARTIFACT_NOT_FRESH,UNKNOWN,UNKNOWN,UNKNOWN,UNKNOWN,UNKNOWN,UNKNOWN,ROBOTS_RULE_ALLOW,False,False,0,UNKNOWN,UNKNOWN,UNKNOWN,REVIEW,UNKNOWN,Candidate only: source/future/stale-build/link evidence is not proof of public availability
https://spinkorea.kr/blog/product-description-trim,https://spinkorea.kr/blog/product-description-trim,post-metadata.generated.json;post-metadata.runtime.generated.json;content-plan.generated.json;existing-dist-unverified-build,blog,"상품 설명 줄이기 판단법, 검토 순서 중심",src/data/content-plan.generated.json,scheduled;date=2026-06-30T09:00:00+09:00,EXISTING_ARTIFACT_NOT_FRESH,UNKNOWN,UNKNOWN,UNKNOWN,UNKNOWN,UNKNOWN,UNKNOWN,ROBOTS_RULE_ALLOW,False,False,0,UNKNOWN,UNKNOWN,UNKNOWN,REVIEW,UNKNOWN,Candidate only: source/future/stale-build/link evidence is not proof of public availability
https://spinkorea.kr/blog/project-buffer-time,https://spinkorea.kr/blog/project-buffer-time,post-metadata.generated.json;post-metadata.runtime.generated.json;content-plan.generated.json;existing-dist-unverified-build,blog,작업 버퍼 시간 FAQ: 계산 기준 답변,src/data/content-plan.generated.json,scheduled;date=2026-05-19T02:00:00+09:00,EXISTING_ARTIFACT_NOT_FRESH,UNKNOWN,UNKNOWN,UNKNOWN,UNKNOWN,UNKNOWN,UNKNOWN,ROBOTS_RULE_ALLOW,False,False,0,UNKNOWN,UNKNOWN,UNKNOWN,REVIEW,UNKNOWN,Candidate only: source/future/stale-build/link evidence is not proof of public availability
https://spinkorea.kr/blog/project-expense-note,https://spinkorea.kr/blog/project-expense-note,post-metadata.generated.json;post-metadata.runtime.generated.json;content-plan.generated.json;existing-dist-unverified-build,blog,"프로젝트 비용 메모 운영 체크, 실수 방지 반영",src/data/content-plan.generated.json,scheduled;date=2026-08-08T23:00:00+09:00,EXISTING_ARTIFACT_NOT_FRESH,UNKNOWN,UNKNOWN,UNKNOWN,UNKNOWN,UNKNOWN,UNKNOWN,ROBOTS_RULE_ALLOW,False,False,0,UNKNOWN,UNKNOWN,UNKNOWN,REVIEW,UNKNOWN,Candidate only: source/future/stale-build/link evidence is not proof of public availability
https://spinkorea.kr/blog/project-name-rule,https://spinkorea.kr/blog/project-name-rule,post-metadata.generated.json;post-metadata.runtime.generated.json;content-plan.generated.json;existing-dist-unverified-build,blog,"프로젝트 이름 규칙 비교법, 집중 시간과 반복 업무",src/data/content-plan.generated.json,scheduled;date=2026-06-04T13:00:00+09:00,EXISTING_ARTIFACT_NOT_FRESH,UNKNOWN,UNKNOWN,UNKNOWN,UNKNOWN,UNKNOWN,UNKNOWN,ROBOTS_RULE_ALLOW,False,False,0,UNKNOWN,UNKNOWN,UNKNOWN,REVIEW,UNKNOWN,Candidate only: source/future/stale-build/link evidence is not proof of public availability
https://spinkorea.kr/blog/project-retro-score,https://spinkorea.kr/blog/project-retro-score,post-metadata.generated.json;post-metadata.runtime.generated.json;content-plan.generated.json;existing-dist-unverified-build,blog,"프로젝트 회고 점수 실전 흐름, 반복 업무부터",src/data/content-plan.generated.json,scheduled;date=2026-07-17T11:00:00+09:00,EXISTING_ARTIFACT_NOT_FRESH,UNKNOWN,UNKNOWN,UNKNOWN,UNKNOWN,UNKNOWN,UNKNOWN,ROBOTS_RULE_ALLOW,False,False,0,UNKNOWN,UNKNOWN,UNKNOWN,REVIEW,UNKNOWN,Candidate only: source/future/stale-build/link evidence is not proof of public availability
https://spinkorea.kr/blog/proposal-summary-check,https://spinkorea.kr/blog/proposal-summary-check,post-metadata.generated.json;post-metadata.runtime.generated.json;content-plan.generated.json;existing-dist-unverified-build,blog,"제안서 요약 문장 초보 흐름, 표현 정리 중심",src/data/content-plan.generated.json,scheduled;date=2026-05-20T18:00:00+09:00,EXISTING_ARTIFACT_NOT_FRESH,UNKNOWN,UNKNOWN,UNKNOWN,UNKNOWN,UNKNOWN,UNKNOWN,ROBOTS_RULE_ALLOW,False,False,0,UNKNOWN,UNKNOWN,UNKNOWN,REVIEW,UNKNOWN,Candidate only: source/future/stale-build/link evidence is not proof of public availability
https://spinkorea.kr/blog/public-file-cache,https://spinkorea.kr/blog/public-file-cache,post-metadata.generated.json;post-metadata.runtime.generated.json;content-plan.generated.json;existing-dist-unverified-build,blog,"public 파일 캐시 실행 순서, 배포 전 점검까지",src/data/content-plan.generated.json,scheduled;date=2026-07-11T20:00:00+09:00,EXISTING_ARTIFACT_NOT_FRESH,UNKNOWN,UNKNOWN,UNKNOWN,UNKNOWN,UNKNOWN,UNKNOWN,ROBOTS_RULE_ALLOW,False,False,0,UNKNOWN,UNKNOWN,UNKNOWN,REVIEW,UNKNOWN,Candidate only: source/future/stale-build/link evidence is not proof of public availability
https://spinkorea.kr/blog/publication-queue-check,https://spinkorea.kr/blog/publication-queue-check,post-metadata.generated.json;post-metadata.runtime.generated.json;content-plan.generated.json;existing-dist-unverified-build,blog,"발행 큐 점검 초보 흐름, 집중 시간 중심",src/data/content-plan.generated.json,scheduled;date=2026-08-24T14:00:00+09:00,EXISTING_ARTIFACT_NOT_FRESH,UNKNOWN,UNKNOWN,UNKNOWN,UNKNOWN,UNKNOWN,UNKNOWN,ROBOTS_RULE_ALLOW,False,False,0,UNKNOWN,UNKNOWN,UNKNOWN,REVIEW,UNKNOWN,Candidate only: source/future/stale-build/link evidence is not proof of public availability
https://spinkorea.kr/blog/publish-alert-note,https://spinkorea.kr/blog/publish-alert-note,post-metadata.generated.json;post-metadata.runtime.generated.json;content-plan.generated.json;existing-dist-unverified-build,blog,"발행 알림 메모 비교법, 집중 시간과 반복 업무",src/data/content-plan.generated.json,scheduled;date=2026-08-26T21:00:00+09:00,EXISTING_ARTIFACT_NOT_FRESH,UNKNOWN,UNKNOWN,UNKNOWN,UNKNOWN,UNKNOWN,UNKNOWN,ROBOTS_RULE_ALLOW,False,False,0,UNKNOWN,UNKNOWN,UNKNOWN,REVIEW,UNKNOWN,Candidate only: source/future/stale-build/link evidence is not proof of public availability
https://spinkorea.kr/blog/publish-window-drift,https://spinkorea.kr/blog/publish-window-drift,post-metadata.generated.json;post-metadata.runtime.generated.json;content-plan.generated.json;existing-dist-unverified-build,blog,"발행 간격 드리프트 초보 흐름, 보안 확인 중심",src/data/content-plan.generated.json,scheduled;date=2026-08-20T10:00:00+09:00,EXISTING_ARTIFACT_NOT_FRESH,UNKNOWN,UNKNOWN,UNKNOWN,UNKNOWN,UNKNOWN,UNKNOWN,ROBOTS_RULE_ALLOW,False,False,0,UNKNOWN,UNKNOWN,UNKNOWN,REVIEW,UNKNOWN,Candidate only: source/future/stale-build/link evidence is not proof of public availability
https://spinkorea.kr/blog/published-post-filter,https://spinkorea.kr/blog/published-post-filter,post-metadata.generated.json;post-metadata.runtime.generated.json;content-plan.generated.json;existing-dist-unverified-build,blog,"공개 글 필터 상황별 표, 배포 전 점검",src/data/content-plan.generated.json,scheduled;date=2026-08-19T14:00:00+09:00,EXISTING_ARTIFACT_NOT_FRESH,UNKNOWN,UNKNOWN,UNKNOWN,UNKNOWN,UNKNOWN,UNKNOWN,ROBOTS_RULE_ALLOW,False,False,0,UNKNOWN,UNKNOWN,UNKNOWN,REVIEW,UNKNOWN,Candidate only: source/future/stale-build/link evidence is not proof of public availability
https://spinkorea.kr/blog/publishing-cadence-note,https://spinkorea.kr/blog/publishing-cadence-note,post-metadata.generated.json;post-metadata.runtime.generated.json;content-plan.generated.json;existing-dist-unverified-build,blog,"발행 주기 메모 비교법, 집중 시간과 반복 업무",src/data/content-plan.generated.json,scheduled;date=2026-08-22T17:00:00+09:00,EXISTING_ARTIFACT_NOT_FRESH,UNKNOWN,UNKNOWN,UNKNOWN,UNKNOWN,UNKNOWN,UNKNOWN,ROBOTS_RULE_ALLOW,False,False,0,UNKNOWN,UNKNOWN,UNKNOWN,REVIEW,UNKNOWN,Candidate only: source/future/stale-build/link evidence is not proof of public availability
https://spinkorea.kr/blog/pyeong-square-meter,https://spinkorea.kr/blog/pyeong-square-meter,post-metadata.generated.json;post-metadata.runtime.generated.json;content-plan.generated.json,blog,평과 제곱미터를 바꿀 때 전용면적을 따로 적으세요,src/data/content-plan.generated.json,scheduled;date=2026-09-25T08:00:00+09:00,UNKNOWN,UNKNOWN,UNKNOWN,UNKNOWN,UNKNOWN,UNKNOWN,UNKNOWN,ROBOTS_RULE_ALLOW,False,False,0,UNKNOWN,UNKNOWN,UNKNOWN,REVIEW,UNKNOWN,Candidate only: source/future/stale-build/link evidence is not proof of public availability
https://spinkorea.kr/blog/qa-sampling-plan,https://spinkorea.kr/blog/qa-sampling-plan,post-metadata.generated.json;post-metadata.runtime.generated.json;content-plan.generated.json;existing-dist-unverified-build,blog,QA 샘플링 계획 체크리스트: 회의 운영 핵심,src/data/content-plan.generated.json,scheduled;date=2026-08-26T11:00:00+09:00,EXISTING_ARTIFACT_NOT_FRESH,UNKNOWN,UNKNOWN,UNKNOWN,UNKNOWN,UNKNOWN,UNKNOWN,ROBOTS_RULE_ALLOW,False,False,0,UNKNOWN,UNKNOWN,UNKNOWN,REVIEW,UNKNOWN,Candidate only: source/future/stale-build/link evidence is not proof of public availability
https://spinkorea.kr/blog/qr-code-capacity-version-ecc,https://spinkorea.kr/blog/qr-code-capacity-version-ecc,post-metadata.generated.json;post-metadata.runtime.generated.json;content-plan.generated.json,blog,QR코드 용량·버전·오류복원: 짧은 URL이 더 잘 읽히는 이유,src/data/content-plan.generated.json,scheduled;date=2026-10-08T08:00:00+09:00,UNKNOWN,UNKNOWN,UNKNOWN,UNKNOWN,UNKNOWN,UNKNOWN,UNKNOWN,ROBOTS_RULE_ALLOW,False,False,0,UNKNOWN,UNKNOWN,UNKNOWN,REVIEW,UNKNOWN,Candidate only: source/future/stale-build/link evidence is not proof of public availability
https://spinkorea.kr/blog/qr-code-generator-guide,https://spinkorea.kr/blog/qr-code-generator-guide,post-metadata.generated.json;post-metadata.runtime.generated.json;existing-dist-unverified-build;LIVE_SITEMAP;LIVE_RSS;link:https://spinkorea.kr/blog;LIVE_HTTP;link:https://spinkorea.kr/blog/qr-print-scan-test,blog,무료 QR코드 생성기 완벽 가이드 - 링크를 QR코드로 5초 만에 변환,src/data/post-metadata.runtime.generated.json,curated;date=2026-01-05,EXISTING_ARTIFACT_NOT_FRESH,200,https://spinkorea.kr/blog/qr-code-generator-guide,[],https://spinkorea.kr/blog/qr-code-generator-guide,ABSENT,ABSENT,ROBOTS_RULE_ALLOW,True,True,1,UNKNOWN,SCRIPT_PRESENT;DISPLAY_UNKNOWN,2026-09-19T23:03:45.622859+09:00,REVIEW,http-evidence.json,HTTP observation applies to fetched URL only; fragment variants retained; deployment SHA UNKNOWN
https://spinkorea.kr/blog/qr-code-generator-guide#post-content,https://spinkorea.kr/blog/qr-code-generator-guide,link:https://spinkorea.kr/blog/qr-code-generator-guide,blog,UNKNOWN,UNKNOWN,UNKNOWN,UNKNOWN,UNKNOWN,UNKNOWN,UNKNOWN,UNKNOWN,UNKNOWN,UNKNOWN,ROBOTS_RULE_ALLOW,False,UNKNOWN,UNKNOWN,UNKNOWN,UNKNOWN,UNKNOWN,REVIEW,UNKNOWN,Candidate only: source/future/stale-build/link evidence is not proof of public availability
https://spinkorea.kr/blog/qr-code-generator-guide#post-related,https://spinkorea.kr/blog/qr-code-generator-guide,link:https://spinkorea.kr/blog/qr-code-generator-guide,blog,UNKNOWN,UNKNOWN,UNKNOWN,UNKNOWN,UNKNOWN,UNKNOWN,UNKNOWN,UNKNOWN,UNKNOWN,UNKNOWN,ROBOTS_RULE_ALLOW,False,UNKNOWN,UNKNOWN,UNKNOWN,UNKNOWN,UNKNOWN,REVIEW,UNKNOWN,Candidate only: source/future/stale-build/link evidence is not proof of public availability
https://spinkorea.kr/blog/qr-code-generator-guide#post-summary,https://spinkorea.kr/blog/qr-code-generator-guide,link:https://spinkorea.kr/blog/qr-code-generator-guide,blog,UNKNOWN,UNKNOWN,UNKNOWN,UNKNOWN,UNKNOWN,UNKNOWN,UNKNOWN,UNKNOWN,UNKNOWN,UNKNOWN,ROBOTS_RULE_ALLOW,False,UNKNOWN,UNKNOWN,UNKNOWN,UNKNOWN,UNKNOWN,REVIEW,UNKNOWN,Candidate only: source/future/stale-build/link evidence is not proof of public availability
https://spinkorea.kr/blog/qr-code-guide,https://spinkorea.kr/blog/qr-code-guide,post-metadata.generated.json;post-metadata.runtime.generated.json;existing-dist-unverified-build;LIVE_SITEMAP;LIVE_RSS;link:https://spinkorea.kr/blog;LIVE_HTTP,blog,QR 코드 완벽 가이드: 원리부터 활용까지,src/data/post-metadata.runtime.generated.json,curated;date=2025-12-17,EXISTING_ARTIFACT_NOT_FRESH,200,https://spinkorea.kr/blog/qr-code-guide,[],https://spinkorea.kr/blog/qr-code-guide,ABSENT,ABSENT,ROBOTS_RULE_ALLOW,True,True,1,UNKNOWN,SCRIPT_PRESENT;DISPLAY_UNKNOWN,2026-09-19T23:03:46.372940+09:00,REVIEW,http-evidence.json,HTTP observation applies to fetched URL only; fragment variants retained; deployment SHA UNKNOWN
https://spinkorea.kr/blog/qr-code-guide#post-content,https://spinkorea.kr/blog/qr-code-guide,link:https://spinkorea.kr/blog/qr-code-guide,blog,UNKNOWN,UNKNOWN,UNKNOWN,UNKNOWN,UNKNOWN,UNKNOWN,UNKNOWN,UNKNOWN,UNKNOWN,UNKNOWN,ROBOTS_RULE_ALLOW,False,UNKNOWN,UNKNOWN,UNKNOWN,UNKNOWN,UNKNOWN,REVIEW,UNKNOWN,Candidate only: source/future/stale-build/link evidence is not proof of public availability
https://spinkorea.kr/blog/qr-code-guide#post-related,https://spinkorea.kr/blog/qr-code-guide,link:https://spinkorea.kr/blog/qr-code-guide,blog,UNKNOWN,UNKNOWN,UNKNOWN,UNKNOWN,UNKNOWN,UNKNOWN,UNKNOWN,UNKNOWN,UNKNOWN,UNKNOWN,ROBOTS_RULE_ALLOW,False,UNKNOWN,UNKNOWN,UNKNOWN,UNKNOWN,UNKNOWN,REVIEW,UNKNOWN,Candidate only: source/future/stale-build/link evidence is not proof of public availability
https://spinkorea.kr/blog/qr-code-guide#post-summary,https://spinkorea.kr/blog/qr-code-guide,link:https://spinkorea.kr/blog/qr-code-guide,blog,UNKNOWN,UNKNOWN,UNKNOWN,UNKNOWN,UNKNOWN,UNKNOWN,UNKNOWN,UNKNOWN,UNKNOWN,UNKNOWN,ROBOTS_RULE_ALLOW,False,UNKNOWN,UNKNOWN,UNKNOWN,UNKNOWN,UNKNOWN,REVIEW,UNKNOWN,Candidate only: source/future/stale-build/link evidence is not proof of public availability
https://spinkorea.kr/blog/qr-code-uses,https://spinkorea.kr/blog/qr-code-uses,post-metadata.generated.json;post-metadata.runtime.generated.json;existing-dist-unverified-build;LIVE_SITEMAP;LIVE_RSS;link:https://spinkorea.kr/blog;LIVE_HTTP,blog,QR코드 200% 활용법: 명함·와이파이·결제까지,src/data/post-metadata.runtime.generated.json,curated;date=2026-04-22,EXISTING_ARTIFACT_NOT_FRESH,200,https://spinkorea.kr/blog/qr-code-uses,[],https://spinkorea.kr/blog/qr-code-uses,ABSENT,ABSENT,ROBOTS_RULE_ALLOW,True,True,1,UNKNOWN,SCRIPT_PRESENT;DISPLAY_UNKNOWN,2026-09-19T23:03:47.100425+09:00,REVIEW,http-evidence.json,HTTP observation applies to fetched URL only; fragment variants retained; deployment SHA UNKNOWN
https://spinkorea.kr/blog/qr-code-uses#post-content,https://spinkorea.kr/blog/qr-code-uses,link:https://spinkorea.kr/blog/qr-code-uses,blog,UNKNOWN,UNKNOWN,UNKNOWN,UNKNOWN,UNKNOWN,UNKNOWN,UNKNOWN,UNKNOWN,UNKNOWN,UNKNOWN,ROBOTS_RULE_ALLOW,False,UNKNOWN,UNKNOWN,UNKNOWN,UNKNOWN,UNKNOWN,REVIEW,UNKNOWN,Candidate only: source/future/stale-build/link evidence is not proof of public availability
https://spinkorea.kr/blog/qr-code-uses#post-related,https://spinkorea.kr/blog/qr-code-uses,link:https://spinkorea.kr/blog/qr-code-uses,blog,UNKNOWN,UNKNOWN,UNKNOWN,UNKNOWN,UNKNOWN,UNKNOWN,UNKNOWN,UNKNOWN,UNKNOWN,UNKNOWN,ROBOTS_RULE_ALLOW,False,UNKNOWN,UNKNOWN,UNKNOWN,UNKNOWN,UNKNOWN,REVIEW,UNKNOWN,Candidate only: source/future/stale-build/link evidence is not proof of public availability
https://spinkorea.kr/blog/qr-code-uses#post-summary,https://spinkorea.kr/blog/qr-code-uses,link:https://spinkorea.kr/blog/qr-code-uses,blog,UNKNOWN,UNKNOWN,UNKNOWN,UNKNOWN,UNKNOWN,UNKNOWN,UNKNOWN,UNKNOWN,UNKNOWN,UNKNOWN,ROBOTS_RULE_ALLOW,False,UNKNOWN,UNKNOWN,UNKNOWN,UNKNOWN,UNKNOWN,REVIEW,UNKNOWN,Candidate only: source/future/stale-build/link evidence is not proof of public availability
https://spinkorea.kr/blog/qr-print-scan-test,https://spinkorea.kr/blog/qr-print-scan-test,post-metadata.generated.json;post-metadata.runtime.generated.json;content-plan.generated.json;LIVE_SITEMAP;LIVE_RSS;link:https://spinkorea.kr/blog;LIVE_HTTP,blog,QR 코드 인쇄 전 실제 크기로 스캔 테스트하는 순서,src/data/content-plan.generated.json,scheduled;date=2026-09-18T08:00:00+09:00,UNKNOWN,200,https://spinkorea.kr/blog/qr-print-scan-test,[],https://spinkorea.kr/blog/qr-print-scan-test,ABSENT,ABSENT,ROBOTS_RULE_ALLOW,True,True,1,UNKNOWN,SCRIPT_PRESENT;DISPLAY_UNKNOWN,2026-09-19T23:03:47.832226+09:00,REVIEW,http-evidence.json,HTTP observation applies to fetched URL only; fragment variants retained; deployment SHA UNKNOWN
https://spinkorea.kr/blog/qr-print-scan-test#post-content,https://spinkorea.kr/blog/qr-print-scan-test,link:https://spinkorea.kr/blog/qr-print-scan-test,blog,UNKNOWN,UNKNOWN,UNKNOWN,UNKNOWN,UNKNOWN,UNKNOWN,UNKNOWN,UNKNOWN,UNKNOWN,UNKNOWN,ROBOTS_RULE_ALLOW,False,UNKNOWN,UNKNOWN,UNKNOWN,UNKNOWN,UNKNOWN,REVIEW,UNKNOWN,Candidate only: source/future/stale-build/link evidence is not proof of public availability
https://spinkorea.kr/blog/qr-print-scan-test#post-related,https://spinkorea.kr/blog/qr-print-scan-test,link:https://spinkorea.kr/blog/qr-print-scan-test,blog,UNKNOWN,UNKNOWN,UNKNOWN,UNKNOWN,UNKNOWN,UNKNOWN,UNKNOWN,UNKNOWN,UNKNOWN,UNKNOWN,ROBOTS_RULE_ALLOW,False,UNKNOWN,UNKNOWN,UNKNOWN,UNKNOWN,UNKNOWN,REVIEW,UNKNOWN,Candidate only: source/future/stale-build/link evidence is not proof of public availability
https://spinkorea.kr/blog/qr-print-scan-test#post-summary,https://spinkorea.kr/blog/qr-print-scan-test,link:https://spinkorea.kr/blog/qr-print-scan-test,blog,UNKNOWN,UNKNOWN,UNKNOWN,UNKNOWN,UNKNOWN,UNKNOWN,UNKNOWN,UNKNOWN,UNKNOWN,UNKNOWN,ROBOTS_RULE_ALLOW,False,UNKNOWN,UNKNOWN,UNKNOWN,UNKNOWN,UNKNOWN,REVIEW,UNKNOWN,Candidate only: source/future/stale-build/link evidence is not proof of public availability
https://spinkorea.kr/blog/quality-score-dashboard,https://spinkorea.kr/blog/quality-score-dashboard,post-metadata.generated.json;post-metadata.runtime.generated.json;content-plan.generated.json;existing-dist-unverified-build,blog,"품질 점수 대시보드, 회의 운영 전에 볼 점",src/data/content-plan.generated.json,scheduled;date=2026-08-23T03:00:00+09:00,EXISTING_ARTIFACT_NOT_FRESH,UNKNOWN,UNKNOWN,UNKNOWN,UNKNOWN,UNKNOWN,UNKNOWN,ROBOTS_RULE_ALLOW,False,False,0,UNKNOWN,UNKNOWN,UNKNOWN,REVIEW,UNKNOWN,Candidate only: source/future/stale-build/link evidence is not proof of public availability
https://spinkorea.kr/blog/question-card-shuffle,https://spinkorea.kr/blog/question-card-shuffle,post-metadata.generated.json;post-metadata.runtime.generated.json;content-plan.generated.json;existing-dist-unverified-build,blog,"질문 카드 섞기, 참가자 목록 전에 볼 점",src/data/content-plan.generated.json,scheduled;date=2026-06-21T15:00:00+09:00,EXISTING_ARTIFACT_NOT_FRESH,UNKNOWN,UNKNOWN,UNKNOWN,UNKNOWN,UNKNOWN,UNKNOWN,ROBOTS_RULE_ALLOW,False,False,0,UNKNOWN,UNKNOWN,UNKNOWN,REVIEW,UNKNOWN,Candidate only: source/future/stale-build/link evidence is not proof of public availability
https://spinkorea.kr/blog/question-heading-rule,https://spinkorea.kr/blog/question-heading-rule,post-metadata.generated.json;post-metadata.runtime.generated.json;content-plan.generated.json;existing-dist-unverified-build,blog,"질문형 소제목 초보 흐름, 표현 정리 중심",src/data/content-plan.generated.json,scheduled;date=2026-05-24T22:00:00+09:00,EXISTING_ARTIFACT_NOT_FRESH,UNKNOWN,UNKNOWN,UNKNOWN,UNKNOWN,UNKNOWN,UNKNOWN,ROBOTS_RULE_ALLOW,False,False,0,UNKNOWN,UNKNOWN,UNKNOWN,REVIEW,UNKNOWN,Candidate only: source/future/stale-build/link evidence is not proof of public availability
https://spinkorea.kr/blog/quiz-order-random,https://spinkorea.kr/blog/quiz-order-random,post-metadata.generated.json;post-metadata.runtime.generated.json;content-plan.generated.json;existing-dist-unverified-build,blog,"퀴즈 순서 랜덤 상황별 표, 결과 기록",src/data/content-plan.generated.json,scheduled;date=2026-06-18T02:00:00+09:00,EXISTING_ARTIFACT_NOT_FRESH,UNKNOWN,UNKNOWN,UNKNOWN,UNKNOWN,UNKNOWN,UNKNOWN,ROBOTS_RULE_ALLOW,False,False,0,UNKNOWN,UNKNOWN,UNKNOWN,REVIEW,UNKNOWN,Candidate only: source/future/stale-build/link evidence is not proof of public availability
https://spinkorea.kr/blog/quote-cleanup-rule,https://spinkorea.kr/blog/quote-cleanup-rule,post-metadata.generated.json;post-metadata.runtime.generated.json;content-plan.generated.json;existing-dist-unverified-build,blog,"인용문 정리, 검토 순서 전에 볼 점",src/data/content-plan.generated.json,scheduled;date=2026-05-23T11:00:00+09:00,EXISTING_ARTIFACT_NOT_FRESH,UNKNOWN,UNKNOWN,UNKNOWN,UNKNOWN,UNKNOWN,UNKNOWN,ROBOTS_RULE_ALLOW,False,False,0,UNKNOWN,UNKNOWN,UNKNOWN,REVIEW,UNKNOWN,Candidate only: source/future/stale-build/link evidence is not proof of public availability
https://spinkorea.kr/blog/quote-interpretation,https://spinkorea.kr/blog/quote-interpretation,post-metadata.generated.json;post-metadata.runtime.generated.json;content-plan.generated.json;existing-dist-unverified-build,blog,"인용 해석 문장, 검토 순서 전에 볼 점",src/data/content-plan.generated.json,scheduled;date=2026-08-14T19:00:00+09:00,EXISTING_ARTIFACT_NOT_FRESH,UNKNOWN,UNKNOWN,UNKNOWN,UNKNOWN,UNKNOWN,UNKNOWN,ROBOTS_RULE_ALLOW,False,False,0,UNKNOWN,UNKNOWN,UNKNOWN,REVIEW,UNKNOWN,Candidate only: source/future/stale-build/link evidence is not proof of public availability
https://spinkorea.kr/blog/quote-to-action,https://spinkorea.kr/blog/quote-to-action,post-metadata.generated.json;post-metadata.runtime.generated.json;content-plan.generated.json;existing-dist-unverified-build,blog,"인용 뒤 해석 적용 순서, 공유 전 확인",src/data/content-plan.generated.json,scheduled;date=2026-07-05T09:00:00+09:00,EXISTING_ARTIFACT_NOT_FRESH,UNKNOWN,UNKNOWN,UNKNOWN,UNKNOWN,UNKNOWN,UNKNOWN,ROBOTS_RULE_ALLOW,False,False,0,UNKNOWN,UNKNOWN,UNKNOWN,REVIEW,UNKNOWN,Candidate only: source/future/stale-build/link evidence is not proof of public availability
https://spinkorea.kr/blog/raffle-announcement-copy,https://spinkorea.kr/blog/raffle-announcement-copy,post-metadata.generated.json;post-metadata.runtime.generated.json;content-plan.generated.json;existing-dist-unverified-build,blog,"추첨 결과 안내문 초보 흐름, 확률 설정 중심",src/data/content-plan.generated.json,scheduled;date=2026-05-12T10:00:00+09:00,EXISTING_ARTIFACT_NOT_FRESH,UNKNOWN,UNKNOWN,UNKNOWN,UNKNOWN,UNKNOWN,UNKNOWN,ROBOTS_RULE_ALLOW,False,False,0,UNKNOWN,UNKNOWN,UNKNOWN,REVIEW,UNKNOWN,Candidate only: source/future/stale-build/link evidence is not proof of public availability
https://spinkorea.kr/blog/raffle-entry-cleaning,https://spinkorea.kr/blog/raffle-entry-cleaning,post-metadata.generated.json;post-metadata.runtime.generated.json;content-plan.generated.json;existing-dist-unverified-build,blog,"응모자 명단 정리, 참가자 목록 전에 볼 점",src/data/content-plan.generated.json,scheduled;date=2026-06-17T11:00:00+09:00,EXISTING_ARTIFACT_NOT_FRESH,UNKNOWN,UNKNOWN,UNKNOWN,UNKNOWN,UNKNOWN,UNKNOWN,ROBOTS_RULE_ALLOW,False,False,0,UNKNOWN,UNKNOWN,UNKNOWN,REVIEW,UNKNOWN,Candidate only: source/future/stale-build/link evidence is not proof of public availability
https://spinkorea.kr/blog/raffle-form-validation,https://spinkorea.kr/blog/raffle-form-validation,post-metadata.generated.json;post-metadata.runtime.generated.json;content-plan.generated.json;existing-dist-unverified-build,blog,"응모 폼 검증 실행 순서, 결과 기록까지",src/data/content-plan.generated.json,scheduled;date=2026-07-28T12:00:00+09:00,EXISTING_ARTIFACT_NOT_FRESH,UNKNOWN,UNKNOWN,UNKNOWN,UNKNOWN,UNKNOWN,UNKNOWN,ROBOTS_RULE_ALLOW,False,False,0,UNKNOWN,UNKNOWN,UNKNOWN,REVIEW,UNKNOWN,Candidate only: source/future/stale-build/link evidence is not proof of public availability
https://spinkorea.kr/blog/raffle-transparency-note,https://spinkorea.kr/blog/raffle-transparency-note,post-metadata.generated.json;post-metadata.runtime.generated.json;content-plan.generated.json;existing-dist-unverified-build,blog,"추첨 투명성 안내 실전 흐름, 중복 방지부터",src/data/content-plan.generated.json,scheduled;date=2026-07-29T23:00:00+09:00,EXISTING_ARTIFACT_NOT_FRESH,UNKNOWN,UNKNOWN,UNKNOWN,UNKNOWN,UNKNOWN,UNKNOWN,ROBOTS_RULE_ALLOW,False,False,0,UNKNOWN,UNKNOWN,UNKNOWN,REVIEW,UNKNOWN,Candidate only: source/future/stale-build/link evidence is not proof of public availability
https://spinkorea.kr/blog/random-break-activity,https://spinkorea.kr/blog/random-break-activity,post-metadata.generated.json;post-metadata.runtime.generated.json;content-plan.generated.json;existing-dist-unverified-build,blog,"휴식 활동 랜덤 실전 흐름, 중복 방지부터",src/data/content-plan.generated.json,scheduled;date=2026-06-18T07:00:00+09:00,EXISTING_ARTIFACT_NOT_FRESH,UNKNOWN,UNKNOWN,UNKNOWN,UNKNOWN,UNKNOWN,UNKNOWN,ROBOTS_RULE_ALLOW,False,False,0,UNKNOWN,UNKNOWN,UNKNOWN,REVIEW,UNKNOWN,Candidate only: source/future/stale-build/link evidence is not proof of public availability
https://spinkorea.kr/blog/random-break-topic,https://spinkorea.kr/blog/random-break-topic,post-metadata.generated.json;post-metadata.runtime.generated.json;content-plan.generated.json;existing-dist-unverified-build,blog,"휴식 주제 랜덤 발행 전 검토, 참가자 목록",src/data/content-plan.generated.json,scheduled;date=2026-08-01T01:00:00+09:00,EXISTING_ARTIFACT_NOT_FRESH,UNKNOWN,UNKNOWN,UNKNOWN,UNKNOWN,UNKNOWN,UNKNOWN,ROBOTS_RULE_ALLOW,False,False,0,UNKNOWN,UNKNOWN,UNKNOWN,REVIEW,UNKNOWN,Candidate only: source/future/stale-build/link evidence is not proof of public availability
https://spinkorea.kr/blog/random-choice-archive,https://spinkorea.kr/blog/random-choice-archive,post-metadata.generated.json;post-metadata.runtime.generated.json;content-plan.generated.json;existing-dist-unverified-build,blog,"랜덤 선택 보관 판단법, 참가자 목록 중심",src/data/content-plan.generated.json,scheduled;date=2026-06-22T01:00:00+09:00,EXISTING_ARTIFACT_NOT_FRESH,UNKNOWN,UNKNOWN,UNKNOWN,UNKNOWN,UNKNOWN,UNKNOWN,ROBOTS_RULE_ALLOW,False,False,0,UNKNOWN,UNKNOWN,UNKNOWN,REVIEW,UNKNOWN,Candidate only: source/future/stale-build/link evidence is not proof of public availability
https://spinkorea.kr/blog/random-choice-log,https://spinkorea.kr/blog/random-choice-log,post-metadata.generated.json;post-metadata.runtime.generated.json;content-plan.generated.json;existing-dist-unverified-build;LIVE_HTTP,blog,"랜덤 결과 기록 판단법, 참가자 목록 중심",src/data/content-plan.generated.json,scheduled;date=2026-05-11T09:00:00+09:00,EXISTING_ARTIFACT_NOT_FRESH,200,https://spinkorea.kr/blog/random-choice-log,[],https://spinkorea.kr/blog/random-choice-log,"noindex,follow",ABSENT,ROBOTS_RULE_ALLOW,False,False,0,LIVE_DOM_OBSERVED_THIRD_PARTIES_BLOCKED,SCRIPT_PRESENT;DISPLAY_UNKNOWN,2026-09-19T22:57:12.781312+09:00,IMPROVE,http-evidence.json,Generated route intentionally noindex/list-excluded; direct 200 is not a draft leak
https://spinkorea.kr/blog/random-choice-log#post-content,https://spinkorea.kr/blog/random-choice-log,link:https://spinkorea.kr/blog/random-choice-log,blog,UNKNOWN,UNKNOWN,UNKNOWN,UNKNOWN,UNKNOWN,UNKNOWN,UNKNOWN,UNKNOWN,UNKNOWN,UNKNOWN,ROBOTS_RULE_ALLOW,False,False,1,UNKNOWN,UNKNOWN,UNKNOWN,IMPROVE,UNKNOWN,Generated route intentionally noindex/list-excluded; direct 200 is not a draft leak
https://spinkorea.kr/blog/random-choice-log#post-related,https://spinkorea.kr/blog/random-choice-log,link:https://spinkorea.kr/blog/random-choice-log,blog,UNKNOWN,UNKNOWN,UNKNOWN,UNKNOWN,UNKNOWN,UNKNOWN,UNKNOWN,UNKNOWN,UNKNOWN,UNKNOWN,ROBOTS_RULE_ALLOW,False,False,1,UNKNOWN,UNKNOWN,UNKNOWN,IMPROVE,UNKNOWN,Generated route intentionally noindex/list-excluded; direct 200 is not a draft leak
https://spinkorea.kr/blog/random-choice-log#post-summary,https://spinkorea.kr/blog/random-choice-log,link:https://spinkorea.kr/blog/random-choice-log,blog,UNKNOWN,UNKNOWN,UNKNOWN,UNKNOWN,UNKNOWN,UNKNOWN,UNKNOWN,UNKNOWN,UNKNOWN,UNKNOWN,ROBOTS_RULE_ALLOW,False,False,1,UNKNOWN,UNKNOWN,UNKNOWN,IMPROVE,UNKNOWN,Generated route intentionally noindex/list-excluded; direct 200 is not a draft leak
https://spinkorea.kr/blog/random-choice-psychology,https://spinkorea.kr/blog/random-choice-psychology,post-metadata.generated.json;post-metadata.runtime.generated.json;existing-dist-unverified-build;LIVE_SITEMAP;LIVE_RSS;link:https://spinkorea.kr/blog;LIVE_HTTP,blog,랜덤 선택의 심리학: 왜 우리는 결정을 위임하고 싶어하는가,src/data/post-metadata.runtime.generated.json,curated;date=2025-12-15,EXISTING_ARTIFACT_NOT_FRESH,200,https://spinkorea.kr/blog/random-choice-psychology,[],https://spinkorea.kr/blog/random-choice-psychology,ABSENT,ABSENT,ROBOTS_RULE_ALLOW,True,True,1,UNKNOWN,SCRIPT_PRESENT;DISPLAY_UNKNOWN,2026-09-19T23:03:48.587351+09:00,REVIEW,http-evidence.json,HTTP observation applies to fetched URL only; fragment variants retained; deployment SHA UNKNOWN
https://spinkorea.kr/blog/random-choice-psychology#post-content,https://spinkorea.kr/blog/random-choice-psychology,link:https://spinkorea.kr/blog/random-choice-psychology,blog,UNKNOWN,UNKNOWN,UNKNOWN,UNKNOWN,UNKNOWN,UNKNOWN,UNKNOWN,UNKNOWN,UNKNOWN,UNKNOWN,ROBOTS_RULE_ALLOW,False,UNKNOWN,UNKNOWN,UNKNOWN,UNKNOWN,UNKNOWN,REVIEW,UNKNOWN,Candidate only: source/future/stale-build/link evidence is not proof of public availability
https://spinkorea.kr/blog/random-choice-psychology#post-related,https://spinkorea.kr/blog/random-choice-psychology,link:https://spinkorea.kr/blog/random-choice-psychology,blog,UNKNOWN,UNKNOWN,UNKNOWN,UNKNOWN,UNKNOWN,UNKNOWN,UNKNOWN,UNKNOWN,UNKNOWN,UNKNOWN,ROBOTS_RULE_ALLOW,False,UNKNOWN,UNKNOWN,UNKNOWN,UNKNOWN,UNKNOWN,REVIEW,UNKNOWN,Candidate only: source/future/stale-build/link evidence is not proof of public availability
https://spinkorea.kr/blog/random-choice-psychology#post-summary,https://spinkorea.kr/blog/random-choice-psychology,link:https://spinkorea.kr/blog/random-choice-psychology,blog,UNKNOWN,UNKNOWN,UNKNOWN,UNKNOWN,UNKNOWN,UNKNOWN,UNKNOWN,UNKNOWN,UNKNOWN,UNKNOWN,ROBOTS_RULE_ALLOW,False,UNKNOWN,UNKNOWN,UNKNOWN,UNKNOWN,UNKNOWN,REVIEW,UNKNOWN,Candidate only: source/future/stale-build/link evidence is not proof of public availability
https://spinkorea.kr/blog/random-choice-reason,https://spinkorea.kr/blog/random-choice-reason,post-metadata.generated.json;post-metadata.runtime.generated.json;content-plan.generated.json;existing-dist-unverified-build,blog,"랜덤 선택 이유 개선 포인트, 공정성",src/data/content-plan.generated.json,scheduled;date=2026-07-30T19:00:00+09:00,EXISTING_ARTIFACT_NOT_FRESH,UNKNOWN,UNKNOWN,UNKNOWN,UNKNOWN,UNKNOWN,UNKNOWN,ROBOTS_RULE_ALLOW,False,False,0,UNKNOWN,UNKNOWN,UNKNOWN,REVIEW,UNKNOWN,Candidate only: source/future/stale-build/link evidence is not proof of public availability
https://spinkorea.kr/blog/random-draw-disclaimer,https://spinkorea.kr/blog/random-draw-disclaimer,post-metadata.generated.json;post-metadata.runtime.generated.json;content-plan.generated.json;existing-dist-unverified-build,blog,"랜덤 추첨 고지문 비교법, 확률 설정과 중복 방지",src/data/content-plan.generated.json,scheduled;date=2026-07-28T17:00:00+09:00,EXISTING_ARTIFACT_NOT_FRESH,UNKNOWN,UNKNOWN,UNKNOWN,UNKNOWN,UNKNOWN,UNKNOWN,ROBOTS_RULE_ALLOW,False,False,0,UNKNOWN,UNKNOWN,UNKNOWN,REVIEW,UNKNOWN,Candidate only: source/future/stale-build/link evidence is not proof of public availability
https://spinkorea.kr/blog/random-mission-maker,https://spinkorea.kr/blog/random-mission-maker,post-metadata.generated.json;post-metadata.runtime.generated.json;content-plan.generated.json;existing-dist-unverified-build,blog,"랜덤 미션 만들기 빠른 정리, 확률 설정까지",src/data/content-plan.generated.json,scheduled;date=2026-05-08T21:00:00+09:00,EXISTING_ARTIFACT_NOT_FRESH,UNKNOWN,UNKNOWN,UNKNOWN,UNKNOWN,UNKNOWN,UNKNOWN,ROBOTS_RULE_ALLOW,False,False,0,UNKNOWN,UNKNOWN,UNKNOWN,REVIEW,UNKNOWN,Candidate only: source/future/stale-build/link evidence is not proof of public availability
https://spinkorea.kr/blog/random-number-audit,https://spinkorea.kr/blog/random-number-audit,post-metadata.generated.json;post-metadata.runtime.generated.json;content-plan.generated.json;existing-dist-unverified-build,blog,랜덤 번호 검증 FAQ: 공정성 답변,src/data/content-plan.generated.json,scheduled;date=2026-05-10T18:00:00+09:00,EXISTING_ARTIFACT_NOT_FRESH,UNKNOWN,UNKNOWN,UNKNOWN,UNKNOWN,UNKNOWN,UNKNOWN,ROBOTS_RULE_ALLOW,False,False,0,UNKNOWN,UNKNOWN,UNKNOWN,REVIEW,UNKNOWN,Candidate only: source/future/stale-build/link evidence is not proof of public availability
https://spinkorea.kr/blog/random-number-exclusion,https://spinkorea.kr/blog/random-number-exclusion,post-metadata.generated.json;post-metadata.runtime.generated.json;content-plan.generated.json;existing-dist-unverified-build;LIVE_SITEMAP;LIVE_RSS;link:https://spinkorea.kr/blog;LIVE_HTTP,blog,"랜덤 숫자 뽑기, 제외 번호를 먼저 정하는 순서",src/data/content-plan.generated.json,scheduled;date=2026-09-08T08:00:00+09:00,EXISTING_ARTIFACT_NOT_FRESH,200,https://spinkorea.kr/blog/random-number-exclusion,[],https://spinkorea.kr/blog/random-number-exclusion,ABSENT,ABSENT,ROBOTS_RULE_ALLOW,True,True,1,UNKNOWN,SCRIPT_PRESENT;DISPLAY_UNKNOWN,2026-09-19T23:03:49.437727+09:00,REVIEW,http-evidence.json,HTTP observation applies to fetched URL only; fragment variants retained; deployment SHA UNKNOWN
https://spinkorea.kr/blog/random-number-exclusion#post-content,https://spinkorea.kr/blog/random-number-exclusion,link:https://spinkorea.kr/blog/random-number-exclusion,blog,UNKNOWN,UNKNOWN,UNKNOWN,UNKNOWN,UNKNOWN,UNKNOWN,UNKNOWN,UNKNOWN,UNKNOWN,UNKNOWN,ROBOTS_RULE_ALLOW,False,UNKNOWN,UNKNOWN,UNKNOWN,UNKNOWN,UNKNOWN,REVIEW,UNKNOWN,Candidate only: source/future/stale-build/link evidence is not proof of public availability
https://spinkorea.kr/blog/random-number-exclusion#post-related,https://spinkorea.kr/blog/random-number-exclusion,link:https://spinkorea.kr/blog/random-number-exclusion,blog,UNKNOWN,UNKNOWN,UNKNOWN,UNKNOWN,UNKNOWN,UNKNOWN,UNKNOWN,UNKNOWN,UNKNOWN,UNKNOWN,ROBOTS_RULE_ALLOW,False,UNKNOWN,UNKNOWN,UNKNOWN,UNKNOWN,UNKNOWN,REVIEW,UNKNOWN,Candidate only: source/future/stale-build/link evidence is not proof of public availability
https://spinkorea.kr/blog/random-number-exclusion#post-summary,https://spinkorea.kr/blog/random-number-exclusion,link:https://spinkorea.kr/blog/random-number-exclusion,blog,UNKNOWN,UNKNOWN,UNKNOWN,UNKNOWN,UNKNOWN,UNKNOWN,UNKNOWN,UNKNOWN,UNKNOWN,UNKNOWN,ROBOTS_RULE_ALLOW,False,UNKNOWN,UNKNOWN,UNKNOWN,UNKNOWN,UNKNOWN,REVIEW,UNKNOWN,Candidate only: source/future/stale-build/link evidence is not proof of public availability
https://spinkorea.kr/blog/random-number-science,https://spinkorea.kr/blog/random-number-science,post-metadata.generated.json;post-metadata.runtime.generated.json;existing-dist-unverified-build;LIVE_SITEMAP;LIVE_RSS;link:https://spinkorea.kr/blog;LIVE_HTTP,blog,진짜 랜덤이란 무엇인가: 컴퓨터는 어떻게 랜덤 숫자를 만드는가,src/data/post-metadata.runtime.generated.json,curated;date=2026-04-10,EXISTING_ARTIFACT_NOT_FRESH,200,https://spinkorea.kr/blog/random-number-science,[],https://spinkorea.kr/blog/random-number-science,ABSENT,ABSENT,ROBOTS_RULE_ALLOW,True,True,1,UNKNOWN,SCRIPT_PRESENT;DISPLAY_UNKNOWN,2026-09-19T23:03:50.189454+09:00,REVIEW,http-evidence.json,HTTP observation applies to fetched URL only; fragment variants retained; deployment SHA UNKNOWN
https://spinkorea.kr/blog/random-number-science#post-content,https://spinkorea.kr/blog/random-number-science,link:https://spinkorea.kr/blog/random-number-science,blog,UNKNOWN,UNKNOWN,UNKNOWN,UNKNOWN,UNKNOWN,UNKNOWN,UNKNOWN,UNKNOWN,UNKNOWN,UNKNOWN,ROBOTS_RULE_ALLOW,False,UNKNOWN,UNKNOWN,UNKNOWN,UNKNOWN,UNKNOWN,REVIEW,UNKNOWN,Candidate only: source/future/stale-build/link evidence is not proof of public availability
https://spinkorea.kr/blog/random-number-science#post-related,https://spinkorea.kr/blog/random-number-science,link:https://spinkorea.kr/blog/random-number-science,blog,UNKNOWN,UNKNOWN,UNKNOWN,UNKNOWN,UNKNOWN,UNKNOWN,UNKNOWN,UNKNOWN,UNKNOWN,UNKNOWN,ROBOTS_RULE_ALLOW,False,UNKNOWN,UNKNOWN,UNKNOWN,UNKNOWN,UNKNOWN,REVIEW,UNKNOWN,Candidate only: source/future/stale-build/link evidence is not proof of public availability
https://spinkorea.kr/blog/random-number-science#post-summary,https://spinkorea.kr/blog/random-number-science,link:https://spinkorea.kr/blog/random-number-science,blog,UNKNOWN,UNKNOWN,UNKNOWN,UNKNOWN,UNKNOWN,UNKNOWN,UNKNOWN,UNKNOWN,UNKNOWN,UNKNOWN,ROBOTS_RULE_ALLOW,False,UNKNOWN,UNKNOWN,UNKNOWN,UNKNOWN,UNKNOWN,REVIEW,UNKNOWN,Candidate only: source/future/stale-build/link evidence is not proof of public availability
https://spinkorea.kr/blog/random-option-retire,https://spinkorea.kr/blog/random-option-retire,post-metadata.generated.json;post-metadata.runtime.generated.json;content-plan.generated.json;existing-dist-unverified-build,blog,"후보 제외 기록 실전 흐름, 중복 방지부터",src/data/content-plan.generated.json,scheduled;date=2026-08-03T03:00:00+09:00,EXISTING_ARTIFACT_NOT_FRESH,UNKNOWN,UNKNOWN,UNKNOWN,UNKNOWN,UNKNOWN,UNKNOWN,ROBOTS_RULE_ALLOW,False,False,0,UNKNOWN,UNKNOWN,UNKNOWN,REVIEW,UNKNOWN,Candidate only: source/future/stale-build/link evidence is not proof of public availability
https://spinkorea.kr/blog/random-order-script,https://spinkorea.kr/blog/random-order-script,post-metadata.generated.json;post-metadata.runtime.generated.json;content-plan.generated.json;existing-dist-unverified-build,blog,"랜덤 순서 안내문 사례별 정리, 공정성 중심",src/data/content-plan.generated.json,scheduled;date=2026-06-20T04:00:00+09:00,EXISTING_ARTIFACT_NOT_FRESH,UNKNOWN,UNKNOWN,UNKNOWN,UNKNOWN,UNKNOWN,UNKNOWN,ROBOTS_RULE_ALLOW,False,False,0,UNKNOWN,UNKNOWN,UNKNOWN,REVIEW,UNKNOWN,Candidate only: source/future/stale-build/link evidence is not proof of public availability
https://spinkorea.kr/blog/random-pair-review,https://spinkorea.kr/blog/random-pair-review,post-metadata.generated.json;post-metadata.runtime.generated.json;content-plan.generated.json;existing-dist-unverified-build,blog,"랜덤 짝 리뷰 운영법, 결과 기록 남기기",src/data/content-plan.generated.json,scheduled;date=2026-06-17T16:00:00+09:00,EXISTING_ARTIFACT_NOT_FRESH,UNKNOWN,UNKNOWN,UNKNOWN,UNKNOWN,UNKNOWN,UNKNOWN,ROBOTS_RULE_ALLOW,False,False,0,UNKNOWN,UNKNOWN,UNKNOWN,REVIEW,UNKNOWN,Candidate only: source/future/stale-build/link evidence is not proof of public availability
https://spinkorea.kr/blog/random-picker-privacy,https://spinkorea.kr/blog/random-picker-privacy,post-metadata.generated.json;post-metadata.runtime.generated.json;content-plan.generated.json;existing-dist-unverified-build,blog,"랜덤 추첨 개인정보 검토 순서, 중복 방지 활용",src/data/content-plan.generated.json,scheduled;date=2026-07-31T10:00:00+09:00,EXISTING_ARTIFACT_NOT_FRESH,UNKNOWN,UNKNOWN,UNKNOWN,UNKNOWN,UNKNOWN,UNKNOWN,ROBOTS_RULE_ALLOW,False,False,0,UNKNOWN,UNKNOWN,UNKNOWN,REVIEW,UNKNOWN,Candidate only: source/future/stale-build/link evidence is not proof of public availability
https://spinkorea.kr/blog/random-prize-mapping,https://spinkorea.kr/blog/random-prize-mapping,post-metadata.generated.json;post-metadata.runtime.generated.json;content-plan.generated.json;existing-dist-unverified-build,blog,"경품 매칭 랜덤 실행 순서, 결과 기록까지",src/data/content-plan.generated.json,scheduled;date=2026-08-01T16:00:00+09:00,EXISTING_ARTIFACT_NOT_FRESH,UNKNOWN,UNKNOWN,UNKNOWN,UNKNOWN,UNKNOWN,UNKNOWN,ROBOTS_RULE_ALLOW,False,False,0,UNKNOWN,UNKNOWN,UNKNOWN,REVIEW,UNKNOWN,Candidate only: source/future/stale-build/link evidence is not proof of public availability
https://spinkorea.kr/blog/random-question-bank,https://spinkorea.kr/blog/random-question-bank,post-metadata.generated.json;post-metadata.runtime.generated.json;content-plan.generated.json;existing-dist-unverified-build,blog,"랜덤 질문 리스트, 공정성 먼저 보기",src/data/content-plan.generated.json,scheduled;date=2026-05-09T22:00:00+09:00,EXISTING_ARTIFACT_NOT_FRESH,UNKNOWN,UNKNOWN,UNKNOWN,UNKNOWN,UNKNOWN,UNKNOWN,ROBOTS_RULE_ALLOW,False,False,0,UNKNOWN,UNKNOWN,UNKNOWN,REVIEW,UNKNOWN,Candidate only: source/future/stale-build/link evidence is not proof of public availability
https://spinkorea.kr/blog/random-role-assignment,https://spinkorea.kr/blog/random-role-assignment,post-metadata.generated.json;post-metadata.runtime.generated.json;content-plan.generated.json;existing-dist-unverified-build,blog,"역할 랜덤 배정 판단법, 참가자 목록 중심",src/data/content-plan.generated.json,scheduled;date=2026-07-29T13:00:00+09:00,EXISTING_ARTIFACT_NOT_FRESH,UNKNOWN,UNKNOWN,UNKNOWN,UNKNOWN,UNKNOWN,UNKNOWN,ROBOTS_RULE_ALLOW,False,False,0,UNKNOWN,UNKNOWN,UNKNOWN,REVIEW,UNKNOWN,Candidate only: source/future/stale-build/link evidence is not proof of public availability
https://spinkorea.kr/blog/random-rule-audit,https://spinkorea.kr/blog/random-rule-audit,post-metadata.generated.json;post-metadata.runtime.generated.json;content-plan.generated.json;existing-dist-unverified-build,blog,"랜덤 규칙 점검 순서, 중복 방지 활용",src/data/content-plan.generated.json,scheduled;date=2026-06-19T18:00:00+09:00,EXISTING_ARTIFACT_NOT_FRESH,UNKNOWN,UNKNOWN,UNKNOWN,UNKNOWN,UNKNOWN,UNKNOWN,ROBOTS_RULE_ALLOW,False,False,0,UNKNOWN,UNKNOWN,UNKNOWN,REVIEW,UNKNOWN,Candidate only: source/future/stale-build/link evidence is not proof of public availability
https://spinkorea.kr/blog/random-sample-check,https://spinkorea.kr/blog/random-sample-check,post-metadata.generated.json;post-metadata.runtime.generated.json;content-plan.generated.json;existing-dist-unverified-build,blog,무작위 표본 확인 FAQ: 공정성 답변,src/data/content-plan.generated.json,scheduled;date=2026-06-21T10:00:00+09:00,EXISTING_ARTIFACT_NOT_FRESH,UNKNOWN,UNKNOWN,UNKNOWN,UNKNOWN,UNKNOWN,UNKNOWN,ROBOTS_RULE_ALLOW,False,False,0,UNKNOWN,UNKNOWN,UNKNOWN,REVIEW,UNKNOWN,Candidate only: source/future/stale-build/link evidence is not proof of public availability
https://spinkorea.kr/blog/random-seed-explainer,https://spinkorea.kr/blog/random-seed-explainer,post-metadata.generated.json;post-metadata.runtime.generated.json;content-plan.generated.json;existing-dist-unverified-build,blog,"랜덤 시드 이해 개선 포인트, 공정성",src/data/content-plan.generated.json,scheduled;date=2026-05-12T15:00:00+09:00,EXISTING_ARTIFACT_NOT_FRESH,UNKNOWN,UNKNOWN,UNKNOWN,UNKNOWN,UNKNOWN,UNKNOWN,ROBOTS_RULE_ALLOW,False,False,0,UNKNOWN,UNKNOWN,UNKNOWN,REVIEW,UNKNOWN,Candidate only: source/future/stale-build/link evidence is not proof of public availability
https://spinkorea.kr/blog/random-sequence-proof,https://spinkorea.kr/blog/random-sequence-proof,post-metadata.generated.json;post-metadata.runtime.generated.json;content-plan.generated.json;existing-dist-unverified-build,blog,"무작위 순서 증명 실수 방지, 공정성 먼저",src/data/content-plan.generated.json,scheduled;date=2026-07-30T04:00:00+09:00,EXISTING_ARTIFACT_NOT_FRESH,UNKNOWN,UNKNOWN,UNKNOWN,UNKNOWN,UNKNOWN,UNKNOWN,ROBOTS_RULE_ALLOW,False,False,0,UNKNOWN,UNKNOWN,UNKNOWN,REVIEW,UNKNOWN,Candidate only: source/future/stale-build/link evidence is not proof of public availability
https://spinkorea.kr/blog/random-team-building,https://spinkorea.kr/blog/random-team-building,post-metadata.generated.json;post-metadata.runtime.generated.json;existing-dist-unverified-build;LIVE_SITEMAP;LIVE_RSS;link:https://spinkorea.kr/blog;LIVE_HTTP;link:https://spinkorea.kr/blog/random-team-odd-members,blog,랜덤 팀 편성의 힘: 공정하고 빠른 팀 나누기 완벽 가이드,src/data/post-metadata.runtime.generated.json,curated;date=2026-02-05,EXISTING_ARTIFACT_NOT_FRESH,200,https://spinkorea.kr/blog/random-team-building,[],https://spinkorea.kr/blog/random-team-building,ABSENT,ABSENT,ROBOTS_RULE_ALLOW,True,True,1,UNKNOWN,SCRIPT_PRESENT;DISPLAY_UNKNOWN,2026-09-19T23:03:50.932892+09:00,REVIEW,http-evidence.json,HTTP observation applies to fetched URL only; fragment variants retained; deployment SHA UNKNOWN
https://spinkorea.kr/blog/random-team-building#post-content,https://spinkorea.kr/blog/random-team-building,link:https://spinkorea.kr/blog/random-team-building,blog,UNKNOWN,UNKNOWN,UNKNOWN,UNKNOWN,UNKNOWN,UNKNOWN,UNKNOWN,UNKNOWN,UNKNOWN,UNKNOWN,ROBOTS_RULE_ALLOW,False,UNKNOWN,UNKNOWN,UNKNOWN,UNKNOWN,UNKNOWN,REVIEW,UNKNOWN,Candidate only: source/future/stale-build/link evidence is not proof of public availability
https://spinkorea.kr/blog/random-team-building#post-related,https://spinkorea.kr/blog/random-team-building,link:https://spinkorea.kr/blog/random-team-building,blog,UNKNOWN,UNKNOWN,UNKNOWN,UNKNOWN,UNKNOWN,UNKNOWN,UNKNOWN,UNKNOWN,UNKNOWN,UNKNOWN,ROBOTS_RULE_ALLOW,False,UNKNOWN,UNKNOWN,UNKNOWN,UNKNOWN,UNKNOWN,REVIEW,UNKNOWN,Candidate only: source/future/stale-build/link evidence is not proof of public availability
https://spinkorea.kr/blog/random-team-building#post-summary,https://spinkorea.kr/blog/random-team-building,link:https://spinkorea.kr/blog/random-team-building,blog,UNKNOWN,UNKNOWN,UNKNOWN,UNKNOWN,UNKNOWN,UNKNOWN,UNKNOWN,UNKNOWN,UNKNOWN,UNKNOWN,ROBOTS_RULE_ALLOW,False,UNKNOWN,UNKNOWN,UNKNOWN,UNKNOWN,UNKNOWN,REVIEW,UNKNOWN,Candidate only: source/future/stale-build/link evidence is not proof of public availability
https://spinkorea.kr/blog/random-team-odd-members,https://spinkorea.kr/blog/random-team-odd-members,post-metadata.generated.json;post-metadata.runtime.generated.json;content-plan.generated.json;existing-dist-unverified-build;LIVE_SITEMAP;LIVE_RSS;link:https://spinkorea.kr/blog;LIVE_HTTP,blog,"홀수 인원 랜덤 팀 나누기, 한 명 차이를 공정하게 설명하기",src/data/content-plan.generated.json,scheduled;date=2026-09-12T08:00:00+09:00,EXISTING_ARTIFACT_NOT_FRESH,200,https://spinkorea.kr/blog/random-team-odd-members,[],https://spinkorea.kr/blog/random-team-odd-members,ABSENT,ABSENT,ROBOTS_RULE_ALLOW,True,True,1,UNKNOWN,SCRIPT_PRESENT;DISPLAY_UNKNOWN,2026-09-19T23:03:51.663983+09:00,REVIEW,http-evidence.json,HTTP observation applies to fetched URL only; fragment variants retained; deployment SHA UNKNOWN
https://spinkorea.kr/blog/random-team-odd-members#post-content,https://spinkorea.kr/blog/random-team-odd-members,link:https://spinkorea.kr/blog/random-team-odd-members,blog,UNKNOWN,UNKNOWN,UNKNOWN,UNKNOWN,UNKNOWN,UNKNOWN,UNKNOWN,UNKNOWN,UNKNOWN,UNKNOWN,ROBOTS_RULE_ALLOW,False,UNKNOWN,UNKNOWN,UNKNOWN,UNKNOWN,UNKNOWN,REVIEW,UNKNOWN,Candidate only: source/future/stale-build/link evidence is not proof of public availability
https://spinkorea.kr/blog/random-team-odd-members#post-related,https://spinkorea.kr/blog/random-team-odd-members,link:https://spinkorea.kr/blog/random-team-odd-members,blog,UNKNOWN,UNKNOWN,UNKNOWN,UNKNOWN,UNKNOWN,UNKNOWN,UNKNOWN,UNKNOWN,UNKNOWN,UNKNOWN,ROBOTS_RULE_ALLOW,False,UNKNOWN,UNKNOWN,UNKNOWN,UNKNOWN,UNKNOWN,REVIEW,UNKNOWN,Candidate only: source/future/stale-build/link evidence is not proof of public availability
https://spinkorea.kr/blog/random-team-odd-members#post-summary,https://spinkorea.kr/blog/random-team-odd-members,link:https://spinkorea.kr/blog/random-team-odd-members,blog,UNKNOWN,UNKNOWN,UNKNOWN,UNKNOWN,UNKNOWN,UNKNOWN,UNKNOWN,UNKNOWN,UNKNOWN,UNKNOWN,ROBOTS_RULE_ALLOW,False,UNKNOWN,UNKNOWN,UNKNOWN,UNKNOWN,UNKNOWN,REVIEW,UNKNOWN,Candidate only: source/future/stale-build/link evidence is not proof of public availability
https://spinkorea.kr/blog/random-topic-refresh,https://spinkorea.kr/blog/random-topic-refresh,post-metadata.generated.json;post-metadata.runtime.generated.json;content-plan.generated.json;existing-dist-unverified-build,blog,"랜덤 주제 갱신 개선 포인트, 공정성",src/data/content-plan.generated.json,scheduled;date=2026-06-19T03:00:00+09:00,EXISTING_ARTIFACT_NOT_FRESH,UNKNOWN,UNKNOWN,UNKNOWN,UNKNOWN,UNKNOWN,UNKNOWN,ROBOTS_RULE_ALLOW,False,False,0,UNKNOWN,UNKNOWN,UNKNOWN,REVIEW,UNKNOWN,Candidate only: source/future/stale-build/link evidence is not proof of public availability
https://spinkorea.kr/blog/random-vote-tiebreaker,https://spinkorea.kr/blog/random-vote-tiebreaker,post-metadata.generated.json;post-metadata.runtime.generated.json;content-plan.generated.json;existing-dist-unverified-build,blog,"동률 투표 랜덤 결정 적용 순서, 결과 기록 확인",src/data/content-plan.generated.json,scheduled;date=2026-05-12T05:00:00+09:00,EXISTING_ARTIFACT_NOT_FRESH,UNKNOWN,UNKNOWN,UNKNOWN,UNKNOWN,UNKNOWN,UNKNOWN,ROBOTS_RULE_ALLOW,False,False,0,UNKNOWN,UNKNOWN,UNKNOWN,REVIEW,UNKNOWN,Candidate only: source/future/stale-build/link evidence is not proof of public availability
https://spinkorea.kr/blog/random-winner-label,https://spinkorea.kr/blog/random-winner-label,post-metadata.generated.json;post-metadata.runtime.generated.json;content-plan.generated.json;existing-dist-unverified-build,blog,"당첨자 라벨 정리 판단법, 참가자 목록 중심",src/data/content-plan.generated.json,scheduled;date=2026-08-02T17:00:00+09:00,EXISTING_ARTIFACT_NOT_FRESH,UNKNOWN,UNKNOWN,UNKNOWN,UNKNOWN,UNKNOWN,UNKNOWN,ROBOTS_RULE_ALLOW,False,False,0,UNKNOWN,UNKNOWN,UNKNOWN,REVIEW,UNKNOWN,Candidate only: source/future/stale-build/link evidence is not proof of public availability
https://spinkorea.kr/blog/reader-question-bank,https://spinkorea.kr/blog/reader-question-bank,post-metadata.generated.json;post-metadata.runtime.generated.json;content-plan.generated.json;existing-dist-unverified-build,blog,"독자 질문 모음 발행 전 검토, 순서",src/data/content-plan.generated.json,scheduled;date=2026-05-26T09:00:00+09:00,EXISTING_ARTIFACT_NOT_FRESH,UNKNOWN,UNKNOWN,UNKNOWN,UNKNOWN,UNKNOWN,UNKNOWN,ROBOTS_RULE_ALLOW,False,False,0,UNKNOWN,UNKNOWN,UNKNOWN,REVIEW,UNKNOWN,Candidate only: source/future/stale-build/link evidence is not proof of public availability
https://spinkorea.kr/blog/recipe-cup-ml-conversion,https://spinkorea.kr/blog/recipe-cup-ml-conversion,post-metadata.generated.json;post-metadata.runtime.generated.json;content-plan.generated.json,blog,컵을 mL로 바꿀 때 200mL와 240mL를 먼저 구분하는 법,src/data/content-plan.generated.json,scheduled;date=2026-10-22T08:00:00+09:00,UNKNOWN,UNKNOWN,UNKNOWN,UNKNOWN,UNKNOWN,UNKNOWN,UNKNOWN,ROBOTS_RULE_ALLOW,False,False,0,UNKNOWN,UNKNOWN,UNKNOWN,REVIEW,UNKNOWN,Candidate only: source/future/stale-build/link evidence is not proof of public availability
https://spinkorea.kr/blog/recovery-day-plan,https://spinkorea.kr/blog/recovery-day-plan,post-metadata.generated.json;post-metadata.runtime.generated.json;content-plan.generated.json;existing-dist-unverified-build,blog,"회복일 계획 개선 포인트, 루틴 설계",src/data/content-plan.generated.json,scheduled;date=2026-07-22T11:00:00+09:00,EXISTING_ARTIFACT_NOT_FRESH,UNKNOWN,UNKNOWN,UNKNOWN,UNKNOWN,UNKNOWN,UNKNOWN,ROBOTS_RULE_ALLOW,False,False,0,UNKNOWN,UNKNOWN,UNKNOWN,REVIEW,UNKNOWN,Candidate only: source/future/stale-build/link evidence is not proof of public availability
https://spinkorea.kr/blog/recovery-priority-list,https://spinkorea.kr/blog/recovery-priority-list,post-metadata.generated.json;post-metadata.runtime.generated.json;content-plan.generated.json;existing-dist-unverified-build,blog,"회복 우선순위 비교법, 생활 적용과 기록 습관",src/data/content-plan.generated.json,scheduled;date=2026-08-31T01:00:00+09:00,EXISTING_ARTIFACT_NOT_FRESH,UNKNOWN,UNKNOWN,UNKNOWN,UNKNOWN,UNKNOWN,UNKNOWN,ROBOTS_RULE_ALLOW,False,False,0,UNKNOWN,UNKNOWN,UNKNOWN,REVIEW,UNKNOWN,Candidate only: source/future/stale-build/link evidence is not proof of public availability
https://spinkorea.kr/blog/redirect-loop-check,https://spinkorea.kr/blog/redirect-loop-check,post-metadata.generated.json;post-metadata.runtime.generated.json;content-plan.generated.json;existing-dist-unverified-build,blog,"리다이렉트 루프 사례별 정리, 검증 절차 중심",src/data/content-plan.generated.json,scheduled;date=2026-07-11T00:00:00+09:00,EXISTING_ARTIFACT_NOT_FRESH,UNKNOWN,UNKNOWN,UNKNOWN,UNKNOWN,UNKNOWN,UNKNOWN,ROBOTS_RULE_ALLOW,False,False,0,UNKNOWN,UNKNOWN,UNKNOWN,REVIEW,UNKNOWN,Candidate only: source/future/stale-build/link evidence is not proof of public availability
https://spinkorea.kr/blog/regex-test-note,https://spinkorea.kr/blog/regex-test-note,post-metadata.generated.json;post-metadata.runtime.generated.json;content-plan.generated.json;existing-dist-unverified-build,blog,"정규식 테스트 기준 적용 순서, 배포 전 점검 확인",src/data/content-plan.generated.json,scheduled;date=2026-05-28T21:00:00+09:00,EXISTING_ARTIFACT_NOT_FRESH,UNKNOWN,UNKNOWN,UNKNOWN,UNKNOWN,UNKNOWN,UNKNOWN,ROBOTS_RULE_ALLOW,False,False,0,UNKNOWN,UNKNOWN,UNKNOWN,REVIEW,UNKNOWN,Candidate only: source/future/stale-build/link evidence is not proof of public availability
https://spinkorea.kr/blog/release-note-impact,https://spinkorea.kr/blog/release-note-impact,post-metadata.generated.json;post-metadata.runtime.generated.json;content-plan.generated.json;existing-dist-unverified-build,blog,"릴리즈 영향 문장 선택법, 공유 전 확인과 문서 기준",src/data/content-plan.generated.json,scheduled;date=2026-08-12T12:00:00+09:00,EXISTING_ARTIFACT_NOT_FRESH,UNKNOWN,UNKNOWN,UNKNOWN,UNKNOWN,UNKNOWN,UNKNOWN,ROBOTS_RULE_ALLOW,False,False,0,UNKNOWN,UNKNOWN,UNKNOWN,REVIEW,UNKNOWN,Candidate only: source/future/stale-build/link evidence is not proof of public availability
https://spinkorea.kr/blog/release-note-summary,https://spinkorea.kr/blog/release-note-summary,post-metadata.generated.json;post-metadata.runtime.generated.json;content-plan.generated.json;existing-dist-unverified-build,blog,"릴리즈 노트 요약, 문서 기준 먼저 보기",src/data/content-plan.generated.json,scheduled;date=2026-07-03T02:00:00+09:00,EXISTING_ARTIFACT_NOT_FRESH,UNKNOWN,UNKNOWN,UNKNOWN,UNKNOWN,UNKNOWN,UNKNOWN,ROBOTS_RULE_ALLOW,False,False,0,UNKNOWN,UNKNOWN,UNKNOWN,REVIEW,UNKNOWN,Candidate only: source/future/stale-build/link evidence is not proof of public availability
https://spinkorea.kr/blog/remote-work-checkin,https://spinkorea.kr/blog/remote-work-checkin,post-metadata.generated.json;post-metadata.runtime.generated.json;content-plan.generated.json;existing-dist-unverified-build,blog,"원격근무 체크인, 회의 운영 전에 볼 점",src/data/content-plan.generated.json,scheduled;date=2026-06-04T23:00:00+09:00,EXISTING_ARTIFACT_NOT_FRESH,UNKNOWN,UNKNOWN,UNKNOWN,UNKNOWN,UNKNOWN,UNKNOWN,ROBOTS_RULE_ALLOW,False,False,0,UNKNOWN,UNKNOWN,UNKNOWN,REVIEW,UNKNOWN,Candidate only: source/future/stale-build/link evidence is not proof of public availability
https://spinkorea.kr/blog/rent-share-rule,https://spinkorea.kr/blog/rent-share-rule,post-metadata.generated.json;post-metadata.runtime.generated.json;content-plan.generated.json;existing-dist-unverified-build,blog,"공동비 분담 기준 운영법, 생활 적용 남기기",src/data/content-plan.generated.json,scheduled;date=2026-05-19T12:00:00+09:00,EXISTING_ARTIFACT_NOT_FRESH,UNKNOWN,UNKNOWN,UNKNOWN,UNKNOWN,UNKNOWN,UNKNOWN,ROBOTS_RULE_ALLOW,False,False,0,UNKNOWN,UNKNOWN,UNKNOWN,REVIEW,UNKNOWN,Candidate only: source/future/stale-build/link evidence is not proof of public availability
https://spinkorea.kr/blog/repair-receipt-folder,https://spinkorea.kr/blog/repair-receipt-folder,post-metadata.generated.json;post-metadata.runtime.generated.json;content-plan.generated.json;existing-dist-unverified-build,blog,"수리 영수증 정리 실전 흐름, 입력값 확인부터",src/data/content-plan.generated.json,scheduled;date=2026-08-07T07:00:00+09:00,EXISTING_ARTIFACT_NOT_FRESH,UNKNOWN,UNKNOWN,UNKNOWN,UNKNOWN,UNKNOWN,UNKNOWN,ROBOTS_RULE_ALLOW,False,False,0,UNKNOWN,UNKNOWN,UNKNOWN,REVIEW,UNKNOWN,Candidate only: source/future/stale-build/link evidence is not proof of public availability
https://spinkorea.kr/blog/repeat-task-automation,https://spinkorea.kr/blog/repeat-task-automation,post-metadata.generated.json;post-metadata.runtime.generated.json;content-plan.generated.json;existing-dist-unverified-build,blog,"반복 업무 자동화 발행 전 검토, 회의 운영",src/data/content-plan.generated.json,scheduled;date=2026-06-07T21:00:00+09:00,EXISTING_ARTIFACT_NOT_FRESH,UNKNOWN,UNKNOWN,UNKNOWN,UNKNOWN,UNKNOWN,UNKNOWN,ROBOTS_RULE_ALLOW,False,False,0,UNKNOWN,UNKNOWN,UNKNOWN,REVIEW,UNKNOWN,Candidate only: source/future/stale-build/link evidence is not proof of public availability
https://spinkorea.kr/blog/reservation-deposit-note,https://spinkorea.kr/blog/reservation-deposit-note,post-metadata.generated.json;post-metadata.runtime.generated.json;content-plan.generated.json;existing-dist-unverified-build,blog,"예약금 기록 발행 전 검토, 결과 해석",src/data/content-plan.generated.json,scheduled;date=2026-06-28T17:00:00+09:00,EXISTING_ARTIFACT_NOT_FRESH,UNKNOWN,UNKNOWN,UNKNOWN,UNKNOWN,UNKNOWN,UNKNOWN,ROBOTS_RULE_ALLOW,False,False,0,UNKNOWN,UNKNOWN,UNKNOWN,REVIEW,UNKNOWN,Candidate only: source/future/stale-build/link evidence is not proof of public availability
https://spinkorea.kr/blog/rest-day-permission,https://spinkorea.kr/blog/rest-day-permission,post-metadata.generated.json;post-metadata.runtime.generated.json;content-plan.generated.json;existing-dist-unverified-build,blog,"쉬는 날 허용 기준 선택법, 자가 점검과 루틴 설계",src/data/content-plan.generated.json,scheduled;date=2026-09-02T08:00:00+09:00,EXISTING_ARTIFACT_NOT_FRESH,UNKNOWN,UNKNOWN,UNKNOWN,UNKNOWN,UNKNOWN,UNKNOWN,ROBOTS_RULE_ALLOW,False,False,0,UNKNOWN,UNKNOWN,UNKNOWN,REVIEW,UNKNOWN,Candidate only: source/future/stale-build/link evidence is not proof of public availability
https://spinkorea.kr/blog/retrospective-question,https://spinkorea.kr/blog/retrospective-question,post-metadata.generated.json;post-metadata.runtime.generated.json;content-plan.generated.json;existing-dist-unverified-build,blog,"회고 질문 리스트 실수 방지, 우선순위 먼저",src/data/content-plan.generated.json,scheduled;date=2026-06-06T00:00:00+09:00,EXISTING_ARTIFACT_NOT_FRESH,UNKNOWN,UNKNOWN,UNKNOWN,UNKNOWN,UNKNOWN,UNKNOWN,ROBOTS_RULE_ALLOW,False,False,0,UNKNOWN,UNKNOWN,UNKNOWN,REVIEW,UNKNOWN,Candidate only: source/future/stale-build/link evidence is not proof of public availability
https://spinkorea.kr/blog/return-deadline-note,https://spinkorea.kr/blog/return-deadline-note,post-metadata.generated.json;post-metadata.runtime.generated.json;content-plan.generated.json;existing-dist-unverified-build,blog,"반품 기한 계산 실행 순서, 생활 적용까지",src/data/content-plan.generated.json,scheduled;date=2026-05-18T16:00:00+09:00,EXISTING_ARTIFACT_NOT_FRESH,UNKNOWN,UNKNOWN,UNKNOWN,UNKNOWN,UNKNOWN,UNKNOWN,ROBOTS_RULE_ALLOW,False,False,0,UNKNOWN,UNKNOWN,UNKNOWN,REVIEW,UNKNOWN,Candidate only: source/future/stale-build/link evidence is not proof of public availability
https://spinkorea.kr/blog/return-shipping-cost,https://spinkorea.kr/blog/return-shipping-cost,post-metadata.generated.json;post-metadata.runtime.generated.json;content-plan.generated.json;existing-dist-unverified-build,blog,"반품 배송비 계산 선택법, 생활 적용과 입력값 확인",src/data/content-plan.generated.json,scheduled;date=2026-06-27T16:00:00+09:00,EXISTING_ARTIFACT_NOT_FRESH,UNKNOWN,UNKNOWN,UNKNOWN,UNKNOWN,UNKNOWN,UNKNOWN,ROBOTS_RULE_ALLOW,False,False,0,UNKNOWN,UNKNOWN,UNKNOWN,REVIEW,UNKNOWN,Candidate only: source/future/stale-build/link evidence is not proof of public availability
https://spinkorea.kr/blog/reverse-discount-rounding,https://spinkorea.kr/blog/reverse-discount-rounding,post-metadata.generated.json;post-metadata.runtime.generated.json;content-plan.generated.json,blog,할인된 가격에서 원가를 역산할 때 반올림이 달라지는 이유,src/data/content-plan.generated.json,scheduled;date=2026-10-26T08:00:00+09:00,UNKNOWN,UNKNOWN,UNKNOWN,UNKNOWN,UNKNOWN,UNKNOWN,UNKNOWN,ROBOTS_RULE_ALLOW,False,False,0,UNKNOWN,UNKNOWN,UNKNOWN,REVIEW,UNKNOWN,Candidate only: source/future/stale-build/link evidence is not proof of public availability
https://spinkorea.kr/blog/review-batch-size,https://spinkorea.kr/blog/review-batch-size,post-metadata.generated.json;post-metadata.runtime.generated.json;content-plan.generated.json;existing-dist-unverified-build,blog,"검토 묶음 크기 실행 순서, 결과 기록까지",src/data/content-plan.generated.json,scheduled;date=2026-08-22T12:00:00+09:00,EXISTING_ARTIFACT_NOT_FRESH,UNKNOWN,UNKNOWN,UNKNOWN,UNKNOWN,UNKNOWN,UNKNOWN,ROBOTS_RULE_ALLOW,False,False,0,UNKNOWN,UNKNOWN,UNKNOWN,REVIEW,UNKNOWN,Candidate only: source/future/stale-build/link evidence is not proof of public availability
https://spinkorea.kr/blog/review-checkpoint,https://spinkorea.kr/blog/review-checkpoint,post-metadata.generated.json;post-metadata.runtime.generated.json;content-plan.generated.json;existing-dist-unverified-build,blog,"검토 체크포인트 운영 체크, 집중 시간 반영",src/data/content-plan.generated.json,scheduled;date=2026-06-07T11:00:00+09:00,EXISTING_ARTIFACT_NOT_FRESH,UNKNOWN,UNKNOWN,UNKNOWN,UNKNOWN,UNKNOWN,UNKNOWN,ROBOTS_RULE_ALLOW,False,False,0,UNKNOWN,UNKNOWN,UNKNOWN,REVIEW,UNKNOWN,Candidate only: source/future/stale-build/link evidence is not proof of public availability
https://spinkorea.kr/blog/review-checkpoint-list,https://spinkorea.kr/blog/review-checkpoint-list,post-metadata.generated.json;post-metadata.runtime.generated.json;content-plan.generated.json;existing-dist-unverified-build,blog,"검토 체크포인트, 회의 운영 전에 볼 점",src/data/content-plan.generated.json,scheduled;date=2026-08-27T07:00:00+09:00,EXISTING_ARTIFACT_NOT_FRESH,UNKNOWN,UNKNOWN,UNKNOWN,UNKNOWN,UNKNOWN,UNKNOWN,ROBOTS_RULE_ALLOW,False,False,0,UNKNOWN,UNKNOWN,UNKNOWN,REVIEW,UNKNOWN,Candidate only: source/future/stale-build/link evidence is not proof of public availability
https://spinkorea.kr/blog/review-owner-map,https://spinkorea.kr/blog/review-owner-map,post-metadata.generated.json;post-metadata.runtime.generated.json;content-plan.generated.json;existing-dist-unverified-build,blog,"검토 담당자 표시 상황별 표, 결과 기록",src/data/content-plan.generated.json,scheduled;date=2026-07-13T02:00:00+09:00,EXISTING_ARTIFACT_NOT_FRESH,UNKNOWN,UNKNOWN,UNKNOWN,UNKNOWN,UNKNOWN,UNKNOWN,ROBOTS_RULE_ALLOW,False,False,0,UNKNOWN,UNKNOWN,UNKNOWN,REVIEW,UNKNOWN,Candidate only: source/future/stale-build/link evidence is not proof of public availability
https://spinkorea.kr/blog/review-response-template,https://spinkorea.kr/blog/review-response-template,post-metadata.generated.json;post-metadata.runtime.generated.json;content-plan.generated.json;existing-dist-unverified-build,blog,"리뷰 답변 템플릿 실수 방지, 문서 기준 먼저",src/data/content-plan.generated.json,scheduled;date=2026-07-01T00:00:00+09:00,EXISTING_ARTIFACT_NOT_FRESH,UNKNOWN,UNKNOWN,UNKNOWN,UNKNOWN,UNKNOWN,UNKNOWN,ROBOTS_RULE_ALLOW,False,False,0,UNKNOWN,UNKNOWN,UNKNOWN,REVIEW,UNKNOWN,Candidate only: source/future/stale-build/link evidence is not proof of public availability
https://spinkorea.kr/blog/revision-limit-policy,https://spinkorea.kr/blog/revision-limit-policy,post-metadata.generated.json;post-metadata.runtime.generated.json;content-plan.generated.json;existing-dist-unverified-build,blog,"수정 횟수 제한 상황별 표, 결과 기록",src/data/content-plan.generated.json,scheduled;date=2026-08-23T18:00:00+09:00,EXISTING_ARTIFACT_NOT_FRESH,UNKNOWN,UNKNOWN,UNKNOWN,UNKNOWN,UNKNOWN,UNKNOWN,ROBOTS_RULE_ALLOW,False,False,0,UNKNOWN,UNKNOWN,UNKNOWN,REVIEW,UNKNOWN,Candidate only: source/future/stale-build/link evidence is not proof of public availability
https://spinkorea.kr/blog/robots-ai-bot-rule,https://spinkorea.kr/blog/robots-ai-bot-rule,post-metadata.generated.json;post-metadata.runtime.generated.json;content-plan.generated.json;existing-dist-unverified-build,blog,"AI 봇 robots 규칙, 검증 절차 먼저 보기",src/data/content-plan.generated.json,scheduled;date=2026-07-07T06:00:00+09:00,EXISTING_ARTIFACT_NOT_FRESH,UNKNOWN,UNKNOWN,UNKNOWN,UNKNOWN,UNKNOWN,UNKNOWN,ROBOTS_RULE_ALLOW,False,False,0,UNKNOWN,UNKNOWN,UNKNOWN,REVIEW,UNKNOWN,Candidate only: source/future/stale-build/link evidence is not proof of public availability
https://spinkorea.kr/blog/robots-crawler-policy,https://spinkorea.kr/blog/robots-crawler-policy,post-metadata.generated.json;post-metadata.runtime.generated.json;content-plan.generated.json;existing-dist-unverified-build,blog,"크롤러 robots 정책 실행 순서, 배포 전 점검까지",src/data/content-plan.generated.json,scheduled;date=2026-08-18T08:00:00+09:00,EXISTING_ARTIFACT_NOT_FRESH,UNKNOWN,UNKNOWN,UNKNOWN,UNKNOWN,UNKNOWN,UNKNOWN,ROBOTS_RULE_ALLOW,False,False,0,UNKNOWN,UNKNOWN,UNKNOWN,REVIEW,UNKNOWN,Candidate only: source/future/stale-build/link evidence is not proof of public availability
https://spinkorea.kr/blog/robots-rule-review,https://spinkorea.kr/blog/robots-rule-review,post-metadata.generated.json;post-metadata.runtime.generated.json;content-plan.generated.json;existing-dist-unverified-build,blog,"robots.txt 규칙, 자동화 전에 볼 점",src/data/content-plan.generated.json,scheduled;date=2026-05-27T15:00:00+09:00,EXISTING_ARTIFACT_NOT_FRESH,UNKNOWN,UNKNOWN,UNKNOWN,UNKNOWN,UNKNOWN,UNKNOWN,ROBOTS_RULE_ALLOW,False,False,0,UNKNOWN,UNKNOWN,UNKNOWN,REVIEW,UNKNOWN,Candidate only: source/future/stale-build/link evidence is not proof of public availability
https://spinkorea.kr/blog/route-html-prerender,https://spinkorea.kr/blog/route-html-prerender,post-metadata.generated.json;post-metadata.runtime.generated.json;content-plan.generated.json;existing-dist-unverified-build,blog,"라우트 HTML 프리렌더 초보 흐름, 보안 확인 중심",src/data/content-plan.generated.json,scheduled;date=2026-08-16T06:00:00+09:00,EXISTING_ARTIFACT_NOT_FRESH,UNKNOWN,UNKNOWN,UNKNOWN,UNKNOWN,UNKNOWN,UNKNOWN,ROBOTS_RULE_ALLOW,False,False,0,UNKNOWN,UNKNOWN,UNKNOWN,REVIEW,UNKNOWN,Candidate only: source/future/stale-build/link evidence is not proof of public availability
https://spinkorea.kr/blog/routine-reset-day,https://spinkorea.kr/blog/routine-reset-day,post-metadata.generated.json;post-metadata.runtime.generated.json;content-plan.generated.json;existing-dist-unverified-build,blog,"루틴 재정비 날, 회의 운영 전에 볼 점",src/data/content-plan.generated.json,scheduled;date=2026-07-16T15:00:00+09:00,EXISTING_ARTIFACT_NOT_FRESH,UNKNOWN,UNKNOWN,UNKNOWN,UNKNOWN,UNKNOWN,UNKNOWN,ROBOTS_RULE_ALLOW,False,False,0,UNKNOWN,UNKNOWN,UNKNOWN,REVIEW,UNKNOWN,Candidate only: source/future/stale-build/link evidence is not proof of public availability
https://spinkorea.kr/blog/routine-trigger-design,https://spinkorea.kr/blog/routine-trigger-design,post-metadata.generated.json;post-metadata.runtime.generated.json;content-plan.generated.json;existing-dist-unverified-build,blog,"루틴 트리거 설계 상황별 표, 결과 기록",src/data/content-plan.generated.json,scheduled;date=2026-06-05T14:00:00+09:00,EXISTING_ARTIFACT_NOT_FRESH,UNKNOWN,UNKNOWN,UNKNOWN,UNKNOWN,UNKNOWN,UNKNOWN,ROBOTS_RULE_ALLOW,False,False,0,UNKNOWN,UNKNOWN,UNKNOWN,REVIEW,UNKNOWN,Candidate only: source/future/stale-build/link evidence is not proof of public availability
https://spinkorea.kr/blog/rss-build-date,https://spinkorea.kr/blog/rss-build-date,post-metadata.generated.json;post-metadata.runtime.generated.json;content-plan.generated.json;existing-dist-unverified-build,blog,"RSS 빌드 날짜 개선 포인트, 검증 절차",src/data/content-plan.generated.json,scheduled;date=2026-08-16T11:00:00+09:00,EXISTING_ARTIFACT_NOT_FRESH,UNKNOWN,UNKNOWN,UNKNOWN,UNKNOWN,UNKNOWN,UNKNOWN,ROBOTS_RULE_ALLOW,False,False,0,UNKNOWN,UNKNOWN,UNKNOWN,REVIEW,UNKNOWN,Candidate only: source/future/stale-build/link evidence is not proof of public availability
https://spinkorea.kr/blog/rss-feed-check,https://spinkorea.kr/blog/rss-feed-check,post-metadata.generated.json;post-metadata.runtime.generated.json;content-plan.generated.json;existing-dist-unverified-build,blog,"RSS 피드 확인, 검증 절차 먼저 보기",src/data/content-plan.generated.json,scheduled;date=2026-05-30T18:00:00+09:00,EXISTING_ARTIFACT_NOT_FRESH,UNKNOWN,UNKNOWN,UNKNOWN,UNKNOWN,UNKNOWN,UNKNOWN,ROBOTS_RULE_ALLOW,False,False,0,UNKNOWN,UNKNOWN,UNKNOWN,REVIEW,UNKNOWN,Candidate only: source/future/stale-build/link evidence is not proof of public availability
https://spinkorea.kr/blog/rss-item-count,https://spinkorea.kr/blog/rss-item-count,post-metadata.generated.json;post-metadata.runtime.generated.json;content-plan.generated.json;existing-dist-unverified-build,blog,"RSS 글 수 점검 상황별 표, 검증 절차",src/data/content-plan.generated.json,scheduled;date=2026-07-08T22:00:00+09:00,EXISTING_ARTIFACT_NOT_FRESH,UNKNOWN,UNKNOWN,UNKNOWN,UNKNOWN,UNKNOWN,UNKNOWN,ROBOTS_RULE_ALLOW,False,False,0,UNKNOWN,UNKNOWN,UNKNOWN,REVIEW,UNKNOWN,Candidate only: source/future/stale-build/link evidence is not proof of public availability
https://spinkorea.kr/blog/rss-portal-sync,https://spinkorea.kr/blog/rss-portal-sync,post-metadata.generated.json;post-metadata.runtime.generated.json;content-plan.generated.json;existing-dist-unverified-build,blog,"RSS 포털 동기화, 검색 의도 먼저 보기",src/data/content-plan.generated.json,scheduled;date=2026-09-03T14:00:00+09:00,EXISTING_ARTIFACT_NOT_FRESH,UNKNOWN,UNKNOWN,UNKNOWN,UNKNOWN,UNKNOWN,UNKNOWN,ROBOTS_RULE_ALLOW,False,False,0,UNKNOWN,UNKNOWN,UNKNOWN,REVIEW,UNKNOWN,Candidate only: source/future/stale-build/link evidence is not proof of public availability
https://spinkorea.kr/blog/rss-submit-check,https://spinkorea.kr/blog/rss-submit-check,post-metadata.generated.json;post-metadata.runtime.generated.json;content-plan.generated.json;existing-dist-unverified-build,blog,"RSS 제출 확인, 사이트맵 전에 볼 점",src/data/content-plan.generated.json,scheduled;date=2026-06-13T07:00:00+09:00,EXISTING_ARTIFACT_NOT_FRESH,UNKNOWN,UNKNOWN,UNKNOWN,UNKNOWN,UNKNOWN,UNKNOWN,ROBOTS_RULE_ALLOW,False,False,0,UNKNOWN,UNKNOWN,UNKNOWN,REVIEW,UNKNOWN,Candidate only: source/future/stale-build/link evidence is not proof of public availability
https://spinkorea.kr/blog/salary-net-estimate,https://spinkorea.kr/blog/salary-net-estimate,post-metadata.generated.json;post-metadata.runtime.generated.json;content-plan.generated.json;existing-dist-unverified-build,blog,"실수령액 추정 기준, 결과 해석 전에 볼 점",src/data/content-plan.generated.json,scheduled;date=2026-05-15T03:00:00+09:00,EXISTING_ARTIFACT_NOT_FRESH,UNKNOWN,UNKNOWN,UNKNOWN,UNKNOWN,UNKNOWN,UNKNOWN,ROBOTS_RULE_ALLOW,False,False,0,UNKNOWN,UNKNOWN,UNKNOWN,REVIEW,UNKNOWN,Candidate only: source/future/stale-build/link evidence is not proof of public availability
https://spinkorea.kr/blog/schedule-buffer-check,https://spinkorea.kr/blog/schedule-buffer-check,post-metadata.generated.json;post-metadata.runtime.generated.json;content-plan.generated.json;existing-dist-unverified-build,blog,"일정 버퍼 점검 운영법, 생활 적용 남기기",src/data/content-plan.generated.json,scheduled;date=2026-08-06T16:00:00+09:00,EXISTING_ARTIFACT_NOT_FRESH,UNKNOWN,UNKNOWN,UNKNOWN,UNKNOWN,UNKNOWN,UNKNOWN,ROBOTS_RULE_ALLOW,False,False,0,UNKNOWN,UNKNOWN,UNKNOWN,REVIEW,UNKNOWN,Candidate only: source/future/stale-build/link evidence is not proof of public availability
https://spinkorea.kr/blog/scheduled-post-indexing,https://spinkorea.kr/blog/scheduled-post-indexing,post-metadata.generated.json;post-metadata.runtime.generated.json;content-plan.generated.json;existing-dist-unverified-build,blog,"예약글 색인 흐름 사례별 정리, 검색 의도 중심",src/data/content-plan.generated.json,scheduled;date=2026-09-03T04:00:00+09:00,EXISTING_ARTIFACT_NOT_FRESH,UNKNOWN,UNKNOWN,UNKNOWN,UNKNOWN,UNKNOWN,UNKNOWN,ROBOTS_RULE_ALLOW,False,False,0,UNKNOWN,UNKNOWN,UNKNOWN,REVIEW,UNKNOWN,Candidate only: source/future/stale-build/link evidence is not proof of public availability
https://spinkorea.kr/blog/school-deadline-board,https://spinkorea.kr/blog/school-deadline-board,post-metadata.generated.json;post-metadata.runtime.generated.json;content-plan.generated.json;existing-dist-unverified-build,blog,"학교 마감 보드 운영 체크, 실수 방지 반영",src/data/content-plan.generated.json,scheduled;date=2026-08-04T19:00:00+09:00,EXISTING_ARTIFACT_NOT_FRESH,UNKNOWN,UNKNOWN,UNKNOWN,UNKNOWN,UNKNOWN,UNKNOWN,ROBOTS_RULE_ALLOW,False,False,0,UNKNOWN,UNKNOWN,UNKNOWN,REVIEW,UNKNOWN,Candidate only: source/future/stale-build/link evidence is not proof of public availability
https://spinkorea.kr/blog/school-supply-budget,https://spinkorea.kr/blog/school-supply-budget,post-metadata.generated.json;post-metadata.runtime.generated.json;content-plan.generated.json;existing-dist-unverified-build,blog,"준비물 예산 정리 빠른 정리, 실수 방지까지",src/data/content-plan.generated.json,scheduled;date=2026-05-17T05:00:00+09:00,EXISTING_ARTIFACT_NOT_FRESH,UNKNOWN,UNKNOWN,UNKNOWN,UNKNOWN,UNKNOWN,UNKNOWN,ROBOTS_RULE_ALLOW,False,False,0,UNKNOWN,UNKNOWN,UNKNOWN,REVIEW,UNKNOWN,Candidate only: source/future/stale-build/link evidence is not proof of public availability
https://spinkorea.kr/blog/screen-break-check,https://spinkorea.kr/blog/screen-break-check,post-metadata.generated.json;post-metadata.runtime.generated.json;content-plan.generated.json;existing-dist-unverified-build,blog,"화면 휴식 점검 실수 방지, 루틴 설계 먼저",src/data/content-plan.generated.json,scheduled;date=2026-08-28T08:00:00+09:00,EXISTING_ARTIFACT_NOT_FRESH,UNKNOWN,UNKNOWN,UNKNOWN,UNKNOWN,UNKNOWN,UNKNOWN,ROBOTS_RULE_ALLOW,False,False,0,UNKNOWN,UNKNOWN,UNKNOWN,REVIEW,UNKNOWN,Candidate only: source/future/stale-build/link evidence is not proof of public availability
https://spinkorea.kr/blog/screen-time-boundary,https://spinkorea.kr/blog/screen-time-boundary,post-metadata.generated.json;post-metadata.runtime.generated.json;content-plan.generated.json;existing-dist-unverified-build,blog,"화면 시간 경계 운영법, 자가 점검 남기기",src/data/content-plan.generated.json,scheduled;date=2026-06-09T08:00:00+09:00,EXISTING_ARTIFACT_NOT_FRESH,UNKNOWN,UNKNOWN,UNKNOWN,UNKNOWN,UNKNOWN,UNKNOWN,ROBOTS_RULE_ALLOW,False,False,0,UNKNOWN,UNKNOWN,UNKNOWN,REVIEW,UNKNOWN,Candidate only: source/future/stale-build/link evidence is not proof of public availability
https://spinkorea.kr/blog/search-intent-map,https://spinkorea.kr/blog/search-intent-map,post-metadata.generated.json;post-metadata.runtime.generated.json;content-plan.generated.json;existing-dist-unverified-build,blog,"검색 의도 맵 실행 순서, 품질 점검까지",src/data/content-plan.generated.json,scheduled;date=2026-06-12T16:00:00+09:00,EXISTING_ARTIFACT_NOT_FRESH,UNKNOWN,UNKNOWN,UNKNOWN,UNKNOWN,UNKNOWN,UNKNOWN,ROBOTS_RULE_ALLOW,False,False,0,UNKNOWN,UNKNOWN,UNKNOWN,REVIEW,UNKNOWN,Candidate only: source/future/stale-build/link evidence is not proof of public availability
https://spinkorea.kr/blog/search-snippet-copy,https://spinkorea.kr/blog/search-snippet-copy,post-metadata.generated.json;post-metadata.runtime.generated.json;content-plan.generated.json;existing-dist-unverified-build,blog,"검색 스니펫 문장 운영법, 공유 전 확인 남기기",src/data/content-plan.generated.json,scheduled;date=2026-07-04T08:00:00+09:00,EXISTING_ARTIFACT_NOT_FRESH,UNKNOWN,UNKNOWN,UNKNOWN,UNKNOWN,UNKNOWN,UNKNOWN,ROBOTS_RULE_ALLOW,False,False,0,UNKNOWN,UNKNOWN,UNKNOWN,REVIEW,UNKNOWN,Candidate only: source/future/stale-build/link evidence is not proof of public availability
https://spinkorea.kr/blog/seat-assignment-random,https://spinkorea.kr/blog/seat-assignment-random,post-metadata.generated.json;post-metadata.runtime.generated.json;content-plan.generated.json;existing-dist-unverified-build,blog,"자리 배치 랜덤 상황별 표, 결과 기록",src/data/content-plan.generated.json,scheduled;date=2026-05-07T10:00:00+09:00,EXISTING_ARTIFACT_NOT_FRESH,UNKNOWN,UNKNOWN,UNKNOWN,UNKNOWN,UNKNOWN,UNKNOWN,ROBOTS_RULE_ALLOW,False,False,0,UNKNOWN,UNKNOWN,UNKNOWN,REVIEW,UNKNOWN,Candidate only: source/future/stale-build/link evidence is not proof of public availability
https://spinkorea.kr/blog/security-header-note,https://spinkorea.kr/blog/security-header-note,post-metadata.generated.json;post-metadata.runtime.generated.json;content-plan.generated.json;existing-dist-unverified-build,blog,"보안 헤더 메모 비교법, 배포 전 점검과 디버깅",src/data/content-plan.generated.json,scheduled;date=2026-07-12T01:00:00+09:00,EXISTING_ARTIFACT_NOT_FRESH,UNKNOWN,UNKNOWN,UNKNOWN,UNKNOWN,UNKNOWN,UNKNOWN,ROBOTS_RULE_ALLOW,False,False,0,UNKNOWN,UNKNOWN,UNKNOWN,REVIEW,UNKNOWN,Candidate only: source/future/stale-build/link evidence is not proof of public availability
https://spinkorea.kr/blog/self-intro-length,https://spinkorea.kr/blog/self-intro-length,post-metadata.generated.json;post-metadata.runtime.generated.json;content-plan.generated.json;existing-dist-unverified-build,blog,"자기소개서 글자수 실수 방지, 문서 기준 먼저",src/data/content-plan.generated.json,scheduled;date=2026-05-20T08:00:00+09:00,EXISTING_ARTIFACT_NOT_FRESH,UNKNOWN,UNKNOWN,UNKNOWN,UNKNOWN,UNKNOWN,UNKNOWN,ROBOTS_RULE_ALLOW,False,False,0,UNKNOWN,UNKNOWN,UNKNOWN,REVIEW,UNKNOWN,Candidate only: source/future/stale-build/link evidence is not proof of public availability
https://spinkorea.kr/blog/seo-head-dedupe,https://spinkorea.kr/blog/seo-head-dedupe,post-metadata.generated.json;post-metadata.runtime.generated.json;content-plan.generated.json;existing-dist-unverified-build,blog,"head 태그 중복 제거 발행 전 검토, 자동화",src/data/content-plan.generated.json,scheduled;date=2026-08-21T21:00:00+09:00,EXISTING_ARTIFACT_NOT_FRESH,UNKNOWN,UNKNOWN,UNKNOWN,UNKNOWN,UNKNOWN,UNKNOWN,ROBOTS_RULE_ALLOW,False,False,0,UNKNOWN,UNKNOWN,UNKNOWN,REVIEW,UNKNOWN,Candidate only: source/future/stale-build/link evidence is not proof of public availability
https://spinkorea.kr/blog/shared-grocery-list,https://spinkorea.kr/blog/shared-grocery-list,post-metadata.generated.json;post-metadata.runtime.generated.json;content-plan.generated.json;existing-dist-unverified-build,blog,"공동 장보기 목록 운영법, 생활 적용 남기기",src/data/content-plan.generated.json,scheduled;date=2026-06-26T00:00:00+09:00,EXISTING_ARTIFACT_NOT_FRESH,UNKNOWN,UNKNOWN,UNKNOWN,UNKNOWN,UNKNOWN,UNKNOWN,ROBOTS_RULE_ALLOW,False,False,0,UNKNOWN,UNKNOWN,UNKNOWN,REVIEW,UNKNOWN,Candidate only: source/future/stale-build/link evidence is not proof of public availability
https://spinkorea.kr/blog/shared-tool-checkout,https://spinkorea.kr/blog/shared-tool-checkout,post-metadata.generated.json;post-metadata.runtime.generated.json;content-plan.generated.json;existing-dist-unverified-build,blog,"공용 물품 대여표 선택법, 생활 적용과 계산 기준",src/data/content-plan.generated.json,scheduled;date=2026-08-08T08:00:00+09:00,EXISTING_ARTIFACT_NOT_FRESH,UNKNOWN,UNKNOWN,UNKNOWN,UNKNOWN,UNKNOWN,UNKNOWN,ROBOTS_RULE_ALLOW,False,False,0,UNKNOWN,UNKNOWN,UNKNOWN,REVIEW,UNKNOWN,Candidate only: source/future/stale-build/link evidence is not proof of public availability
https://spinkorea.kr/blog/shared-trip-settlement,https://spinkorea.kr/blog/shared-trip-settlement,post-metadata.generated.json;post-metadata.runtime.generated.json;content-plan.generated.json;existing-dist-unverified-build,blog,"여행 정산표 초보 흐름, 실수 방지 중심",src/data/content-plan.generated.json,scheduled;date=2026-08-03T18:00:00+09:00,EXISTING_ARTIFACT_NOT_FRESH,UNKNOWN,UNKNOWN,UNKNOWN,UNKNOWN,UNKNOWN,UNKNOWN,ROBOTS_RULE_ALLOW,False,False,0,UNKNOWN,UNKNOWN,UNKNOWN,REVIEW,UNKNOWN,Candidate only: source/future/stale-build/link evidence is not proof of public availability
https://spinkorea.kr/blog/short-form-script,https://spinkorea.kr/blog/short-form-script,post-metadata.generated.json;post-metadata.runtime.generated.json;content-plan.generated.json;existing-dist-unverified-build,blog,"짧은 영상 대본 운영법, 공유 전 확인 남기기",src/data/content-plan.generated.json,scheduled;date=2026-06-30T04:00:00+09:00,EXISTING_ARTIFACT_NOT_FRESH,UNKNOWN,UNKNOWN,UNKNOWN,UNKNOWN,UNKNOWN,UNKNOWN,ROBOTS_RULE_ALLOW,False,False,0,UNKNOWN,UNKNOWN,UNKNOWN,REVIEW,UNKNOWN,Candidate only: source/future/stale-build/link evidence is not proof of public availability
https://spinkorea.kr/blog/sitemap-count-drift,https://spinkorea.kr/blog/sitemap-count-drift,post-metadata.generated.json;post-metadata.runtime.generated.json;content-plan.generated.json;existing-dist-unverified-build,blog,"사이트맵 수 차이 발행 전 검토, 품질 점검",src/data/content-plan.generated.json,scheduled;date=2026-09-03T09:00:00+09:00,EXISTING_ARTIFACT_NOT_FRESH,UNKNOWN,UNKNOWN,UNKNOWN,UNKNOWN,UNKNOWN,UNKNOWN,ROBOTS_RULE_ALLOW,False,False,0,UNKNOWN,UNKNOWN,UNKNOWN,REVIEW,UNKNOWN,Candidate only: source/future/stale-build/link evidence is not proof of public availability
https://spinkorea.kr/blog/sitemap-discovered-count,https://spinkorea.kr/blog/sitemap-discovered-count,post-metadata.generated.json;post-metadata.runtime.generated.json;content-plan.generated.json;existing-dist-unverified-build,blog,"사이트맵 발견 수 선택법, 배포 전 점검과 검증 절차",src/data/content-plan.generated.json,scheduled;date=2026-08-16T16:00:00+09:00,EXISTING_ARTIFACT_NOT_FRESH,UNKNOWN,UNKNOWN,UNKNOWN,UNKNOWN,UNKNOWN,UNKNOWN,ROBOTS_RULE_ALLOW,False,False,0,UNKNOWN,UNKNOWN,UNKNOWN,REVIEW,UNKNOWN,Candidate only: source/future/stale-build/link evidence is not proof of public availability
https://spinkorea.kr/blog/sitemap-freshness-check,https://spinkorea.kr/blog/sitemap-freshness-check,post-metadata.generated.json;post-metadata.runtime.generated.json;content-plan.generated.json;existing-dist-unverified-build,blog,사이트맵 최신 날짜 FAQ: 검색 의도 답변,src/data/content-plan.generated.json,scheduled;date=2026-06-13T02:00:00+09:00,EXISTING_ARTIFACT_NOT_FRESH,UNKNOWN,UNKNOWN,UNKNOWN,UNKNOWN,UNKNOWN,UNKNOWN,ROBOTS_RULE_ALLOW,False,False,0,UNKNOWN,UNKNOWN,UNKNOWN,REVIEW,UNKNOWN,Candidate only: source/future/stale-build/link evidence is not proof of public availability
https://spinkorea.kr/blog/sitemap-lastmod-check,https://spinkorea.kr/blog/sitemap-lastmod-check,post-metadata.generated.json;post-metadata.runtime.generated.json;content-plan.generated.json;existing-dist-unverified-build,blog,"사이트맵 날짜 확인 운영법, 배포 전 점검 남기기",src/data/content-plan.generated.json,scheduled;date=2026-05-27T20:00:00+09:00,EXISTING_ARTIFACT_NOT_FRESH,UNKNOWN,UNKNOWN,UNKNOWN,UNKNOWN,UNKNOWN,UNKNOWN,ROBOTS_RULE_ALLOW,False,False,0,UNKNOWN,UNKNOWN,UNKNOWN,REVIEW,UNKNOWN,Candidate only: source/future/stale-build/link evidence is not proof of public availability
https://spinkorea.kr/blog/sitemap-lastmod-policy,https://spinkorea.kr/blog/sitemap-lastmod-policy,post-metadata.generated.json;post-metadata.runtime.generated.json;content-plan.generated.json;existing-dist-unverified-build,blog,"사이트맵 lastmod 기준 사례별 정리, 검색 의도 중심",src/data/content-plan.generated.json,scheduled;date=2026-07-27T16:00:00+09:00,EXISTING_ARTIFACT_NOT_FRESH,UNKNOWN,UNKNOWN,UNKNOWN,UNKNOWN,UNKNOWN,UNKNOWN,ROBOTS_RULE_ALLOW,False,False,0,UNKNOWN,UNKNOWN,UNKNOWN,REVIEW,UNKNOWN,Candidate only: source/future/stale-build/link evidence is not proof of public availability
https://spinkorea.kr/blog/sitemap-url-count,https://spinkorea.kr/blog/sitemap-url-count,post-metadata.generated.json;post-metadata.runtime.generated.json;content-plan.generated.json;existing-dist-unverified-build,blog,"사이트맵 URL 수 발행 전 검토, 자동화",src/data/content-plan.generated.json,scheduled;date=2026-07-07T01:00:00+09:00,EXISTING_ARTIFACT_NOT_FRESH,UNKNOWN,UNKNOWN,UNKNOWN,UNKNOWN,UNKNOWN,UNKNOWN,ROBOTS_RULE_ALLOW,False,False,0,UNKNOWN,UNKNOWN,UNKNOWN,REVIEW,UNKNOWN,Candidate only: source/future/stale-build/link evidence is not proof of public availability
https://spinkorea.kr/blog/sleep-debt-note,https://spinkorea.kr/blog/sleep-debt-note,post-metadata.generated.json;post-metadata.runtime.generated.json;content-plan.generated.json;existing-dist-unverified-build,blog,"수면 부채 메모 검토 순서, 기록 습관 활용",src/data/content-plan.generated.json,scheduled;date=2026-07-18T22:00:00+09:00,EXISTING_ARTIFACT_NOT_FRESH,UNKNOWN,UNKNOWN,UNKNOWN,UNKNOWN,UNKNOWN,UNKNOWN,ROBOTS_RULE_ALLOW,False,False,0,UNKNOWN,UNKNOWN,UNKNOWN,REVIEW,UNKNOWN,Candidate only: source/future/stale-build/link evidence is not proof of public availability
https://spinkorea.kr/blog/sleep-environment-check,https://spinkorea.kr/blog/sleep-environment-check,post-metadata.generated.json;post-metadata.runtime.generated.json;content-plan.generated.json;existing-dist-unverified-build,blog,"수면 환경 점검 빠른 정리, 생활 적용까지",src/data/content-plan.generated.json,scheduled;date=2026-07-22T21:00:00+09:00,EXISTING_ARTIFACT_NOT_FRESH,UNKNOWN,UNKNOWN,UNKNOWN,UNKNOWN,UNKNOWN,UNKNOWN,ROBOTS_RULE_ALLOW,False,False,0,UNKNOWN,UNKNOWN,UNKNOWN,REVIEW,UNKNOWN,Candidate only: source/future/stale-build/link evidence is not proof of public availability
https://spinkorea.kr/blog/sleep-hour-note,https://spinkorea.kr/blog/sleep-hour-note,post-metadata.generated.json;post-metadata.runtime.generated.json;content-plan.generated.json;existing-dist-unverified-build,blog,"수면 시간 메모 사례별 정리, 계산 기준 중심",src/data/content-plan.generated.json,scheduled;date=2026-05-17T20:00:00+09:00,EXISTING_ARTIFACT_NOT_FRESH,UNKNOWN,UNKNOWN,UNKNOWN,UNKNOWN,UNKNOWN,UNKNOWN,ROBOTS_RULE_ALLOW,False,False,0,UNKNOWN,UNKNOWN,UNKNOWN,REVIEW,UNKNOWN,Candidate only: source/future/stale-build/link evidence is not proof of public availability
https://spinkorea.kr/blog/sleep-optimization,https://spinkorea.kr/blog/sleep-optimization,post-metadata.generated.json;post-metadata.runtime.generated.json;existing-dist-unverified-build;LIVE_SITEMAP;LIVE_RSS;link:https://spinkorea.kr/blog;LIVE_HTTP,blog,잠 못 자는 현대인을 위한 수면 최적화 완벽 가이드,src/data/post-metadata.runtime.generated.json,curated;date=2026-05-01,EXISTING_ARTIFACT_NOT_FRESH,200,https://spinkorea.kr/blog/sleep-optimization,[],https://spinkorea.kr/blog/sleep-optimization,ABSENT,ABSENT,ROBOTS_RULE_ALLOW,True,True,1,UNKNOWN,SCRIPT_PRESENT;DISPLAY_UNKNOWN,2026-09-19T22:57:13.890829+09:00,REVIEW,http-evidence.json,HTTP observation applies to fetched URL only; fragment variants retained; deployment SHA UNKNOWN
https://spinkorea.kr/blog/sleep-optimization#post-content,https://spinkorea.kr/blog/sleep-optimization,link:https://spinkorea.kr/blog/sleep-optimization,blog,UNKNOWN,UNKNOWN,UNKNOWN,UNKNOWN,UNKNOWN,UNKNOWN,UNKNOWN,UNKNOWN,UNKNOWN,UNKNOWN,ROBOTS_RULE_ALLOW,False,False,1,UNKNOWN,UNKNOWN,UNKNOWN,REVIEW,UNKNOWN,Candidate only: source/future/stale-build/link evidence is not proof of public availability
https://spinkorea.kr/blog/sleep-optimization#post-related,https://spinkorea.kr/blog/sleep-optimization,link:https://spinkorea.kr/blog/sleep-optimization,blog,UNKNOWN,UNKNOWN,UNKNOWN,UNKNOWN,UNKNOWN,UNKNOWN,UNKNOWN,UNKNOWN,UNKNOWN,UNKNOWN,ROBOTS_RULE_ALLOW,False,False,1,UNKNOWN,UNKNOWN,UNKNOWN,REVIEW,UNKNOWN,Candidate only: source/future/stale-build/link evidence is not proof of public availability
https://spinkorea.kr/blog/sleep-optimization#post-summary,https://spinkorea.kr/blog/sleep-optimization,link:https://spinkorea.kr/blog/sleep-optimization,blog,UNKNOWN,UNKNOWN,UNKNOWN,UNKNOWN,UNKNOWN,UNKNOWN,UNKNOWN,UNKNOWN,UNKNOWN,UNKNOWN,ROBOTS_RULE_ALLOW,False,False,1,UNKNOWN,UNKNOWN,UNKNOWN,REVIEW,UNKNOWN,Candidate only: source/future/stale-build/link evidence is not proof of public availability
https://spinkorea.kr/blog/sleep-routine-anchor,https://spinkorea.kr/blog/sleep-routine-anchor,post-metadata.generated.json;post-metadata.runtime.generated.json;content-plan.generated.json;existing-dist-unverified-build,blog,"수면 루틴 앵커 검토 순서, 기록 습관 활용",src/data/content-plan.generated.json,scheduled;date=2026-08-29T14:00:00+09:00,EXISTING_ARTIFACT_NOT_FRESH,UNKNOWN,UNKNOWN,UNKNOWN,UNKNOWN,UNKNOWN,UNKNOWN,ROBOTS_RULE_ALLOW,False,False,0,UNKNOWN,UNKNOWN,UNKNOWN,REVIEW,UNKNOWN,Candidate only: source/future/stale-build/link evidence is not proof of public availability
https://spinkorea.kr/blog/sleep-routine-note,https://spinkorea.kr/blog/sleep-routine-note,post-metadata.generated.json;post-metadata.runtime.generated.json;content-plan.generated.json;existing-dist-unverified-build,blog,"수면 루틴 기록, 무리 없는 기준 먼저 보기",src/data/content-plan.generated.json,scheduled;date=2026-06-08T02:00:00+09:00,EXISTING_ARTIFACT_NOT_FRESH,UNKNOWN,UNKNOWN,UNKNOWN,UNKNOWN,UNKNOWN,UNKNOWN,ROBOTS_RULE_ALLOW,False,False,0,UNKNOWN,UNKNOWN,UNKNOWN,REVIEW,UNKNOWN,Candidate only: source/future/stale-build/link evidence is not proof of public availability
https://spinkorea.kr/blog/slug-collision-check,https://spinkorea.kr/blog/slug-collision-check,post-metadata.generated.json;post-metadata.runtime.generated.json;content-plan.generated.json;existing-dist-unverified-build,blog,"slug 충돌 검사 실전 흐름, 디버깅부터",src/data/content-plan.generated.json,scheduled;date=2026-08-19T19:00:00+09:00,EXISTING_ARTIFACT_NOT_FRESH,UNKNOWN,UNKNOWN,UNKNOWN,UNKNOWN,UNKNOWN,UNKNOWN,ROBOTS_RULE_ALLOW,False,False,0,UNKNOWN,UNKNOWN,UNKNOWN,REVIEW,UNKNOWN,Candidate only: source/future/stale-build/link evidence is not proof of public availability
https://spinkorea.kr/blog/small-payment-review,https://spinkorea.kr/blog/small-payment-review,post-metadata.generated.json;post-metadata.runtime.generated.json;content-plan.generated.json;existing-dist-unverified-build,blog,"소액 결제 점검, 결과 해석 전에 볼 점",src/data/content-plan.generated.json,scheduled;date=2026-08-06T11:00:00+09:00,EXISTING_ARTIFACT_NOT_FRESH,UNKNOWN,UNKNOWN,UNKNOWN,UNKNOWN,UNKNOWN,UNKNOWN,ROBOTS_RULE_ALLOW,False,False,0,UNKNOWN,UNKNOWN,UNKNOWN,REVIEW,UNKNOWN,Candidate only: source/future/stale-build/link evidence is not proof of public availability
https://spinkorea.kr/blog/small-task-batching,https://spinkorea.kr/blog/small-task-batching,post-metadata.generated.json;post-metadata.runtime.generated.json;content-plan.generated.json;existing-dist-unverified-build,blog,"작은 업무 묶기 선택법, 결과 기록과 우선순위",src/data/content-plan.generated.json,scheduled;date=2026-06-02T16:00:00+09:00,EXISTING_ARTIFACT_NOT_FRESH,UNKNOWN,UNKNOWN,UNKNOWN,UNKNOWN,UNKNOWN,UNKNOWN,ROBOTS_RULE_ALLOW,False,False,0,UNKNOWN,UNKNOWN,UNKNOWN,REVIEW,UNKNOWN,Candidate only: source/future/stale-build/link evidence is not proof of public availability
https://spinkorea.kr/blog/small-win-log,https://spinkorea.kr/blog/small-win-log,post-metadata.generated.json;post-metadata.runtime.generated.json;content-plan.generated.json;existing-dist-unverified-build,blog,"작은 성과 기록 운영 체크, 집중 시간 반영",src/data/content-plan.generated.json,scheduled;date=2026-07-14T23:00:00+09:00,EXISTING_ARTIFACT_NOT_FRESH,UNKNOWN,UNKNOWN,UNKNOWN,UNKNOWN,UNKNOWN,UNKNOWN,ROBOTS_RULE_ALLOW,False,False,0,UNKNOWN,UNKNOWN,UNKNOWN,REVIEW,UNKNOWN,Candidate only: source/future/stale-build/link evidence is not proof of public availability
https://spinkorea.kr/blog/snippet-first-sentence,https://spinkorea.kr/blog/snippet-first-sentence,post-metadata.generated.json;post-metadata.runtime.generated.json;content-plan.generated.json;existing-dist-unverified-build,blog,"스니펫 첫 문장, 문서 기준 먼저 보기",src/data/content-plan.generated.json,scheduled;date=2026-08-09T14:00:00+09:00,EXISTING_ARTIFACT_NOT_FRESH,UNKNOWN,UNKNOWN,UNKNOWN,UNKNOWN,UNKNOWN,UNKNOWN,ROBOTS_RULE_ALLOW,False,False,0,UNKNOWN,UNKNOWN,UNKNOWN,REVIEW,UNKNOWN,Candidate only: source/future/stale-build/link evidence is not proof of public availability
https://spinkorea.kr/blog/social-share-copy,https://spinkorea.kr/blog/social-share-copy,post-metadata.generated.json;post-metadata.runtime.generated.json;content-plan.generated.json;existing-dist-unverified-build,blog,"공유 문구 작성 운영법, 가독성 남기기",src/data/content-plan.generated.json,scheduled;date=2026-05-23T16:00:00+09:00,EXISTING_ARTIFACT_NOT_FRESH,UNKNOWN,UNKNOWN,UNKNOWN,UNKNOWN,UNKNOWN,UNKNOWN,ROBOTS_RULE_ALLOW,False,False,0,UNKNOWN,UNKNOWN,UNKNOWN,REVIEW,UNKNOWN,Candidate only: source/future/stale-build/link evidence is not proof of public availability
https://spinkorea.kr/blog/source-authority-map,https://spinkorea.kr/blog/source-authority-map,post-metadata.generated.json;post-metadata.runtime.generated.json;content-plan.generated.json;existing-dist-unverified-build,blog,"출처 권위 맵 상황별 표, 품질 점검",src/data/content-plan.generated.json,scheduled;date=2026-09-05T06:00:00+09:00,EXISTING_ARTIFACT_NOT_FRESH,UNKNOWN,UNKNOWN,UNKNOWN,UNKNOWN,UNKNOWN,UNKNOWN,ROBOTS_RULE_ALLOW,False,False,0,UNKNOWN,UNKNOWN,UNKNOWN,REVIEW,UNKNOWN,Candidate only: source/future/stale-build/link evidence is not proof of public availability
https://spinkorea.kr/blog/source-citation-copy,https://spinkorea.kr/blog/source-citation-copy,post-metadata.generated.json;post-metadata.runtime.generated.json;content-plan.generated.json;existing-dist-unverified-build,blog,"출처 표기 문장 실행 순서, 공유 전 확인까지",src/data/content-plan.generated.json,scheduled;date=2026-07-03T12:00:00+09:00,EXISTING_ARTIFACT_NOT_FRESH,UNKNOWN,UNKNOWN,UNKNOWN,UNKNOWN,UNKNOWN,UNKNOWN,ROBOTS_RULE_ALLOW,False,False,0,UNKNOWN,UNKNOWN,UNKNOWN,REVIEW,UNKNOWN,Candidate only: source/future/stale-build/link evidence is not proof of public availability
https://spinkorea.kr/blog/source-context-line,https://spinkorea.kr/blog/source-context-line,post-metadata.generated.json;post-metadata.runtime.generated.json;content-plan.generated.json;existing-dist-unverified-build,blog,출처 맥락 문장 FAQ: 문서 기준 답변,src/data/content-plan.generated.json,scheduled;date=2026-08-10T10:00:00+09:00,EXISTING_ARTIFACT_NOT_FRESH,UNKNOWN,UNKNOWN,UNKNOWN,UNKNOWN,UNKNOWN,UNKNOWN,ROBOTS_RULE_ALLOW,False,False,0,UNKNOWN,UNKNOWN,UNKNOWN,REVIEW,UNKNOWN,Candidate only: source/future/stale-build/link evidence is not proof of public availability
https://spinkorea.kr/blog/source-host-allowlist,https://spinkorea.kr/blog/source-host-allowlist,post-metadata.generated.json;post-metadata.runtime.generated.json;content-plan.generated.json;existing-dist-unverified-build,blog,"출처 호스트 허용목록 실수 방지, 검증 절차 먼저",src/data/content-plan.generated.json,scheduled;date=2026-08-20T00:00:00+09:00,EXISTING_ARTIFACT_NOT_FRESH,UNKNOWN,UNKNOWN,UNKNOWN,UNKNOWN,UNKNOWN,UNKNOWN,ROBOTS_RULE_ALLOW,False,False,0,UNKNOWN,UNKNOWN,UNKNOWN,REVIEW,UNKNOWN,Candidate only: source/future/stale-build/link evidence is not proof of public availability
https://spinkorea.kr/blog/source-link-quality,https://spinkorea.kr/blog/source-link-quality,post-metadata.generated.json;post-metadata.runtime.generated.json;content-plan.generated.json;existing-dist-unverified-build,blog,"출처 링크 품질 빠른 정리, 메타 설명까지",src/data/content-plan.generated.json,scheduled;date=2026-07-27T01:00:00+09:00,EXISTING_ARTIFACT_NOT_FRESH,UNKNOWN,UNKNOWN,UNKNOWN,UNKNOWN,UNKNOWN,UNKNOWN,ROBOTS_RULE_ALLOW,False,False,0,UNKNOWN,UNKNOWN,UNKNOWN,REVIEW,UNKNOWN,Candidate only: source/future/stale-build/link evidence is not proof of public availability
https://spinkorea.kr/blog/speed-distance-time-units,https://spinkorea.kr/blog/speed-distance-time-units,post-metadata.generated.json;post-metadata.runtime.generated.json;content-plan.generated.json,blog,거리·시간·속도 중 두 값을 넣을 때 단위를 맞추는 법,src/data/content-plan.generated.json,scheduled;date=2026-09-24T08:00:00+09:00,UNKNOWN,UNKNOWN,UNKNOWN,UNKNOWN,UNKNOWN,UNKNOWN,UNKNOWN,ROBOTS_RULE_ALLOW,False,False,0,UNKNOWN,UNKNOWN,UNKNOWN,REVIEW,UNKNOWN,Candidate only: source/future/stale-build/link evidence is not proof of public availability
https://spinkorea.kr/blog/spin-result-explain,https://spinkorea.kr/blog/spin-result-explain,post-metadata.generated.json;post-metadata.runtime.generated.json;content-plan.generated.json;existing-dist-unverified-build,blog,"룰렛 결과 설명 상황별 표, 공정성",src/data/content-plan.generated.json,scheduled;date=2026-06-22T06:00:00+09:00,EXISTING_ARTIFACT_NOT_FRESH,UNKNOWN,UNKNOWN,UNKNOWN,UNKNOWN,UNKNOWN,UNKNOWN,ROBOTS_RULE_ALLOW,False,False,0,UNKNOWN,UNKNOWN,UNKNOWN,REVIEW,UNKNOWN,Candidate only: source/future/stale-build/link evidence is not proof of public availability
https://spinkorea.kr/blog/split-bill-calculation,https://spinkorea.kr/blog/split-bill-calculation,post-metadata.generated.json;post-metadata.runtime.generated.json;content-plan.generated.json;existing-dist-unverified-build,blog,"더치페이 계산 기준 운영 체크, 실수 방지 반영",src/data/content-plan.generated.json,scheduled;date=2026-05-13T11:00:00+09:00,EXISTING_ARTIFACT_NOT_FRESH,UNKNOWN,UNKNOWN,UNKNOWN,UNKNOWN,UNKNOWN,UNKNOWN,ROBOTS_RULE_ALLOW,False,False,0,UNKNOWN,UNKNOWN,UNKNOWN,REVIEW,UNKNOWN,Candidate only: source/future/stale-build/link evidence is not proof of public availability
https://spinkorea.kr/blog/static-asset-hash,https://spinkorea.kr/blog/static-asset-hash,post-metadata.generated.json;post-metadata.runtime.generated.json;content-plan.generated.json;existing-dist-unverified-build,blog,정적 파일 해시 FAQ: 검증 절차 답변,src/data/content-plan.generated.json,scheduled;date=2026-08-18T18:00:00+09:00,EXISTING_ARTIFACT_NOT_FRESH,UNKNOWN,UNKNOWN,UNKNOWN,UNKNOWN,UNKNOWN,UNKNOWN,ROBOTS_RULE_ALLOW,False,False,0,UNKNOWN,UNKNOWN,UNKNOWN,REVIEW,UNKNOWN,Candidate only: source/future/stale-build/link evidence is not proof of public availability
https://spinkorea.kr/blog/static-route-audit,https://spinkorea.kr/blog/static-route-audit,post-metadata.generated.json;post-metadata.runtime.generated.json;content-plan.generated.json;existing-dist-unverified-build,blog,"정적 라우트 점검 사례별 정리, 검증 절차 중심",src/data/content-plan.generated.json,scheduled;date=2026-07-06T20:00:00+09:00,EXISTING_ARTIFACT_NOT_FRESH,UNKNOWN,UNKNOWN,UNKNOWN,UNKNOWN,UNKNOWN,UNKNOWN,ROBOTS_RULE_ALLOW,False,False,0,UNKNOWN,UNKNOWN,UNKNOWN,REVIEW,UNKNOWN,Candidate only: source/future/stale-build/link evidence is not proof of public availability
https://spinkorea.kr/blog/status-report-template,https://spinkorea.kr/blog/status-report-template,post-metadata.generated.json;post-metadata.runtime.generated.json;content-plan.generated.json;existing-dist-unverified-build,blog,"상태 보고 템플릿 비교법, 집중 시간과 반복 업무",src/data/content-plan.generated.json,scheduled;date=2026-07-16T05:00:00+09:00,EXISTING_ARTIFACT_NOT_FRESH,UNKNOWN,UNKNOWN,UNKNOWN,UNKNOWN,UNKNOWN,UNKNOWN,ROBOTS_RULE_ALLOW,False,False,0,UNKNOWN,UNKNOWN,UNKNOWN,REVIEW,UNKNOWN,Candidate only: source/future/stale-build/link evidence is not proof of public availability
https://spinkorea.kr/blog/step-label-cleanup,https://spinkorea.kr/blog/step-label-cleanup,post-metadata.generated.json;post-metadata.runtime.generated.json;content-plan.generated.json;existing-dist-unverified-build,blog,단계 라벨 정리 FAQ: 문서 기준 답변,src/data/content-plan.generated.json,scheduled;date=2026-07-03T22:00:00+09:00,EXISTING_ARTIFACT_NOT_FRESH,UNKNOWN,UNKNOWN,UNKNOWN,UNKNOWN,UNKNOWN,UNKNOWN,ROBOTS_RULE_ALLOW,False,False,0,UNKNOWN,UNKNOWN,UNKNOWN,REVIEW,UNKNOWN,Candidate only: source/future/stale-build/link evidence is not proof of public availability
https://spinkorea.kr/blog/stress-signal-list,https://spinkorea.kr/blog/stress-signal-list,post-metadata.generated.json;post-metadata.runtime.generated.json;content-plan.generated.json;existing-dist-unverified-build,blog,"스트레스 신호 목록 검토 순서, 기록 습관 활용",src/data/content-plan.generated.json,scheduled;date=2026-07-23T02:00:00+09:00,EXISTING_ARTIFACT_NOT_FRESH,UNKNOWN,UNKNOWN,UNKNOWN,UNKNOWN,UNKNOWN,UNKNOWN,ROBOTS_RULE_ALLOW,False,False,0,UNKNOWN,UNKNOWN,UNKNOWN,REVIEW,UNKNOWN,Candidate only: source/future/stale-build/link evidence is not proof of public availability
https://spinkorea.kr/blog/stretch-before-focus,https://spinkorea.kr/blog/stretch-before-focus,post-metadata.generated.json;post-metadata.runtime.generated.json;content-plan.generated.json;existing-dist-unverified-build,blog,"집중 전 스트레칭 발행 전 검토, 무리 없는 기준",src/data/content-plan.generated.json,scheduled;date=2026-08-30T05:00:00+09:00,EXISTING_ARTIFACT_NOT_FRESH,UNKNOWN,UNKNOWN,UNKNOWN,UNKNOWN,UNKNOWN,UNKNOWN,ROBOTS_RULE_ALLOW,False,False,0,UNKNOWN,UNKNOWN,UNKNOWN,REVIEW,UNKNOWN,Candidate only: source/future/stale-build/link evidence is not proof of public availability
https://spinkorea.kr/blog/stretch-trigger-note,https://spinkorea.kr/blog/stretch-trigger-note,post-metadata.generated.json;post-metadata.runtime.generated.json;content-plan.generated.json;existing-dist-unverified-build,blog,"스트레칭 트리거 발행 전 검토, 무리 없는 기준",src/data/content-plan.generated.json,scheduled;date=2026-07-19T13:00:00+09:00,EXISTING_ARTIFACT_NOT_FRESH,UNKNOWN,UNKNOWN,UNKNOWN,UNKNOWN,UNKNOWN,UNKNOWN,ROBOTS_RULE_ALLOW,False,False,0,UNKNOWN,UNKNOWN,UNKNOWN,REVIEW,UNKNOWN,Candidate only: source/future/stale-build/link evidence is not proof of public availability
https://spinkorea.kr/blog/strong-password-guide,https://spinkorea.kr/blog/strong-password-guide,post-metadata.generated.json;post-metadata.runtime.generated.json;existing-dist-unverified-build;LIVE_SITEMAP;LIVE_RSS;link:https://spinkorea.kr/blog;LIVE_HTTP,blog,강력한 비밀번호 만들기 완벽 가이드 - 해킹에서 내 계정 지키는 법,src/data/post-metadata.runtime.generated.json,curated;date=2026-01-12,EXISTING_ARTIFACT_NOT_FRESH,200,https://spinkorea.kr/blog/strong-password-guide,[],https://spinkorea.kr/blog/strong-password-guide,ABSENT,ABSENT,ROBOTS_RULE_ALLOW,True,True,1,UNKNOWN,SCRIPT_PRESENT;DISPLAY_UNKNOWN,2026-09-19T23:03:52.426835+09:00,REVIEW,http-evidence.json,HTTP observation applies to fetched URL only; fragment variants retained; deployment SHA UNKNOWN
https://spinkorea.kr/blog/strong-password-guide#post-content,https://spinkorea.kr/blog/strong-password-guide,link:https://spinkorea.kr/blog/strong-password-guide,blog,UNKNOWN,UNKNOWN,UNKNOWN,UNKNOWN,UNKNOWN,UNKNOWN,UNKNOWN,UNKNOWN,UNKNOWN,UNKNOWN,ROBOTS_RULE_ALLOW,False,UNKNOWN,UNKNOWN,UNKNOWN,UNKNOWN,UNKNOWN,REVIEW,UNKNOWN,Candidate only: source/future/stale-build/link evidence is not proof of public availability
https://spinkorea.kr/blog/strong-password-guide#post-related,https://spinkorea.kr/blog/strong-password-guide,link:https://spinkorea.kr/blog/strong-password-guide,blog,UNKNOWN,UNKNOWN,UNKNOWN,UNKNOWN,UNKNOWN,UNKNOWN,UNKNOWN,UNKNOWN,UNKNOWN,UNKNOWN,ROBOTS_RULE_ALLOW,False,UNKNOWN,UNKNOWN,UNKNOWN,UNKNOWN,UNKNOWN,REVIEW,UNKNOWN,Candidate only: source/future/stale-build/link evidence is not proof of public availability
https://spinkorea.kr/blog/strong-password-guide#post-summary,https://spinkorea.kr/blog/strong-password-guide,link:https://spinkorea.kr/blog/strong-password-guide,blog,UNKNOWN,UNKNOWN,UNKNOWN,UNKNOWN,UNKNOWN,UNKNOWN,UNKNOWN,UNKNOWN,UNKNOWN,UNKNOWN,ROBOTS_RULE_ALLOW,False,UNKNOWN,UNKNOWN,UNKNOWN,UNKNOWN,UNKNOWN,REVIEW,UNKNOWN,Candidate only: source/future/stale-build/link evidence is not proof of public availability
https://spinkorea.kr/blog/structured-data-check,https://spinkorea.kr/blog/structured-data-check,post-metadata.generated.json;post-metadata.runtime.generated.json;content-plan.generated.json;existing-dist-unverified-build,blog,"구조화 데이터 확인 선택법, 배포 전 점검과 검증 절차",src/data/content-plan.generated.json,scheduled;date=2026-05-29T12:00:00+09:00,EXISTING_ARTIFACT_NOT_FRESH,UNKNOWN,UNKNOWN,UNKNOWN,UNKNOWN,UNKNOWN,UNKNOWN,ROBOTS_RULE_ALLOW,False,False,0,UNKNOWN,UNKNOWN,UNKNOWN,REVIEW,UNKNOWN,Candidate only: source/future/stale-build/link evidence is not proof of public availability
https://spinkorea.kr/blog/structured-data-leak,https://spinkorea.kr/blog/structured-data-leak,post-metadata.generated.json;post-metadata.runtime.generated.json;content-plan.generated.json;existing-dist-unverified-build,blog,"스키마 노출 점검 비교법, 보안 확인과 디버깅",src/data/content-plan.generated.json,scheduled;date=2026-07-07T21:00:00+09:00,EXISTING_ARTIFACT_NOT_FRESH,UNKNOWN,UNKNOWN,UNKNOWN,UNKNOWN,UNKNOWN,UNKNOWN,ROBOTS_RULE_ALLOW,False,False,0,UNKNOWN,UNKNOWN,UNKNOWN,REVIEW,UNKNOWN,Candidate only: source/future/stale-build/link evidence is not proof of public availability
https://spinkorea.kr/blog/study-dday-schedule,https://spinkorea.kr/blog/study-dday-schedule,post-metadata.generated.json;post-metadata.runtime.generated.json;content-plan.generated.json;existing-dist-unverified-build,blog,"시험 D-Day 계획 발행 전 검토, 결과 해석",src/data/content-plan.generated.json,scheduled;date=2026-06-24T13:00:00+09:00,EXISTING_ARTIFACT_NOT_FRESH,UNKNOWN,UNKNOWN,UNKNOWN,UNKNOWN,UNKNOWN,UNKNOWN,ROBOTS_RULE_ALLOW,False,False,0,UNKNOWN,UNKNOWN,UNKNOWN,REVIEW,UNKNOWN,Candidate only: source/future/stale-build/link evidence is not proof of public availability
https://spinkorea.kr/blog/study-hour-tracker,https://spinkorea.kr/blog/study-hour-tracker,post-metadata.generated.json;post-metadata.runtime.generated.json;content-plan.generated.json;existing-dist-unverified-build,blog,"공부 시간 합계 비교법, 실수 방지와 입력값 확인",src/data/content-plan.generated.json,scheduled;date=2026-05-18T21:00:00+09:00,EXISTING_ARTIFACT_NOT_FRESH,UNKNOWN,UNKNOWN,UNKNOWN,UNKNOWN,UNKNOWN,UNKNOWN,ROBOTS_RULE_ALLOW,False,False,0,UNKNOWN,UNKNOWN,UNKNOWN,REVIEW,UNKNOWN,Candidate only: source/future/stale-build/link evidence is not proof of public availability
https://spinkorea.kr/blog/study-topic-picker,https://spinkorea.kr/blog/study-topic-picker,post-metadata.generated.json;post-metadata.runtime.generated.json;content-plan.generated.json;existing-dist-unverified-build,blog,"스터디 주제 추첨 개선 포인트, 공정성",src/data/content-plan.generated.json,scheduled;date=2026-05-08T11:00:00+09:00,EXISTING_ARTIFACT_NOT_FRESH,UNKNOWN,UNKNOWN,UNKNOWN,UNKNOWN,UNKNOWN,UNKNOWN,ROBOTS_RULE_ALLOW,False,False,0,UNKNOWN,UNKNOWN,UNKNOWN,REVIEW,UNKNOWN,Candidate only: source/future/stale-build/link evidence is not proof of public availability
https://spinkorea.kr/blog/subscription-renew-alert,https://spinkorea.kr/blog/subscription-renew-alert,post-metadata.generated.json;post-metadata.runtime.generated.json;content-plan.generated.json;existing-dist-unverified-build,blog,"구독 갱신 알림, 계산 기준 먼저 보기",src/data/content-plan.generated.json,scheduled;date=2026-08-05T10:00:00+09:00,EXISTING_ARTIFACT_NOT_FRESH,UNKNOWN,UNKNOWN,UNKNOWN,UNKNOWN,UNKNOWN,UNKNOWN,ROBOTS_RULE_ALLOW,False,False,0,UNKNOWN,UNKNOWN,UNKNOWN,REVIEW,UNKNOWN,Candidate only: source/future/stale-build/link evidence is not proof of public availability
https://spinkorea.kr/blog/subscription-total-cost,https://spinkorea.kr/blog/subscription-total-cost,post-metadata.generated.json;post-metadata.runtime.generated.json;content-plan.generated.json;existing-dist-unverified-build,blog,"구독료 월합계 적용 순서, 생활 적용 확인",src/data/content-plan.generated.json,scheduled;date=2026-05-16T09:00:00+09:00,EXISTING_ARTIFACT_NOT_FRESH,UNKNOWN,UNKNOWN,UNKNOWN,UNKNOWN,UNKNOWN,UNKNOWN,ROBOTS_RULE_ALLOW,False,False,0,UNKNOWN,UNKNOWN,UNKNOWN,REVIEW,UNKNOWN,Candidate only: source/future/stale-build/link evidence is not proof of public availability
https://spinkorea.kr/blog/success-habits,https://spinkorea.kr/blog/success-habits,post-metadata.generated.json;post-metadata.runtime.generated.json;existing-dist-unverified-build;LIVE_SITEMAP;LIVE_RSS;link:https://spinkorea.kr/blog;LIVE_HTTP,blog,성공한 사람들의 공통 습관 5가지,src/data/post-metadata.runtime.generated.json,curated;date=2026-05-09,EXISTING_ARTIFACT_NOT_FRESH,200,https://spinkorea.kr/blog/success-habits,[],https://spinkorea.kr/blog/success-habits,ABSENT,ABSENT,ROBOTS_RULE_ALLOW,True,True,1,UNKNOWN,SCRIPT_PRESENT;DISPLAY_UNKNOWN,2026-09-19T23:03:53.240461+09:00,REVIEW,http-evidence.json,HTTP observation applies to fetched URL only; fragment variants retained; deployment SHA UNKNOWN
https://spinkorea.kr/blog/success-habits#post-content,https://spinkorea.kr/blog/success-habits,link:https://spinkorea.kr/blog/success-habits,blog,UNKNOWN,UNKNOWN,UNKNOWN,UNKNOWN,UNKNOWN,UNKNOWN,UNKNOWN,UNKNOWN,UNKNOWN,UNKNOWN,ROBOTS_RULE_ALLOW,False,UNKNOWN,UNKNOWN,UNKNOWN,UNKNOWN,UNKNOWN,REVIEW,UNKNOWN,Candidate only: source/future/stale-build/link evidence is not proof of public availability
https://spinkorea.kr/blog/success-habits#post-related,https://spinkorea.kr/blog/success-habits,link:https://spinkorea.kr/blog/success-habits,blog,UNKNOWN,UNKNOWN,UNKNOWN,UNKNOWN,UNKNOWN,UNKNOWN,UNKNOWN,UNKNOWN,UNKNOWN,UNKNOWN,ROBOTS_RULE_ALLOW,False,UNKNOWN,UNKNOWN,UNKNOWN,UNKNOWN,UNKNOWN,REVIEW,UNKNOWN,Candidate only: source/future/stale-build/link evidence is not proof of public availability
https://spinkorea.kr/blog/success-habits#post-summary,https://spinkorea.kr/blog/success-habits,link:https://spinkorea.kr/blog/success-habits,blog,UNKNOWN,UNKNOWN,UNKNOWN,UNKNOWN,UNKNOWN,UNKNOWN,UNKNOWN,UNKNOWN,UNKNOWN,UNKNOWN,ROBOTS_RULE_ALLOW,False,UNKNOWN,UNKNOWN,UNKNOWN,UNKNOWN,UNKNOWN,REVIEW,UNKNOWN,Candidate only: source/future/stale-build/link evidence is not proof of public availability
https://spinkorea.kr/blog/summary-box-copy,https://spinkorea.kr/blog/summary-box-copy,post-metadata.generated.json;post-metadata.runtime.generated.json;content-plan.generated.json;existing-dist-unverified-build,blog,"요약 박스 구성 실전 흐름, 가독성부터",src/data/content-plan.generated.json,scheduled;date=2026-05-24T07:00:00+09:00,EXISTING_ARTIFACT_NOT_FRESH,UNKNOWN,UNKNOWN,UNKNOWN,UNKNOWN,UNKNOWN,UNKNOWN,ROBOTS_RULE_ALLOW,False,False,0,UNKNOWN,UNKNOWN,UNKNOWN,REVIEW,UNKNOWN,Candidate only: source/future/stale-build/link evidence is not proof of public availability
https://spinkorea.kr/blog/summary-bullet-balance,https://spinkorea.kr/blog/summary-bullet-balance,post-metadata.generated.json;post-metadata.runtime.generated.json;content-plan.generated.json;existing-dist-unverified-build,blog,"요약 bullet 균형, 검토 순서 전에 볼 점",src/data/content-plan.generated.json,scheduled;date=2026-08-10T15:00:00+09:00,EXISTING_ARTIFACT_NOT_FRESH,UNKNOWN,UNKNOWN,UNKNOWN,UNKNOWN,UNKNOWN,UNKNOWN,ROBOTS_RULE_ALLOW,False,False,0,UNKNOWN,UNKNOWN,UNKNOWN,REVIEW,UNKNOWN,Candidate only: source/future/stale-build/link evidence is not proof of public availability
https://spinkorea.kr/blog/support-macro-cleanup,https://spinkorea.kr/blog/support-macro-cleanup,post-metadata.generated.json;post-metadata.runtime.generated.json;content-plan.generated.json;existing-dist-unverified-build,blog,"고객지원 매크로 적용 순서, 공유 전 확인",src/data/content-plan.generated.json,scheduled;date=2026-07-01T05:00:00+09:00,EXISTING_ARTIFACT_NOT_FRESH,UNKNOWN,UNKNOWN,UNKNOWN,UNKNOWN,UNKNOWN,UNKNOWN,ROBOTS_RULE_ALLOW,False,False,0,UNKNOWN,UNKNOWN,UNKNOWN,REVIEW,UNKNOWN,Candidate only: source/future/stale-build/link evidence is not proof of public availability
https://spinkorea.kr/blog/survey-option-picker,https://spinkorea.kr/blog/survey-option-picker,post-metadata.generated.json;post-metadata.runtime.generated.json;content-plan.generated.json;existing-dist-unverified-build,blog,"설문 선택지 추첨 사례별 정리, 공정성 중심",src/data/content-plan.generated.json,scheduled;date=2026-05-09T12:00:00+09:00,EXISTING_ARTIFACT_NOT_FRESH,UNKNOWN,UNKNOWN,UNKNOWN,UNKNOWN,UNKNOWN,UNKNOWN,ROBOTS_RULE_ALLOW,False,False,0,UNKNOWN,UNKNOWN,UNKNOWN,REVIEW,UNKNOWN,Candidate only: source/future/stale-build/link evidence is not proof of public availability
https://spinkorea.kr/blog/survey-reward-pick,https://spinkorea.kr/blog/survey-reward-pick,post-metadata.generated.json;post-metadata.runtime.generated.json;content-plan.generated.json;existing-dist-unverified-build,blog,"설문 보상 추첨 운영법, 결과 기록 남기기",src/data/content-plan.generated.json,scheduled;date=2026-08-02T12:00:00+09:00,EXISTING_ARTIFACT_NOT_FRESH,UNKNOWN,UNKNOWN,UNKNOWN,UNKNOWN,UNKNOWN,UNKNOWN,ROBOTS_RULE_ALLOW,False,False,0,UNKNOWN,UNKNOWN,UNKNOWN,REVIEW,UNKNOWN,Candidate only: source/future/stale-build/link evidence is not proof of public availability
https://spinkorea.kr/blog/table-caption-rule,https://spinkorea.kr/blog/table-caption-rule,post-metadata.generated.json;post-metadata.runtime.generated.json;content-plan.generated.json;existing-dist-unverified-build,blog,"표 캡션 작성 실수 방지, 문서 기준 먼저",src/data/content-plan.generated.json,scheduled;date=2026-07-05T04:00:00+09:00,EXISTING_ARTIFACT_NOT_FRESH,UNKNOWN,UNKNOWN,UNKNOWN,UNKNOWN,UNKNOWN,UNKNOWN,ROBOTS_RULE_ALLOW,False,False,0,UNKNOWN,UNKNOWN,UNKNOWN,REVIEW,UNKNOWN,Candidate only: source/future/stale-build/link evidence is not proof of public availability
https://spinkorea.kr/blog/table-header-trim,https://spinkorea.kr/blog/table-header-trim,post-metadata.generated.json;post-metadata.runtime.generated.json;content-plan.generated.json;existing-dist-unverified-build,blog,"표 헤더 줄이기 운영 체크, 표현 정리 반영",src/data/content-plan.generated.json,scheduled;date=2026-08-13T03:00:00+09:00,EXISTING_ARTIFACT_NOT_FRESH,UNKNOWN,UNKNOWN,UNKNOWN,UNKNOWN,UNKNOWN,UNKNOWN,ROBOTS_RULE_ALLOW,False,False,0,UNKNOWN,UNKNOWN,UNKNOWN,REVIEW,UNKNOWN,Candidate only: source/future/stale-build/link evidence is not proof of public availability
https://spinkorea.kr/blog/task-context-snapshot,https://spinkorea.kr/blog/task-context-snapshot,post-metadata.generated.json;post-metadata.runtime.generated.json;content-plan.generated.json;existing-dist-unverified-build,blog,"작업 맥락 스냅샷, 우선순위 먼저 보기",src/data/content-plan.generated.json,scheduled;date=2026-08-26T06:00:00+09:00,EXISTING_ARTIFACT_NOT_FRESH,UNKNOWN,UNKNOWN,UNKNOWN,UNKNOWN,UNKNOWN,UNKNOWN,ROBOTS_RULE_ALLOW,False,False,0,UNKNOWN,UNKNOWN,UNKNOWN,REVIEW,UNKNOWN,Candidate only: source/future/stale-build/link evidence is not proof of public availability
https://spinkorea.kr/blog/task-done-definition,https://spinkorea.kr/blog/task-done-definition,post-metadata.generated.json;post-metadata.runtime.generated.json;content-plan.generated.json;existing-dist-unverified-build,blog,"완료 기준 정의 선택법, 결과 기록과 우선순위",src/data/content-plan.generated.json,scheduled;date=2026-07-14T08:00:00+09:00,EXISTING_ARTIFACT_NOT_FRESH,UNKNOWN,UNKNOWN,UNKNOWN,UNKNOWN,UNKNOWN,UNKNOWN,ROBOTS_RULE_ALLOW,False,False,0,UNKNOWN,UNKNOWN,UNKNOWN,REVIEW,UNKNOWN,Candidate only: source/future/stale-build/link evidence is not proof of public availability
https://spinkorea.kr/blog/task-estimate-rule,https://spinkorea.kr/blog/task-estimate-rule,post-metadata.generated.json;post-metadata.runtime.generated.json;content-plan.generated.json;existing-dist-unverified-build,blog,"작업 시간 예측 운영 체크, 결과 기록 반영",src/data/content-plan.generated.json,scheduled;date=2026-06-03T07:00:00+09:00,EXISTING_ARTIFACT_NOT_FRESH,UNKNOWN,UNKNOWN,UNKNOWN,UNKNOWN,UNKNOWN,UNKNOWN,ROBOTS_RULE_ALLOW,False,False,0,UNKNOWN,UNKNOWN,UNKNOWN,REVIEW,UNKNOWN,Candidate only: source/future/stale-build/link evidence is not proof of public availability
https://spinkorea.kr/blog/team-building-picker,https://spinkorea.kr/blog/team-building-picker,post-metadata.generated.json;post-metadata.runtime.generated.json;content-plan.generated.json;existing-dist-unverified-build,blog,"팀 빌딩 활동 선택 발행 전 검토, 참가자 목록",src/data/content-plan.generated.json,scheduled;date=2026-05-09T17:00:00+09:00,EXISTING_ARTIFACT_NOT_FRESH,UNKNOWN,UNKNOWN,UNKNOWN,UNKNOWN,UNKNOWN,UNKNOWN,ROBOTS_RULE_ALLOW,False,False,0,UNKNOWN,UNKNOWN,UNKNOWN,REVIEW,UNKNOWN,Candidate only: source/future/stale-build/link evidence is not proof of public availability
https://spinkorea.kr/blog/team-game-balance,https://spinkorea.kr/blog/team-game-balance,post-metadata.generated.json;post-metadata.runtime.generated.json;content-plan.generated.json;existing-dist-unverified-build,blog,"팀 게임 균형 배정, 공정성 먼저 보기",src/data/content-plan.generated.json,scheduled;date=2026-06-20T14:00:00+09:00,EXISTING_ARTIFACT_NOT_FRESH,UNKNOWN,UNKNOWN,UNKNOWN,UNKNOWN,UNKNOWN,UNKNOWN,ROBOTS_RULE_ALLOW,False,False,0,UNKNOWN,UNKNOWN,UNKNOWN,REVIEW,UNKNOWN,Candidate only: source/future/stale-build/link evidence is not proof of public availability
https://spinkorea.kr/blog/team-lunch-rotation,https://spinkorea.kr/blog/team-lunch-rotation,post-metadata.generated.json;post-metadata.runtime.generated.json;content-plan.generated.json;existing-dist-unverified-build,blog,"팀 점심 순번 실수 방지, 공정성 먼저",src/data/content-plan.generated.json,scheduled;date=2026-06-18T12:00:00+09:00,EXISTING_ARTIFACT_NOT_FRESH,UNKNOWN,UNKNOWN,UNKNOWN,UNKNOWN,UNKNOWN,UNKNOWN,ROBOTS_RULE_ALLOW,False,False,0,UNKNOWN,UNKNOWN,UNKNOWN,REVIEW,UNKNOWN,Candidate only: source/future/stale-build/link evidence is not proof of public availability
https://spinkorea.kr/blog/team-rotation-fairness,https://spinkorea.kr/blog/team-rotation-fairness,post-metadata.generated.json;post-metadata.runtime.generated.json;content-plan.generated.json;existing-dist-unverified-build,blog,"팀 순환 공정성 운영법, 결과 기록 남기기",src/data/content-plan.generated.json,scheduled;date=2026-07-29T08:00:00+09:00,EXISTING_ARTIFACT_NOT_FRESH,UNKNOWN,UNKNOWN,UNKNOWN,UNKNOWN,UNKNOWN,UNKNOWN,ROBOTS_RULE_ALLOW,False,False,0,UNKNOWN,UNKNOWN,UNKNOWN,REVIEW,UNKNOWN,Candidate only: source/future/stale-build/link evidence is not proof of public availability
https://spinkorea.kr/blog/temperature-conversion-offset,https://spinkorea.kr/blog/temperature-conversion-offset,post-metadata.generated.json;post-metadata.runtime.generated.json;content-plan.generated.json,blog,섭씨·화씨 변환은 왜 단순 비율이 아닐까? 온도 단위 계산법,src/data/content-plan.generated.json,scheduled;date=2026-10-14T08:00:00+09:00,UNKNOWN,UNKNOWN,UNKNOWN,UNKNOWN,UNKNOWN,UNKNOWN,UNKNOWN,ROBOTS_RULE_ALLOW,False,False,0,UNKNOWN,UNKNOWN,UNKNOWN,REVIEW,UNKNOWN,Candidate only: source/future/stale-build/link evidence is not proof of public availability
https://spinkorea.kr/blog/terms-plain-summary,https://spinkorea.kr/blog/terms-plain-summary,post-metadata.generated.json;post-metadata.runtime.generated.json;content-plan.generated.json;existing-dist-unverified-build,blog,약관 쉬운 요약 체크리스트: 검토 순서 핵심,src/data/content-plan.generated.json,scheduled;date=2026-08-13T23:00:00+09:00,EXISTING_ARTIFACT_NOT_FRESH,UNKNOWN,UNKNOWN,UNKNOWN,UNKNOWN,UNKNOWN,UNKNOWN,ROBOTS_RULE_ALLOW,False,False,0,UNKNOWN,UNKNOWN,UNKNOWN,REVIEW,UNKNOWN,Candidate only: source/future/stale-build/link evidence is not proof of public availability
https://spinkorea.kr/blog/terms-summary-copy,https://spinkorea.kr/blog/terms-summary-copy,post-metadata.generated.json;post-metadata.runtime.generated.json;content-plan.generated.json;existing-dist-unverified-build,blog,"약관 요약 문장 검토 순서, 가독성 활용",src/data/content-plan.generated.json,scheduled;date=2026-05-25T18:00:00+09:00,EXISTING_ARTIFACT_NOT_FRESH,UNKNOWN,UNKNOWN,UNKNOWN,UNKNOWN,UNKNOWN,UNKNOWN,ROBOTS_RULE_ALLOW,False,False,0,UNKNOWN,UNKNOWN,UNKNOWN,REVIEW,UNKNOWN,Candidate only: source/future/stale-build/link evidence is not proof of public availability
https://spinkorea.kr/blog/text-analysis-basics,https://spinkorea.kr/blog/text-analysis-basics,post-metadata.generated.json;post-metadata.runtime.generated.json;existing-dist-unverified-build;LIVE_SITEMAP;LIVE_RSS;link:https://spinkorea.kr/blog;LIVE_HTTP,blog,텍스트 분석의 기초: 글자수·단어수·문장수가 중요한 이유,src/data/post-metadata.runtime.generated.json,curated;date=2026-05-12,EXISTING_ARTIFACT_NOT_FRESH,200,https://spinkorea.kr/blog/text-analysis-basics,[],https://spinkorea.kr/blog/text-analysis-basics,ABSENT,ABSENT,ROBOTS_RULE_ALLOW,True,True,1,UNKNOWN,SCRIPT_PRESENT;DISPLAY_UNKNOWN,2026-09-19T23:03:53.991786+09:00,REVIEW,http-evidence.json,HTTP observation applies to fetched URL only; fragment variants retained; deployment SHA UNKNOWN
https://spinkorea.kr/blog/text-analysis-basics#post-content,https://spinkorea.kr/blog/text-analysis-basics,link:https://spinkorea.kr/blog/text-analysis-basics,blog,UNKNOWN,UNKNOWN,UNKNOWN,UNKNOWN,UNKNOWN,UNKNOWN,UNKNOWN,UNKNOWN,UNKNOWN,UNKNOWN,ROBOTS_RULE_ALLOW,False,UNKNOWN,UNKNOWN,UNKNOWN,UNKNOWN,UNKNOWN,REVIEW,UNKNOWN,Candidate only: source/future/stale-build/link evidence is not proof of public availability
https://spinkorea.kr/blog/text-analysis-basics#post-related,https://spinkorea.kr/blog/text-analysis-basics,link:https://spinkorea.kr/blog/text-analysis-basics,blog,UNKNOWN,UNKNOWN,UNKNOWN,UNKNOWN,UNKNOWN,UNKNOWN,UNKNOWN,UNKNOWN,UNKNOWN,UNKNOWN,ROBOTS_RULE_ALLOW,False,UNKNOWN,UNKNOWN,UNKNOWN,UNKNOWN,UNKNOWN,REVIEW,UNKNOWN,Candidate only: source/future/stale-build/link evidence is not proof of public availability
https://spinkorea.kr/blog/text-analysis-basics#post-summary,https://spinkorea.kr/blog/text-analysis-basics,link:https://spinkorea.kr/blog/text-analysis-basics,blog,UNKNOWN,UNKNOWN,UNKNOWN,UNKNOWN,UNKNOWN,UNKNOWN,UNKNOWN,UNKNOWN,UNKNOWN,UNKNOWN,ROBOTS_RULE_ALLOW,False,UNKNOWN,UNKNOWN,UNKNOWN,UNKNOWN,UNKNOWN,REVIEW,UNKNOWN,Candidate only: source/future/stale-build/link evidence is not proof of public availability
https://spinkorea.kr/blog/text-counter-emoji-grapheme,https://spinkorea.kr/blog/text-counter-emoji-grapheme,post-metadata.generated.json;post-metadata.runtime.generated.json;content-plan.generated.json,blog,이모지 글자수는 왜 2로 셀까? UTF-16과 사용자 문자 구분,src/data/content-plan.generated.json,scheduled;date=2026-10-13T08:00:00+09:00,UNKNOWN,UNKNOWN,UNKNOWN,UNKNOWN,UNKNOWN,UNKNOWN,UNKNOWN,ROBOTS_RULE_ALLOW,False,False,0,UNKNOWN,UNKNOWN,UNKNOWN,REVIEW,UNKNOWN,Candidate only: source/future/stale-build/link evidence is not proof of public availability
https://spinkorea.kr/blog/text-counter-guide,https://spinkorea.kr/blog/text-counter-guide,post-metadata.generated.json;post-metadata.runtime.generated.json;existing-dist-unverified-build;LIVE_SITEMAP;LIVE_RSS;link:https://spinkorea.kr/blog;LIVE_HTTP,blog,글자수 세기 완벽 가이드: 자소서·SNS·유튜브 최적 글자수,src/data/post-metadata.runtime.generated.json,curated;date=2026-01-25,EXISTING_ARTIFACT_NOT_FRESH,200,https://spinkorea.kr/blog/text-counter-guide,[],https://spinkorea.kr/blog/text-counter-guide,ABSENT,ABSENT,ROBOTS_RULE_ALLOW,True,True,1,UNKNOWN,SCRIPT_PRESENT;DISPLAY_UNKNOWN,2026-09-19T23:03:54.732134+09:00,REVIEW,http-evidence.json,HTTP observation applies to fetched URL only; fragment variants retained; deployment SHA UNKNOWN
https://spinkorea.kr/blog/text-counter-guide#post-content,https://spinkorea.kr/blog/text-counter-guide,link:https://spinkorea.kr/blog/text-counter-guide,blog,UNKNOWN,UNKNOWN,UNKNOWN,UNKNOWN,UNKNOWN,UNKNOWN,UNKNOWN,UNKNOWN,UNKNOWN,UNKNOWN,ROBOTS_RULE_ALLOW,False,UNKNOWN,UNKNOWN,UNKNOWN,UNKNOWN,UNKNOWN,REVIEW,UNKNOWN,Candidate only: source/future/stale-build/link evidence is not proof of public availability
https://spinkorea.kr/blog/text-counter-guide#post-related,https://spinkorea.kr/blog/text-counter-guide,link:https://spinkorea.kr/blog/text-counter-guide,blog,UNKNOWN,UNKNOWN,UNKNOWN,UNKNOWN,UNKNOWN,UNKNOWN,UNKNOWN,UNKNOWN,UNKNOWN,UNKNOWN,ROBOTS_RULE_ALLOW,False,UNKNOWN,UNKNOWN,UNKNOWN,UNKNOWN,UNKNOWN,REVIEW,UNKNOWN,Candidate only: source/future/stale-build/link evidence is not proof of public availability
https://spinkorea.kr/blog/text-counter-guide#post-summary,https://spinkorea.kr/blog/text-counter-guide,link:https://spinkorea.kr/blog/text-counter-guide,blog,UNKNOWN,UNKNOWN,UNKNOWN,UNKNOWN,UNKNOWN,UNKNOWN,UNKNOWN,UNKNOWN,UNKNOWN,UNKNOWN,ROBOTS_RULE_ALLOW,False,UNKNOWN,UNKNOWN,UNKNOWN,UNKNOWN,UNKNOWN,REVIEW,UNKNOWN,Candidate only: source/future/stale-build/link evidence is not proof of public availability
https://spinkorea.kr/blog/text-formatting-situations,https://spinkorea.kr/blog/text-formatting-situations,post-metadata.generated.json;post-metadata.runtime.generated.json;existing-dist-unverified-build;LIVE_SITEMAP;LIVE_RSS;link:https://spinkorea.kr/blog;LIVE_HTTP,blog,텍스트 변환이 필요한 의외의 상황 7가지,src/data/post-metadata.runtime.generated.json,curated;date=2026-05-22,EXISTING_ARTIFACT_NOT_FRESH,200,https://spinkorea.kr/blog/text-formatting-situations,[],https://spinkorea.kr/blog/text-formatting-situations,ABSENT,ABSENT,ROBOTS_RULE_ALLOW,True,True,1,UNKNOWN,SCRIPT_PRESENT;DISPLAY_UNKNOWN,2026-09-19T23:03:55.485722+09:00,REVIEW,http-evidence.json,HTTP observation applies to fetched URL only; fragment variants retained; deployment SHA UNKNOWN
https://spinkorea.kr/blog/text-formatting-situations#post-content,https://spinkorea.kr/blog/text-formatting-situations,link:https://spinkorea.kr/blog/text-formatting-situations,blog,UNKNOWN,UNKNOWN,UNKNOWN,UNKNOWN,UNKNOWN,UNKNOWN,UNKNOWN,UNKNOWN,UNKNOWN,UNKNOWN,ROBOTS_RULE_ALLOW,False,UNKNOWN,UNKNOWN,UNKNOWN,UNKNOWN,UNKNOWN,REVIEW,UNKNOWN,Candidate only: source/future/stale-build/link evidence is not proof of public availability
https://spinkorea.kr/blog/text-formatting-situations#post-related,https://spinkorea.kr/blog/text-formatting-situations,link:https://spinkorea.kr/blog/text-formatting-situations,blog,UNKNOWN,UNKNOWN,UNKNOWN,UNKNOWN,UNKNOWN,UNKNOWN,UNKNOWN,UNKNOWN,UNKNOWN,UNKNOWN,ROBOTS_RULE_ALLOW,False,UNKNOWN,UNKNOWN,UNKNOWN,UNKNOWN,UNKNOWN,REVIEW,UNKNOWN,Candidate only: source/future/stale-build/link evidence is not proof of public availability
https://spinkorea.kr/blog/text-formatting-situations#post-summary,https://spinkorea.kr/blog/text-formatting-situations,link:https://spinkorea.kr/blog/text-formatting-situations,blog,UNKNOWN,UNKNOWN,UNKNOWN,UNKNOWN,UNKNOWN,UNKNOWN,UNKNOWN,UNKNOWN,UNKNOWN,UNKNOWN,ROBOTS_RULE_ALLOW,False,UNKNOWN,UNKNOWN,UNKNOWN,UNKNOWN,UNKNOWN,REVIEW,UNKNOWN,Candidate only: source/future/stale-build/link evidence is not proof of public availability
https://spinkorea.kr/blog/text-length-frequency-workflow,https://spinkorea.kr/blog/text-length-frequency-workflow,post-metadata.generated.json;post-metadata.runtime.generated.json;content-plan.generated.json,blog,글자수와 단어 빈도를 함께 보는 짧은 편집 루틴,src/data/content-plan.generated.json,scheduled;date=2026-09-28T08:00:00+09:00,UNKNOWN,UNKNOWN,UNKNOWN,UNKNOWN,UNKNOWN,UNKNOWN,UNKNOWN,ROBOTS_RULE_ALLOW,False,False,0,UNKNOWN,UNKNOWN,UNKNOWN,REVIEW,UNKNOWN,Candidate only: source/future/stale-build/link evidence is not proof of public availability
https://spinkorea.kr/blog/thin-content-audit,https://spinkorea.kr/blog/thin-content-audit,post-metadata.generated.json;post-metadata.runtime.generated.json;content-plan.generated.json;existing-dist-unverified-build,blog,"얇은 콘텐츠 점검 적용 순서, 내부 링크 확인",src/data/content-plan.generated.json,scheduled;date=2026-06-14T13:00:00+09:00,EXISTING_ARTIFACT_NOT_FRESH,UNKNOWN,UNKNOWN,UNKNOWN,UNKNOWN,UNKNOWN,UNKNOWN,ROBOTS_RULE_ALLOW,False,False,0,UNKNOWN,UNKNOWN,UNKNOWN,REVIEW,UNKNOWN,Candidate only: source/future/stale-build/link evidence is not proof of public availability
https://spinkorea.kr/blog/thin-page-noindex,https://spinkorea.kr/blog/thin-page-noindex,post-metadata.generated.json;post-metadata.runtime.generated.json;content-plan.generated.json;existing-dist-unverified-build,blog,"얇은 페이지 색인 실수 방지, 검색 의도 먼저",src/data/content-plan.generated.json,scheduled;date=2026-07-26T00:00:00+09:00,EXISTING_ARTIFACT_NOT_FRESH,UNKNOWN,UNKNOWN,UNKNOWN,UNKNOWN,UNKNOWN,UNKNOWN,ROBOTS_RULE_ALLOW,False,False,0,UNKNOWN,UNKNOWN,UNKNOWN,REVIEW,UNKNOWN,Candidate only: source/future/stale-build/link evidence is not proof of public availability
https://spinkorea.kr/blog/thin-tool-page-support,https://spinkorea.kr/blog/thin-tool-page-support,post-metadata.generated.json;post-metadata.runtime.generated.json;content-plan.generated.json;existing-dist-unverified-build,blog,"도구 페이지 보강 운영법, 품질 점검 남기기",src/data/content-plan.generated.json,scheduled;date=2026-09-04T20:00:00+09:00,EXISTING_ARTIFACT_NOT_FRESH,UNKNOWN,UNKNOWN,UNKNOWN,UNKNOWN,UNKNOWN,UNKNOWN,ROBOTS_RULE_ALLOW,False,False,0,UNKNOWN,UNKNOWN,UNKNOWN,REVIEW,UNKNOWN,Candidate only: source/future/stale-build/link evidence is not proof of public availability
https://spinkorea.kr/blog/third-party-script-budget,https://spinkorea.kr/blog/third-party-script-budget,post-metadata.generated.json;post-metadata.runtime.generated.json;content-plan.generated.json;existing-dist-unverified-build,blog,"서드파티 스크립트 예산 발행 전 검토, 자동화",src/data/content-plan.generated.json,scheduled;date=2026-07-11T05:00:00+09:00,EXISTING_ARTIFACT_NOT_FRESH,UNKNOWN,UNKNOWN,UNKNOWN,UNKNOWN,UNKNOWN,UNKNOWN,ROBOTS_RULE_ALLOW,False,False,0,UNKNOWN,UNKNOWN,UNKNOWN,REVIEW,UNKNOWN,Candidate only: source/future/stale-build/link evidence is not proof of public availability
https://spinkorea.kr/blog/ticket-price-compare,https://spinkorea.kr/blog/ticket-price-compare,post-metadata.generated.json;post-metadata.runtime.generated.json;content-plan.generated.json;existing-dist-unverified-build,blog,"티켓 가격 비교 판단법, 결과 해석 중심",src/data/content-plan.generated.json,scheduled;date=2026-05-19T17:00:00+09:00,EXISTING_ARTIFACT_NOT_FRESH,UNKNOWN,UNKNOWN,UNKNOWN,UNKNOWN,UNKNOWN,UNKNOWN,ROBOTS_RULE_ALLOW,False,False,0,UNKNOWN,UNKNOWN,UNKNOWN,REVIEW,UNKNOWN,Candidate only: source/future/stale-build/link evidence is not proof of public availability
https://spinkorea.kr/blog/time-add-minutes-blocks,https://spinkorea.kr/blog/time-add-minutes-blocks,post-metadata.generated.json;post-metadata.runtime.generated.json;content-plan.generated.json,blog,시간 더하기 계산기에서 135분을 2시간 15분으로 넣는 법,src/data/content-plan.generated.json,scheduled;date=2026-10-21T08:00:00+09:00,UNKNOWN,UNKNOWN,UNKNOWN,UNKNOWN,UNKNOWN,UNKNOWN,UNKNOWN,ROBOTS_RULE_ALLOW,False,False,0,UNKNOWN,UNKNOWN,UNKNOWN,REVIEW,UNKNOWN,Candidate only: source/future/stale-build/link evidence is not proof of public availability
https://spinkorea.kr/blog/time-calculator-guide,https://spinkorea.kr/blog/time-calculator-guide,post-metadata.generated.json;post-metadata.runtime.generated.json;existing-dist-unverified-build;LIVE_SITEMAP;LIVE_RSS;link:https://spinkorea.kr/blog;LIVE_HTTP,blog,시간 계산기 완벽 가이드: 근무시간·포모도로·시간대 계산,src/data/post-metadata.runtime.generated.json,curated;date=2026-03-01,EXISTING_ARTIFACT_NOT_FRESH,200,https://spinkorea.kr/blog/time-calculator-guide,[],https://spinkorea.kr/blog/time-calculator-guide,ABSENT,ABSENT,ROBOTS_RULE_ALLOW,True,True,1,UNKNOWN,SCRIPT_PRESENT;DISPLAY_UNKNOWN,2026-09-19T23:03:56.250529+09:00,REVIEW,http-evidence.json,HTTP observation applies to fetched URL only; fragment variants retained; deployment SHA UNKNOWN
https://spinkorea.kr/blog/time-calculator-guide#post-content,https://spinkorea.kr/blog/time-calculator-guide,link:https://spinkorea.kr/blog/time-calculator-guide,blog,UNKNOWN,UNKNOWN,UNKNOWN,UNKNOWN,UNKNOWN,UNKNOWN,UNKNOWN,UNKNOWN,UNKNOWN,UNKNOWN,ROBOTS_RULE_ALLOW,False,UNKNOWN,UNKNOWN,UNKNOWN,UNKNOWN,UNKNOWN,REVIEW,UNKNOWN,Candidate only: source/future/stale-build/link evidence is not proof of public availability
https://spinkorea.kr/blog/time-calculator-guide#post-related,https://spinkorea.kr/blog/time-calculator-guide,link:https://spinkorea.kr/blog/time-calculator-guide,blog,UNKNOWN,UNKNOWN,UNKNOWN,UNKNOWN,UNKNOWN,UNKNOWN,UNKNOWN,UNKNOWN,UNKNOWN,UNKNOWN,ROBOTS_RULE_ALLOW,False,UNKNOWN,UNKNOWN,UNKNOWN,UNKNOWN,UNKNOWN,REVIEW,UNKNOWN,Candidate only: source/future/stale-build/link evidence is not proof of public availability
https://spinkorea.kr/blog/time-calculator-guide#post-summary,https://spinkorea.kr/blog/time-calculator-guide,link:https://spinkorea.kr/blog/time-calculator-guide,blog,UNKNOWN,UNKNOWN,UNKNOWN,UNKNOWN,UNKNOWN,UNKNOWN,UNKNOWN,UNKNOWN,UNKNOWN,UNKNOWN,ROBOTS_RULE_ALLOW,False,UNKNOWN,UNKNOWN,UNKNOWN,UNKNOWN,UNKNOWN,REVIEW,UNKNOWN,Candidate only: source/future/stale-build/link evidence is not proof of public availability
https://spinkorea.kr/blog/time-calculator-overnight,https://spinkorea.kr/blog/time-calculator-overnight,post-metadata.generated.json;post-metadata.runtime.generated.json;content-plan.generated.json,blog,시간 계산기에서 22:00→06:00은 몇 시간일까? 자정 넘김 계산법,src/data/content-plan.generated.json,scheduled;date=2026-10-12T08:00:00+09:00,UNKNOWN,UNKNOWN,UNKNOWN,UNKNOWN,UNKNOWN,UNKNOWN,UNKNOWN,ROBOTS_RULE_ALLOW,False,False,0,UNKNOWN,UNKNOWN,UNKNOWN,REVIEW,UNKNOWN,Candidate only: source/future/stale-build/link evidence is not proof of public availability
https://spinkorea.kr/blog/time-management-productivity,https://spinkorea.kr/blog/time-management-productivity,post-metadata.generated.json;post-metadata.runtime.generated.json;existing-dist-unverified-build;LIVE_SITEMAP;LIVE_RSS;link:https://spinkorea.kr/blog;LIVE_HTTP,blog,시간 관리의 기술: 생산성을 2배로 높이는 실전 전략,src/data/post-metadata.runtime.generated.json,curated;date=2025-12-14,EXISTING_ARTIFACT_NOT_FRESH,200,https://spinkorea.kr/blog/time-management-productivity,[],https://spinkorea.kr/blog/time-management-productivity,ABSENT,ABSENT,ROBOTS_RULE_ALLOW,True,True,1,UNKNOWN,SCRIPT_PRESENT;DISPLAY_UNKNOWN,2026-09-19T23:03:56.994747+09:00,REVIEW,http-evidence.json,HTTP observation applies to fetched URL only; fragment variants retained; deployment SHA UNKNOWN
https://spinkorea.kr/blog/time-management-productivity#post-content,https://spinkorea.kr/blog/time-management-productivity,link:https://spinkorea.kr/blog/time-management-productivity,blog,UNKNOWN,UNKNOWN,UNKNOWN,UNKNOWN,UNKNOWN,UNKNOWN,UNKNOWN,UNKNOWN,UNKNOWN,UNKNOWN,ROBOTS_RULE_ALLOW,False,UNKNOWN,UNKNOWN,UNKNOWN,UNKNOWN,UNKNOWN,REVIEW,UNKNOWN,Candidate only: source/future/stale-build/link evidence is not proof of public availability
https://spinkorea.kr/blog/time-management-productivity#post-related,https://spinkorea.kr/blog/time-management-productivity,link:https://spinkorea.kr/blog/time-management-productivity,blog,UNKNOWN,UNKNOWN,UNKNOWN,UNKNOWN,UNKNOWN,UNKNOWN,UNKNOWN,UNKNOWN,UNKNOWN,UNKNOWN,ROBOTS_RULE_ALLOW,False,UNKNOWN,UNKNOWN,UNKNOWN,UNKNOWN,UNKNOWN,REVIEW,UNKNOWN,Candidate only: source/future/stale-build/link evidence is not proof of public availability
https://spinkorea.kr/blog/time-management-productivity#post-summary,https://spinkorea.kr/blog/time-management-productivity,link:https://spinkorea.kr/blog/time-management-productivity,blog,UNKNOWN,UNKNOWN,UNKNOWN,UNKNOWN,UNKNOWN,UNKNOWN,UNKNOWN,UNKNOWN,UNKNOWN,UNKNOWN,ROBOTS_RULE_ALLOW,False,UNKNOWN,UNKNOWN,UNKNOWN,UNKNOWN,UNKNOWN,REVIEW,UNKNOWN,Candidate only: source/future/stale-build/link evidence is not proof of public availability
https://spinkorea.kr/blog/time-zone-meeting,https://spinkorea.kr/blog/time-zone-meeting,post-metadata.generated.json;post-metadata.runtime.generated.json;content-plan.generated.json;existing-dist-unverified-build,blog,"시차 회의 시간 상황별 표, 생활 적용",src/data/content-plan.generated.json,scheduled;date=2026-05-15T18:00:00+09:00,EXISTING_ARTIFACT_NOT_FRESH,UNKNOWN,UNKNOWN,UNKNOWN,UNKNOWN,UNKNOWN,UNKNOWN,ROBOTS_RULE_ALLOW,False,False,0,UNKNOWN,UNKNOWN,UNKNOWN,REVIEW,UNKNOWN,Candidate only: source/future/stale-build/link evidence is not proof of public availability
https://spinkorea.kr/blog/timestamp-debug,https://spinkorea.kr/blog/timestamp-debug,post-metadata.generated.json;post-metadata.runtime.generated.json;content-plan.generated.json;existing-dist-unverified-build,blog,"타임스탬프 디버깅 실수 방지, 검증 절차 먼저",src/data/content-plan.generated.json,scheduled;date=2026-05-28T16:00:00+09:00,EXISTING_ARTIFACT_NOT_FRESH,UNKNOWN,UNKNOWN,UNKNOWN,UNKNOWN,UNKNOWN,UNKNOWN,ROBOTS_RULE_ALLOW,False,False,0,UNKNOWN,UNKNOWN,UNKNOWN,REVIEW,UNKNOWN,Candidate only: source/future/stale-build/link evidence is not proof of public availability
https://spinkorea.kr/blog/tip-split-korea,https://spinkorea.kr/blog/tip-split-korea,post-metadata.generated.json;post-metadata.runtime.generated.json;content-plan.generated.json;existing-dist-unverified-build,blog,"서비스 비용 나누기 개선 포인트, 계산 기준",src/data/content-plan.generated.json,scheduled;date=2026-06-23T07:00:00+09:00,EXISTING_ARTIFACT_NOT_FRESH,UNKNOWN,UNKNOWN,UNKNOWN,UNKNOWN,UNKNOWN,UNKNOWN,ROBOTS_RULE_ALLOW,False,False,0,UNKNOWN,UNKNOWN,UNKNOWN,REVIEW,UNKNOWN,Candidate only: source/future/stale-build/link evidence is not proof of public availability
https://spinkorea.kr/blog/title-keyword-front,https://spinkorea.kr/blog/title-keyword-front,post-metadata.generated.json;post-metadata.runtime.generated.json;content-plan.generated.json;existing-dist-unverified-build,blog,"제목 키워드 앞배치 운영법, 공유 전 확인 남기기",src/data/content-plan.generated.json,scheduled;date=2026-08-10T20:00:00+09:00,EXISTING_ARTIFACT_NOT_FRESH,UNKNOWN,UNKNOWN,UNKNOWN,UNKNOWN,UNKNOWN,UNKNOWN,ROBOTS_RULE_ALLOW,False,False,0,UNKNOWN,UNKNOWN,UNKNOWN,REVIEW,UNKNOWN,Candidate only: source/future/stale-build/link evidence is not proof of public availability
https://spinkorea.kr/blog/title-similarity-gate,https://spinkorea.kr/blog/title-similarity-gate,post-metadata.generated.json;post-metadata.runtime.generated.json;content-plan.generated.json;existing-dist-unverified-build,blog,"제목 유사도 게이트 적용 순서, 배포 전 점검 확인",src/data/content-plan.generated.json,scheduled;date=2026-08-20T05:00:00+09:00,EXISTING_ARTIFACT_NOT_FRESH,UNKNOWN,UNKNOWN,UNKNOWN,UNKNOWN,UNKNOWN,UNKNOWN,ROBOTS_RULE_ALLOW,False,False,0,UNKNOWN,UNKNOWN,UNKNOWN,REVIEW,UNKNOWN,Candidate only: source/future/stale-build/link evidence is not proof of public availability
https://spinkorea.kr/blog/tone-of-voice-note,https://spinkorea.kr/blog/tone-of-voice-note,post-metadata.generated.json;post-metadata.runtime.generated.json;content-plan.generated.json;existing-dist-unverified-build,blog,문체 기준표 FAQ: 문서 기준 답변,src/data/content-plan.generated.json,scheduled;date=2026-05-23T06:00:00+09:00,EXISTING_ARTIFACT_NOT_FRESH,UNKNOWN,UNKNOWN,UNKNOWN,UNKNOWN,UNKNOWN,UNKNOWN,ROBOTS_RULE_ALLOW,False,False,0,UNKNOWN,UNKNOWN,UNKNOWN,REVIEW,UNKNOWN,Candidate only: source/future/stale-build/link evidence is not proof of public availability
https://spinkorea.kr/blog/tool-shortcut-list,https://spinkorea.kr/blog/tool-shortcut-list,post-metadata.generated.json;post-metadata.runtime.generated.json;content-plan.generated.json;existing-dist-unverified-build,blog,"도구 바로가기 목록 선택법, 결과 기록과 우선순위",src/data/content-plan.generated.json,scheduled;date=2026-06-06T20:00:00+09:00,EXISTING_ARTIFACT_NOT_FRESH,UNKNOWN,UNKNOWN,UNKNOWN,UNKNOWN,UNKNOWN,UNKNOWN,ROBOTS_RULE_ALLOW,False,False,0,UNKNOWN,UNKNOWN,UNKNOWN,REVIEW,UNKNOWN,Candidate only: source/future/stale-build/link evidence is not proof of public availability
https://spinkorea.kr/blog/tool-stack-inventory,https://spinkorea.kr/blog/tool-stack-inventory,post-metadata.generated.json;post-metadata.runtime.generated.json;content-plan.generated.json;existing-dist-unverified-build,blog,"도구 목록 인벤토리 발행 전 검토, 회의 운영",src/data/content-plan.generated.json,scheduled;date=2026-07-15T09:00:00+09:00,EXISTING_ARTIFACT_NOT_FRESH,UNKNOWN,UNKNOWN,UNKNOWN,UNKNOWN,UNKNOWN,UNKNOWN,ROBOTS_RULE_ALLOW,False,False,0,UNKNOWN,UNKNOWN,UNKNOWN,REVIEW,UNKNOWN,Candidate only: source/future/stale-build/link evidence is not proof of public availability
https://spinkorea.kr/blog/tooltip-short-rule,https://spinkorea.kr/blog/tooltip-short-rule,post-metadata.generated.json;post-metadata.runtime.generated.json;content-plan.generated.json;existing-dist-unverified-build,blog,"짧은 툴팁 기준 실행 순서, 공유 전 확인까지",src/data/content-plan.generated.json,scheduled;date=2026-08-14T04:00:00+09:00,EXISTING_ARTIFACT_NOT_FRESH,UNKNOWN,UNKNOWN,UNKNOWN,UNKNOWN,UNKNOWN,UNKNOWN,ROBOTS_RULE_ALLOW,False,False,0,UNKNOWN,UNKNOWN,UNKNOWN,REVIEW,UNKNOWN,Candidate only: source/future/stale-build/link evidence is not proof of public availability
https://spinkorea.kr/blog/tooltip-wording,https://spinkorea.kr/blog/tooltip-wording,post-metadata.generated.json;post-metadata.runtime.generated.json;content-plan.generated.json;existing-dist-unverified-build,blog,"툴팁 문장 발행 전 검토, 순서",src/data/content-plan.generated.json,scheduled;date=2026-07-02T21:00:00+09:00,EXISTING_ARTIFACT_NOT_FRESH,UNKNOWN,UNKNOWN,UNKNOWN,UNKNOWN,UNKNOWN,UNKNOWN,ROBOTS_RULE_ALLOW,False,False,0,UNKNOWN,UNKNOWN,UNKNOWN,REVIEW,UNKNOWN,Candidate only: source/future/stale-build/link evidence is not proof of public availability
https://spinkorea.kr/blog/topic-cluster-balance,https://spinkorea.kr/blog/topic-cluster-balance,post-metadata.generated.json;post-metadata.runtime.generated.json;content-plan.generated.json;existing-dist-unverified-build,blog,"주제 클러스터 균형 운영 체크, 메타 설명 반영",src/data/content-plan.generated.json,scheduled;date=2026-09-02T23:00:00+09:00,EXISTING_ARTIFACT_NOT_FRESH,UNKNOWN,UNKNOWN,UNKNOWN,UNKNOWN,UNKNOWN,UNKNOWN,ROBOTS_RULE_ALLOW,False,False,0,UNKNOWN,UNKNOWN,UNKNOWN,REVIEW,UNKNOWN,Candidate only: source/future/stale-build/link evidence is not proof of public availability
https://spinkorea.kr/blog/topic-gap-review,https://spinkorea.kr/blog/topic-gap-review,post-metadata.generated.json;post-metadata.runtime.generated.json;content-plan.generated.json;existing-dist-unverified-build,blog,"주제 공백 점검 실수 방지, 우선순위 먼저",src/data/content-plan.generated.json,scheduled;date=2026-08-24T04:00:00+09:00,EXISTING_ARTIFACT_NOT_FRESH,UNKNOWN,UNKNOWN,UNKNOWN,UNKNOWN,UNKNOWN,UNKNOWN,ROBOTS_RULE_ALLOW,False,False,0,UNKNOWN,UNKNOWN,UNKNOWN,REVIEW,UNKNOWN,Candidate only: source/future/stale-build/link evidence is not proof of public availability
https://spinkorea.kr/blog/travel-budget-sheet,https://spinkorea.kr/blog/travel-budget-sheet,post-metadata.generated.json;post-metadata.runtime.generated.json;content-plan.generated.json;existing-dist-unverified-build,blog,"여행 예산 나누기 발행 전 검토, 결과 해석",src/data/content-plan.generated.json,scheduled;date=2026-05-13T21:00:00+09:00,EXISTING_ARTIFACT_NOT_FRESH,UNKNOWN,UNKNOWN,UNKNOWN,UNKNOWN,UNKNOWN,UNKNOWN,ROBOTS_RULE_ALLOW,False,False,0,UNKNOWN,UNKNOWN,UNKNOWN,REVIEW,UNKNOWN,Candidate only: source/future/stale-build/link evidence is not proof of public availability
https://spinkorea.kr/blog/travel-day-budget,https://spinkorea.kr/blog/travel-day-budget,post-metadata.generated.json;post-metadata.runtime.generated.json;content-plan.generated.json;existing-dist-unverified-build,blog,"하루 여행비 계산, 결과 해석 전에 볼 점",src/data/content-plan.generated.json,scheduled;date=2026-06-25T19:00:00+09:00,EXISTING_ARTIFACT_NOT_FRESH,UNKNOWN,UNKNOWN,UNKNOWN,UNKNOWN,UNKNOWN,UNKNOWN,ROBOTS_RULE_ALLOW,False,False,0,UNKNOWN,UNKNOWN,UNKNOWN,REVIEW,UNKNOWN,Candidate only: source/future/stale-build/link evidence is not proof of public availability
https://spinkorea.kr/blog/travel-destination-picker,https://spinkorea.kr/blog/travel-destination-picker,post-metadata.generated.json;post-metadata.runtime.generated.json;content-plan.generated.json;existing-dist-unverified-build,blog,"여행지 랜덤 선택 실수 방지, 공정성 먼저",src/data/content-plan.generated.json,scheduled;date=2026-05-07T20:00:00+09:00,EXISTING_ARTIFACT_NOT_FRESH,UNKNOWN,UNKNOWN,UNKNOWN,UNKNOWN,UNKNOWN,UNKNOWN,ROBOTS_RULE_ALLOW,False,False,0,UNKNOWN,UNKNOWN,UNKNOWN,REVIEW,UNKNOWN,Candidate only: source/future/stale-build/link evidence is not proof of public availability
https://spinkorea.kr/blog/travel-packing-count,https://spinkorea.kr/blog/travel-packing-count,post-metadata.generated.json;post-metadata.runtime.generated.json;content-plan.generated.json;existing-dist-unverified-build,blog,"여행 짐 수량 사례별 정리, 계산 기준 중심",src/data/content-plan.generated.json,scheduled;date=2026-08-09T04:00:00+09:00,EXISTING_ARTIFACT_NOT_FRESH,UNKNOWN,UNKNOWN,UNKNOWN,UNKNOWN,UNKNOWN,UNKNOWN,ROBOTS_RULE_ALLOW,False,False,0,UNKNOWN,UNKNOWN,UNKNOWN,REVIEW,UNKNOWN,Candidate only: source/future/stale-build/link evidence is not proof of public availability
https://spinkorea.kr/blog/two-minute-rule-note,https://spinkorea.kr/blog/two-minute-rule-note,post-metadata.generated.json;post-metadata.runtime.generated.json;content-plan.generated.json;existing-dist-unverified-build,blog,2분 규칙 메모 체크리스트: 회의 운영 핵심,src/data/content-plan.generated.json,scheduled;date=2026-07-15T19:00:00+09:00,EXISTING_ARTIFACT_NOT_FRESH,UNKNOWN,UNKNOWN,UNKNOWN,UNKNOWN,UNKNOWN,UNKNOWN,ROBOTS_RULE_ALLOW,False,False,0,UNKNOWN,UNKNOWN,UNKNOWN,REVIEW,UNKNOWN,Candidate only: source/future/stale-build/link evidence is not proof of public availability
https://spinkorea.kr/blog/unit-conversion-life,https://spinkorea.kr/blog/unit-conversion-life,post-metadata.generated.json;post-metadata.runtime.generated.json;existing-dist-unverified-build;LIVE_SITEMAP;LIVE_RSS;link:https://spinkorea.kr/blog;LIVE_HTTP,blog,단위 변환 실전 가이드: cm·kg·°C를 자유자재로 다루는 법,src/data/post-metadata.runtime.generated.json,curated;date=2026-04-20,EXISTING_ARTIFACT_NOT_FRESH,200,https://spinkorea.kr/blog/unit-conversion-life,[],https://spinkorea.kr/blog/unit-conversion-life,ABSENT,ABSENT,ROBOTS_RULE_ALLOW,True,True,1,UNKNOWN,SCRIPT_PRESENT;DISPLAY_UNKNOWN,2026-09-19T23:03:57.751947+09:00,REVIEW,http-evidence.json,HTTP observation applies to fetched URL only; fragment variants retained; deployment SHA UNKNOWN
https://spinkorea.kr/blog/unit-conversion-life#post-content,https://spinkorea.kr/blog/unit-conversion-life,link:https://spinkorea.kr/blog/unit-conversion-life,blog,UNKNOWN,UNKNOWN,UNKNOWN,UNKNOWN,UNKNOWN,UNKNOWN,UNKNOWN,UNKNOWN,UNKNOWN,UNKNOWN,ROBOTS_RULE_ALLOW,False,UNKNOWN,UNKNOWN,UNKNOWN,UNKNOWN,UNKNOWN,REVIEW,UNKNOWN,Candidate only: source/future/stale-build/link evidence is not proof of public availability
https://spinkorea.kr/blog/unit-conversion-life#post-related,https://spinkorea.kr/blog/unit-conversion-life,link:https://spinkorea.kr/blog/unit-conversion-life,blog,UNKNOWN,UNKNOWN,UNKNOWN,UNKNOWN,UNKNOWN,UNKNOWN,UNKNOWN,UNKNOWN,UNKNOWN,UNKNOWN,ROBOTS_RULE_ALLOW,False,UNKNOWN,UNKNOWN,UNKNOWN,UNKNOWN,UNKNOWN,REVIEW,UNKNOWN,Candidate only: source/future/stale-build/link evidence is not proof of public availability
https://spinkorea.kr/blog/unit-conversion-life#post-summary,https://spinkorea.kr/blog/unit-conversion-life,link:https://spinkorea.kr/blog/unit-conversion-life,blog,UNKNOWN,UNKNOWN,UNKNOWN,UNKNOWN,UNKNOWN,UNKNOWN,UNKNOWN,UNKNOWN,UNKNOWN,UNKNOWN,ROBOTS_RULE_ALLOW,False,UNKNOWN,UNKNOWN,UNKNOWN,UNKNOWN,UNKNOWN,REVIEW,UNKNOWN,Candidate only: source/future/stale-build/link evidence is not proof of public availability
https://spinkorea.kr/blog/unit-converter-guide,https://spinkorea.kr/blog/unit-converter-guide,post-metadata.generated.json;post-metadata.runtime.generated.json;existing-dist-unverified-build;LIVE_SITEMAP;LIVE_RSS;link:https://spinkorea.kr/blog;LIVE_HTTP,blog,"단위 변환기 완벽 가이드: km↔mile, kg↔lb, °C↔°F 빠른 변환",src/data/post-metadata.runtime.generated.json,curated;date=2026-02-01,EXISTING_ARTIFACT_NOT_FRESH,200,https://spinkorea.kr/blog/unit-converter-guide,[],https://spinkorea.kr/blog/unit-converter-guide,ABSENT,ABSENT,ROBOTS_RULE_ALLOW,True,True,1,UNKNOWN,SCRIPT_PRESENT;DISPLAY_UNKNOWN,2026-09-19T23:03:58.522084+09:00,REVIEW,http-evidence.json,HTTP observation applies to fetched URL only; fragment variants retained; deployment SHA UNKNOWN
https://spinkorea.kr/blog/unit-converter-guide#post-content,https://spinkorea.kr/blog/unit-converter-guide,link:https://spinkorea.kr/blog/unit-converter-guide,blog,UNKNOWN,UNKNOWN,UNKNOWN,UNKNOWN,UNKNOWN,UNKNOWN,UNKNOWN,UNKNOWN,UNKNOWN,UNKNOWN,ROBOTS_RULE_ALLOW,False,UNKNOWN,UNKNOWN,UNKNOWN,UNKNOWN,UNKNOWN,REVIEW,UNKNOWN,Candidate only: source/future/stale-build/link evidence is not proof of public availability
https://spinkorea.kr/blog/unit-converter-guide#post-related,https://spinkorea.kr/blog/unit-converter-guide,link:https://spinkorea.kr/blog/unit-converter-guide,blog,UNKNOWN,UNKNOWN,UNKNOWN,UNKNOWN,UNKNOWN,UNKNOWN,UNKNOWN,UNKNOWN,UNKNOWN,UNKNOWN,ROBOTS_RULE_ALLOW,False,UNKNOWN,UNKNOWN,UNKNOWN,UNKNOWN,UNKNOWN,REVIEW,UNKNOWN,Candidate only: source/future/stale-build/link evidence is not proof of public availability
https://spinkorea.kr/blog/unit-converter-guide#post-summary,https://spinkorea.kr/blog/unit-converter-guide,link:https://spinkorea.kr/blog/unit-converter-guide,blog,UNKNOWN,UNKNOWN,UNKNOWN,UNKNOWN,UNKNOWN,UNKNOWN,UNKNOWN,UNKNOWN,UNKNOWN,UNKNOWN,ROBOTS_RULE_ALLOW,False,UNKNOWN,UNKNOWN,UNKNOWN,UNKNOWN,UNKNOWN,REVIEW,UNKNOWN,Candidate only: source/future/stale-build/link evidence is not proof of public availability
https://spinkorea.kr/blog/unit-note-recipe,https://spinkorea.kr/blog/unit-note-recipe,post-metadata.generated.json;post-metadata.runtime.generated.json;content-plan.generated.json;existing-dist-unverified-build,blog,"레시피 단위 변환 실전 흐름, 입력값 확인부터",src/data/content-plan.generated.json,scheduled;date=2026-05-15T23:00:00+09:00,EXISTING_ARTIFACT_NOT_FRESH,UNKNOWN,UNKNOWN,UNKNOWN,UNKNOWN,UNKNOWN,UNKNOWN,ROBOTS_RULE_ALLOW,False,False,0,UNKNOWN,UNKNOWN,UNKNOWN,REVIEW,UNKNOWN,Candidate only: source/future/stale-build/link evidence is not proof of public availability
https://spinkorea.kr/blog/unix-seconds-milliseconds,https://spinkorea.kr/blog/unix-seconds-milliseconds,post-metadata.generated.json;post-metadata.runtime.generated.json;content-plan.generated.json,blog,Unix timestamp 10자리와 13자리 구분법,src/data/content-plan.generated.json,scheduled;date=2026-09-21T08:00:00+09:00,UNKNOWN,UNKNOWN,UNKNOWN,UNKNOWN,UNKNOWN,UNKNOWN,UNKNOWN,ROBOTS_RULE_ALLOW,False,False,0,UNKNOWN,UNKNOWN,UNKNOWN,REVIEW,UNKNOWN,Candidate only: source/future/stale-build/link evidence is not proof of public availability
https://spinkorea.kr/blog/unix-timestamp-guide,https://spinkorea.kr/blog/unix-timestamp-guide,post-metadata.generated.json;post-metadata.runtime.generated.json;existing-dist-unverified-build;LIVE_SITEMAP;LIVE_RSS;link:https://spinkorea.kr/blog;LIVE_HTTP,blog,Unix 타임스탬프 완벽 가이드: 개발자가 시간을 숫자로 다루는 법,src/data/post-metadata.runtime.generated.json,curated;date=2026-03-25,EXISTING_ARTIFACT_NOT_FRESH,200,https://spinkorea.kr/blog/unix-timestamp-guide,[],https://spinkorea.kr/blog/unix-timestamp-guide,ABSENT,ABSENT,ROBOTS_RULE_ALLOW,True,True,1,UNKNOWN,SCRIPT_PRESENT;DISPLAY_UNKNOWN,2026-09-19T23:03:59.302579+09:00,REVIEW,http-evidence.json,HTTP observation applies to fetched URL only; fragment variants retained; deployment SHA UNKNOWN
https://spinkorea.kr/blog/unix-timestamp-guide#post-content,https://spinkorea.kr/blog/unix-timestamp-guide,link:https://spinkorea.kr/blog/unix-timestamp-guide,blog,UNKNOWN,UNKNOWN,UNKNOWN,UNKNOWN,UNKNOWN,UNKNOWN,UNKNOWN,UNKNOWN,UNKNOWN,UNKNOWN,ROBOTS_RULE_ALLOW,False,UNKNOWN,UNKNOWN,UNKNOWN,UNKNOWN,UNKNOWN,REVIEW,UNKNOWN,Candidate only: source/future/stale-build/link evidence is not proof of public availability
https://spinkorea.kr/blog/unix-timestamp-guide#post-related,https://spinkorea.kr/blog/unix-timestamp-guide,link:https://spinkorea.kr/blog/unix-timestamp-guide,blog,UNKNOWN,UNKNOWN,UNKNOWN,UNKNOWN,UNKNOWN,UNKNOWN,UNKNOWN,UNKNOWN,UNKNOWN,UNKNOWN,ROBOTS_RULE_ALLOW,False,UNKNOWN,UNKNOWN,UNKNOWN,UNKNOWN,UNKNOWN,REVIEW,UNKNOWN,Candidate only: source/future/stale-build/link evidence is not proof of public availability
https://spinkorea.kr/blog/unix-timestamp-guide#post-summary,https://spinkorea.kr/blog/unix-timestamp-guide,link:https://spinkorea.kr/blog/unix-timestamp-guide,blog,UNKNOWN,UNKNOWN,UNKNOWN,UNKNOWN,UNKNOWN,UNKNOWN,UNKNOWN,UNKNOWN,UNKNOWN,UNKNOWN,ROBOTS_RULE_ALLOW,False,UNKNOWN,UNKNOWN,UNKNOWN,UNKNOWN,UNKNOWN,REVIEW,UNKNOWN,Candidate only: source/future/stale-build/link evidence is not proof of public availability
https://spinkorea.kr/blog/uri-encoder-guide,https://spinkorea.kr/blog/uri-encoder-guide,post-metadata.generated.json;post-metadata.runtime.generated.json;existing-dist-unverified-build;LIVE_SITEMAP;LIVE_RSS;link:https://spinkorea.kr/blog;LIVE_HTTP,blog,URL 인코딩 완벽 가이드: 한글 주소가 %EC%95%88%EB%85%95이 되는 이유,src/data/post-metadata.runtime.generated.json,curated;date=2026-03-22,EXISTING_ARTIFACT_NOT_FRESH,200,https://spinkorea.kr/blog/uri-encoder-guide,[],https://spinkorea.kr/blog/uri-encoder-guide,ABSENT,ABSENT,ROBOTS_RULE_ALLOW,True,True,1,UNKNOWN,SCRIPT_PRESENT;DISPLAY_UNKNOWN,2026-09-19T23:04:00.055244+09:00,REVIEW,http-evidence.json,HTTP observation applies to fetched URL only; fragment variants retained; deployment SHA UNKNOWN
https://spinkorea.kr/blog/uri-encoder-guide#post-content,https://spinkorea.kr/blog/uri-encoder-guide,link:https://spinkorea.kr/blog/uri-encoder-guide,blog,UNKNOWN,UNKNOWN,UNKNOWN,UNKNOWN,UNKNOWN,UNKNOWN,UNKNOWN,UNKNOWN,UNKNOWN,UNKNOWN,ROBOTS_RULE_ALLOW,False,UNKNOWN,UNKNOWN,UNKNOWN,UNKNOWN,UNKNOWN,REVIEW,UNKNOWN,Candidate only: source/future/stale-build/link evidence is not proof of public availability
https://spinkorea.kr/blog/uri-encoder-guide#post-related,https://spinkorea.kr/blog/uri-encoder-guide,link:https://spinkorea.kr/blog/uri-encoder-guide,blog,UNKNOWN,UNKNOWN,UNKNOWN,UNKNOWN,UNKNOWN,UNKNOWN,UNKNOWN,UNKNOWN,UNKNOWN,UNKNOWN,ROBOTS_RULE_ALLOW,False,UNKNOWN,UNKNOWN,UNKNOWN,UNKNOWN,UNKNOWN,REVIEW,UNKNOWN,Candidate only: source/future/stale-build/link evidence is not proof of public availability
https://spinkorea.kr/blog/uri-encoder-guide#post-summary,https://spinkorea.kr/blog/uri-encoder-guide,link:https://spinkorea.kr/blog/uri-encoder-guide,blog,UNKNOWN,UNKNOWN,UNKNOWN,UNKNOWN,UNKNOWN,UNKNOWN,UNKNOWN,UNKNOWN,UNKNOWN,UNKNOWN,ROBOTS_RULE_ALLOW,False,UNKNOWN,UNKNOWN,UNKNOWN,UNKNOWN,UNKNOWN,REVIEW,UNKNOWN,Candidate only: source/future/stale-build/link evidence is not proof of public availability
https://spinkorea.kr/blog/urierror-malformed-percent-encoding,https://spinkorea.kr/blog/urierror-malformed-percent-encoding,post-metadata.generated.json;post-metadata.runtime.generated.json;content-plan.generated.json,blog,"URIError 해결, 잘린 퍼센트 인코딩 찾기",src/data/content-plan.generated.json,scheduled;date=2026-10-05T08:00:00+09:00,UNKNOWN,UNKNOWN,UNKNOWN,UNKNOWN,UNKNOWN,UNKNOWN,UNKNOWN,ROBOTS_RULE_ALLOW,False,False,0,UNKNOWN,UNKNOWN,UNKNOWN,REVIEW,UNKNOWN,Candidate only: source/future/stale-build/link evidence is not proof of public availability
https://spinkorea.kr/blog/url-encoding-case,https://spinkorea.kr/blog/url-encoding-case,post-metadata.generated.json;post-metadata.runtime.generated.json;content-plan.generated.json;existing-dist-unverified-build,blog,"URL 인코딩 기준 상황별 표, 배포 전 점검",src/data/content-plan.generated.json,scheduled;date=2026-05-28T06:00:00+09:00,EXISTING_ARTIFACT_NOT_FRESH,UNKNOWN,UNKNOWN,UNKNOWN,UNKNOWN,UNKNOWN,UNKNOWN,ROBOTS_RULE_ALLOW,False,False,0,UNKNOWN,UNKNOWN,UNKNOWN,REVIEW,UNKNOWN,Candidate only: source/future/stale-build/link evidence is not proof of public availability
https://spinkorea.kr/blog/url-shortener-tech,https://spinkorea.kr/blog/url-shortener-tech,post-metadata.generated.json;post-metadata.runtime.generated.json;existing-dist-unverified-build;LIVE_SITEMAP;LIVE_RSS;link:https://spinkorea.kr/blog;LIVE_HTTP,blog,URL 단축기의 원리: 짧은 링크 뒤에 숨겨진 기술,src/data/post-metadata.runtime.generated.json,curated;date=2026-05-18,EXISTING_ARTIFACT_NOT_FRESH,200,https://spinkorea.kr/blog/url-shortener-tech,[],https://spinkorea.kr/blog/url-shortener-tech,ABSENT,ABSENT,ROBOTS_RULE_ALLOW,True,True,1,UNKNOWN,SCRIPT_PRESENT;DISPLAY_UNKNOWN,2026-09-19T23:04:00.839379+09:00,REVIEW,http-evidence.json,HTTP observation applies to fetched URL only; fragment variants retained; deployment SHA UNKNOWN
https://spinkorea.kr/blog/url-shortener-tech#post-content,https://spinkorea.kr/blog/url-shortener-tech,link:https://spinkorea.kr/blog/url-shortener-tech,blog,UNKNOWN,UNKNOWN,UNKNOWN,UNKNOWN,UNKNOWN,UNKNOWN,UNKNOWN,UNKNOWN,UNKNOWN,UNKNOWN,ROBOTS_RULE_ALLOW,False,UNKNOWN,UNKNOWN,UNKNOWN,UNKNOWN,UNKNOWN,REVIEW,UNKNOWN,Candidate only: source/future/stale-build/link evidence is not proof of public availability
https://spinkorea.kr/blog/url-shortener-tech#post-related,https://spinkorea.kr/blog/url-shortener-tech,link:https://spinkorea.kr/blog/url-shortener-tech,blog,UNKNOWN,UNKNOWN,UNKNOWN,UNKNOWN,UNKNOWN,UNKNOWN,UNKNOWN,UNKNOWN,UNKNOWN,UNKNOWN,ROBOTS_RULE_ALLOW,False,UNKNOWN,UNKNOWN,UNKNOWN,UNKNOWN,UNKNOWN,REVIEW,UNKNOWN,Candidate only: source/future/stale-build/link evidence is not proof of public availability
https://spinkorea.kr/blog/url-shortener-tech#post-summary,https://spinkorea.kr/blog/url-shortener-tech,link:https://spinkorea.kr/blog/url-shortener-tech,blog,UNKNOWN,UNKNOWN,UNKNOWN,UNKNOWN,UNKNOWN,UNKNOWN,UNKNOWN,UNKNOWN,UNKNOWN,UNKNOWN,ROBOTS_RULE_ALLOW,False,UNKNOWN,UNKNOWN,UNKNOWN,UNKNOWN,UNKNOWN,REVIEW,UNKNOWN,Candidate only: source/future/stale-build/link evidence is not proof of public availability
https://spinkorea.kr/blog/url-space-plus-percent20,https://spinkorea.kr/blog/url-space-plus-percent20,post-metadata.generated.json;post-metadata.runtime.generated.json;content-plan.generated.json,blog,"URL 공백 +와 %20 차이, 쿼리 인코딩 비교",src/data/content-plan.generated.json,scheduled;date=2026-10-04T08:00:00+09:00,UNKNOWN,UNKNOWN,UNKNOWN,UNKNOWN,UNKNOWN,UNKNOWN,UNKNOWN,ROBOTS_RULE_ALLOW,False,False,0,UNKNOWN,UNKNOWN,UNKNOWN,REVIEW,UNKNOWN,Candidate only: source/future/stale-build/link evidence is not proof of public availability
https://spinkorea.kr/blog/used-item-price-check,https://spinkorea.kr/blog/used-item-price-check,post-metadata.generated.json;post-metadata.runtime.generated.json;content-plan.generated.json;existing-dist-unverified-build,blog,중고거래 가격 점검 FAQ: 계산 기준 답변,src/data/content-plan.generated.json,scheduled;date=2026-06-29T18:00:00+09:00,EXISTING_ARTIFACT_NOT_FRESH,UNKNOWN,UNKNOWN,UNKNOWN,UNKNOWN,UNKNOWN,UNKNOWN,ROBOTS_RULE_ALLOW,False,False,0,UNKNOWN,UNKNOWN,UNKNOWN,REVIEW,UNKNOWN,Candidate only: source/future/stale-build/link evidence is not proof of public availability
https://spinkorea.kr/blog/utility-bill-compare,https://spinkorea.kr/blog/utility-bill-compare,post-metadata.generated.json;post-metadata.runtime.generated.json;content-plan.generated.json;existing-dist-unverified-build,blog,"공과금 비교표 초보 흐름, 실수 방지 중심",src/data/content-plan.generated.json,scheduled;date=2026-08-07T22:00:00+09:00,EXISTING_ARTIFACT_NOT_FRESH,UNKNOWN,UNKNOWN,UNKNOWN,UNKNOWN,UNKNOWN,UNKNOWN,ROBOTS_RULE_ALLOW,False,False,0,UNKNOWN,UNKNOWN,UNKNOWN,REVIEW,UNKNOWN,Candidate only: source/future/stale-build/link evidence is not proof of public availability
https://spinkorea.kr/blog/uuid-test-fixture,https://spinkorea.kr/blog/uuid-test-fixture,post-metadata.generated.json;post-metadata.runtime.generated.json;content-plan.generated.json,blog,UUID 테스트 데이터는 실제 고객 정보와 분리하세요,src/data/content-plan.generated.json,scheduled;date=2026-09-20T08:00:00+09:00,UNKNOWN,UNKNOWN,UNKNOWN,UNKNOWN,UNKNOWN,UNKNOWN,UNKNOWN,ROBOTS_RULE_ALLOW,False,False,0,UNKNOWN,UNKNOWN,UNKNOWN,REVIEW,UNKNOWN,Candidate only: source/future/stale-build/link evidence is not proof of public availability
https://spinkorea.kr/blog/uuid-v4-v7-choice,https://spinkorea.kr/blog/uuid-v4-v7-choice,post-metadata.generated.json;post-metadata.runtime.generated.json;content-plan.generated.json,blog,UUID v4와 v7 차이: 데이터베이스 키로 무엇을 선택할까,src/data/content-plan.generated.json,scheduled;date=2026-10-01T08:00:00+09:00,UNKNOWN,UNKNOWN,UNKNOWN,UNKNOWN,UNKNOWN,UNKNOWN,UNKNOWN,ROBOTS_RULE_ALLOW,False,False,0,UNKNOWN,UNKNOWN,UNKNOWN,REVIEW,UNKNOWN,Candidate only: source/future/stale-build/link evidence is not proof of public availability
https://spinkorea.kr/blog/vat-inclusive-price,https://spinkorea.kr/blog/vat-inclusive-price,post-metadata.generated.json;post-metadata.runtime.generated.json;content-plan.generated.json;existing-dist-unverified-build,blog,"부가세 포함 금액 검토 순서, 입력값 확인 활용",src/data/content-plan.generated.json,scheduled;date=2026-05-13T06:00:00+09:00,EXISTING_ARTIFACT_NOT_FRESH,UNKNOWN,UNKNOWN,UNKNOWN,UNKNOWN,UNKNOWN,UNKNOWN,ROBOTS_RULE_ALLOW,False,False,0,UNKNOWN,UNKNOWN,UNKNOWN,REVIEW,UNKNOWN,Candidate only: source/future/stale-build/link evidence is not proof of public availability
https://spinkorea.kr/blog/vercel-cache-check,https://spinkorea.kr/blog/vercel-cache-check,post-metadata.generated.json;post-metadata.runtime.generated.json;content-plan.generated.json;existing-dist-unverified-build,blog,"Vercel 캐시 확인 판단법, 자동화 중심",src/data/content-plan.generated.json,scheduled;date=2026-07-08T17:00:00+09:00,EXISTING_ARTIFACT_NOT_FRESH,UNKNOWN,UNKNOWN,UNKNOWN,UNKNOWN,UNKNOWN,UNKNOWN,ROBOTS_RULE_ALLOW,False,False,0,UNKNOWN,UNKNOWN,UNKNOWN,REVIEW,UNKNOWN,Candidate only: source/future/stale-build/link evidence is not proof of public availability
https://spinkorea.kr/blog/volunteer-order-draw,https://spinkorea.kr/blog/volunteer-order-draw,post-metadata.generated.json;post-metadata.runtime.generated.json;content-plan.generated.json;existing-dist-unverified-build,blog,"봉사 순서 추첨 사례별 정리, 공정성 중심",src/data/content-plan.generated.json,scheduled;date=2026-07-31T20:00:00+09:00,EXISTING_ARTIFACT_NOT_FRESH,UNKNOWN,UNKNOWN,UNKNOWN,UNKNOWN,UNKNOWN,UNKNOWN,ROBOTS_RULE_ALLOW,False,False,0,UNKNOWN,UNKNOWN,UNKNOWN,REVIEW,UNKNOWN,Candidate only: source/future/stale-build/link evidence is not proof of public availability
https://spinkorea.kr/blog/walk-break-plan,https://spinkorea.kr/blog/walk-break-plan,post-metadata.generated.json;post-metadata.runtime.generated.json;content-plan.generated.json;existing-dist-unverified-build,blog,"짧은 산책 루틴 비교법, 생활 적용과 기록 습관",src/data/content-plan.generated.json,scheduled;date=2026-06-08T17:00:00+09:00,EXISTING_ARTIFACT_NOT_FRESH,UNKNOWN,UNKNOWN,UNKNOWN,UNKNOWN,UNKNOWN,UNKNOWN,ROBOTS_RULE_ALLOW,False,False,0,UNKNOWN,UNKNOWN,UNKNOWN,REVIEW,UNKNOWN,Candidate only: source/future/stale-build/link evidence is not proof of public availability
https://spinkorea.kr/blog/walk-meeting-rule,https://spinkorea.kr/blog/walk-meeting-rule,post-metadata.generated.json;post-metadata.runtime.generated.json;content-plan.generated.json;existing-dist-unverified-build,blog,"산책 회의 기준, 루틴 설계 먼저 보기",src/data/content-plan.generated.json,scheduled;date=2026-07-19T18:00:00+09:00,EXISTING_ARTIFACT_NOT_FRESH,UNKNOWN,UNKNOWN,UNKNOWN,UNKNOWN,UNKNOWN,UNKNOWN,ROBOTS_RULE_ALLOW,False,False,0,UNKNOWN,UNKNOWN,UNKNOWN,REVIEW,UNKNOWN,Candidate only: source/future/stale-build/link evidence is not proof of public availability
https://spinkorea.kr/blog/walking-break-route,https://spinkorea.kr/blog/walking-break-route,post-metadata.generated.json;post-metadata.runtime.generated.json;content-plan.generated.json;existing-dist-unverified-build,blog,"산책 휴식 동선 운영 체크, 생활 적용 반영",src/data/content-plan.generated.json,scheduled;date=2026-08-29T19:00:00+09:00,EXISTING_ARTIFACT_NOT_FRESH,UNKNOWN,UNKNOWN,UNKNOWN,UNKNOWN,UNKNOWN,UNKNOWN,ROBOTS_RULE_ALLOW,False,False,0,UNKNOWN,UNKNOWN,UNKNOWN,REVIEW,UNKNOWN,Candidate only: source/future/stale-build/link evidence is not proof of public availability
https://spinkorea.kr/blog/warranty-period-check,https://spinkorea.kr/blog/warranty-period-check,post-metadata.generated.json;post-metadata.runtime.generated.json;content-plan.generated.json;existing-dist-unverified-build,blog,보증기간 확인 체크리스트: 결과 해석 핵심,src/data/content-plan.generated.json,scheduled;date=2026-05-18T11:00:00+09:00,EXISTING_ARTIFACT_NOT_FRESH,UNKNOWN,UNKNOWN,UNKNOWN,UNKNOWN,UNKNOWN,UNKNOWN,ROBOTS_RULE_ALLOW,False,False,0,UNKNOWN,UNKNOWN,UNKNOWN,REVIEW,UNKNOWN,Candidate only: source/future/stale-build/link evidence is not proof of public availability
https://spinkorea.kr/blog/water-bill-share,https://spinkorea.kr/blog/water-bill-share,post-metadata.generated.json;post-metadata.runtime.generated.json;content-plan.generated.json;existing-dist-unverified-build,blog,"수도요금 나누기 초보 흐름, 실수 방지 중심",src/data/content-plan.generated.json,scheduled;date=2026-06-27T06:00:00+09:00,EXISTING_ARTIFACT_NOT_FRESH,UNKNOWN,UNKNOWN,UNKNOWN,UNKNOWN,UNKNOWN,UNKNOWN,ROBOTS_RULE_ALLOW,False,False,0,UNKNOWN,UNKNOWN,UNKNOWN,REVIEW,UNKNOWN,Candidate only: source/future/stale-build/link evidence is not proof of public availability
https://spinkorea.kr/blog/water-intake-routine,https://spinkorea.kr/blog/water-intake-routine,post-metadata.generated.json;post-metadata.runtime.generated.json;content-plan.generated.json;existing-dist-unverified-build,blog,"물 마시기 기록 운영 체크, 실수 방지 반영",src/data/content-plan.generated.json,scheduled;date=2026-05-17T15:00:00+09:00,EXISTING_ARTIFACT_NOT_FRESH,UNKNOWN,UNKNOWN,UNKNOWN,UNKNOWN,UNKNOWN,UNKNOWN,ROBOTS_RULE_ALLOW,False,False,0,UNKNOWN,UNKNOWN,UNKNOWN,REVIEW,UNKNOWN,Candidate only: source/future/stale-build/link evidence is not proof of public availability
https://spinkorea.kr/blog/water-reminder-rule,https://spinkorea.kr/blog/water-reminder-rule,post-metadata.generated.json;post-metadata.runtime.generated.json;content-plan.generated.json;existing-dist-unverified-build,blog,"물 마시기 알림, 무리 없는 기준 전에 볼 점",src/data/content-plan.generated.json,scheduled;date=2026-06-09T03:00:00+09:00,EXISTING_ARTIFACT_NOT_FRESH,UNKNOWN,UNKNOWN,UNKNOWN,UNKNOWN,UNKNOWN,UNKNOWN,ROBOTS_RULE_ALLOW,False,False,0,UNKNOWN,UNKNOWN,UNKNOWN,REVIEW,UNKNOWN,Candidate only: source/future/stale-build/link evidence is not proof of public availability
https://spinkorea.kr/blog/webhook-retry-log,https://spinkorea.kr/blog/webhook-retry-log,post-metadata.generated.json;post-metadata.runtime.generated.json;content-plan.generated.json;existing-dist-unverified-build,blog,"웹훅 재시도 로그 검토 순서, 디버깅 활용",src/data/content-plan.generated.json,scheduled;date=2026-07-06T10:00:00+09:00,EXISTING_ARTIFACT_NOT_FRESH,UNKNOWN,UNKNOWN,UNKNOWN,UNKNOWN,UNKNOWN,UNKNOWN,ROBOTS_RULE_ALLOW,False,False,0,UNKNOWN,UNKNOWN,UNKNOWN,REVIEW,UNKNOWN,Candidate only: source/future/stale-build/link evidence is not proof of public availability
https://spinkorea.kr/blog/webhook-signature-test,https://spinkorea.kr/blog/webhook-signature-test,post-metadata.generated.json;post-metadata.runtime.generated.json;content-plan.generated.json;existing-dist-unverified-build,blog,웹훅 서명 확인 체크리스트: 자동화 핵심,src/data/content-plan.generated.json,scheduled;date=2026-05-26T19:00:00+09:00,EXISTING_ARTIFACT_NOT_FRESH,UNKNOWN,UNKNOWN,UNKNOWN,UNKNOWN,UNKNOWN,UNKNOWN,ROBOTS_RULE_ALLOW,False,False,0,UNKNOWN,UNKNOWN,UNKNOWN,REVIEW,UNKNOWN,Candidate only: source/future/stale-build/link evidence is not proof of public availability
https://spinkorea.kr/blog/weekday-meal-rotation,https://spinkorea.kr/blog/weekday-meal-rotation,post-metadata.generated.json;post-metadata.runtime.generated.json;content-plan.generated.json;existing-dist-unverified-build,blog,"평일 식단 순환 적용 순서, 생활 적용 확인",src/data/content-plan.generated.json,scheduled;date=2026-08-07T17:00:00+09:00,EXISTING_ARTIFACT_NOT_FRESH,UNKNOWN,UNKNOWN,UNKNOWN,UNKNOWN,UNKNOWN,UNKNOWN,ROBOTS_RULE_ALLOW,False,False,0,UNKNOWN,UNKNOWN,UNKNOWN,REVIEW,UNKNOWN,Candidate only: source/future/stale-build/link evidence is not proof of public availability
https://spinkorea.kr/blog/weekend-energy-budget,https://spinkorea.kr/blog/weekend-energy-budget,post-metadata.generated.json;post-metadata.runtime.generated.json;content-plan.generated.json;existing-dist-unverified-build,blog,"주말 에너지 예산 상황별 표, 자가 점검",src/data/content-plan.generated.json,scheduled;date=2026-07-21T10:00:00+09:00,EXISTING_ARTIFACT_NOT_FRESH,UNKNOWN,UNKNOWN,UNKNOWN,UNKNOWN,UNKNOWN,UNKNOWN,ROBOTS_RULE_ALLOW,False,False,0,UNKNOWN,UNKNOWN,UNKNOWN,REVIEW,UNKNOWN,Candidate only: source/future/stale-build/link evidence is not proof of public availability
https://spinkorea.kr/blog/weekend-plan-limit,https://spinkorea.kr/blog/weekend-plan-limit,post-metadata.generated.json;post-metadata.runtime.generated.json;content-plan.generated.json;existing-dist-unverified-build,blog,"주말 일정 상한 검토 순서, 입력값 확인 활용",src/data/content-plan.generated.json,scheduled;date=2026-08-08T18:00:00+09:00,EXISTING_ARTIFACT_NOT_FRESH,UNKNOWN,UNKNOWN,UNKNOWN,UNKNOWN,UNKNOWN,UNKNOWN,ROBOTS_RULE_ALLOW,False,False,0,UNKNOWN,UNKNOWN,UNKNOWN,REVIEW,UNKNOWN,Candidate only: source/future/stale-build/link evidence is not proof of public availability
https://spinkorea.kr/blog/weekend-recovery-boundary,https://spinkorea.kr/blog/weekend-recovery-boundary,post-metadata.generated.json;post-metadata.runtime.generated.json;content-plan.generated.json;existing-dist-unverified-build,blog,"주말 회복 경계, 루틴 설계 먼저 보기",src/data/content-plan.generated.json,scheduled;date=2026-08-30T10:00:00+09:00,EXISTING_ARTIFACT_NOT_FRESH,UNKNOWN,UNKNOWN,UNKNOWN,UNKNOWN,UNKNOWN,UNKNOWN,ROBOTS_RULE_ALLOW,False,False,0,UNKNOWN,UNKNOWN,UNKNOWN,REVIEW,UNKNOWN,Candidate only: source/future/stale-build/link evidence is not proof of public availability
https://spinkorea.kr/blog/weekend-recovery-plan,https://spinkorea.kr/blog/weekend-recovery-plan,post-metadata.generated.json;post-metadata.runtime.generated.json;content-plan.generated.json;existing-dist-unverified-build,blog,"주말 회복 계획 실수 방지, 루틴 설계 먼저",src/data/content-plan.generated.json,scheduled;date=2026-06-10T04:00:00+09:00,EXISTING_ARTIFACT_NOT_FRESH,UNKNOWN,UNKNOWN,UNKNOWN,UNKNOWN,UNKNOWN,UNKNOWN,ROBOTS_RULE_ALLOW,False,False,0,UNKNOWN,UNKNOWN,UNKNOWN,REVIEW,UNKNOWN,Candidate only: source/future/stale-build/link evidence is not proof of public availability
https://spinkorea.kr/blog/weekly-automation-review,https://spinkorea.kr/blog/weekly-automation-review,post-metadata.generated.json;post-metadata.runtime.generated.json;content-plan.generated.json;existing-dist-unverified-build,blog,"주간 자동화 점검 선택법, 결과 기록과 우선순위",src/data/content-plan.generated.json,scheduled;date=2026-07-18T12:00:00+09:00,EXISTING_ARTIFACT_NOT_FRESH,UNKNOWN,UNKNOWN,UNKNOWN,UNKNOWN,UNKNOWN,UNKNOWN,ROBOTS_RULE_ALLOW,False,False,0,UNKNOWN,UNKNOWN,UNKNOWN,REVIEW,UNKNOWN,Candidate only: source/future/stale-build/link evidence is not proof of public availability
https://spinkorea.kr/blog/weekly-body-check,https://spinkorea.kr/blog/weekly-body-check,post-metadata.generated.json;post-metadata.runtime.generated.json;content-plan.generated.json;existing-dist-unverified-build,blog,"주간 몸 상태 점검 발행 전 검토, 무리 없는 기준",src/data/content-plan.generated.json,scheduled;date=2026-07-23T17:00:00+09:00,EXISTING_ARTIFACT_NOT_FRESH,UNKNOWN,UNKNOWN,UNKNOWN,UNKNOWN,UNKNOWN,UNKNOWN,ROBOTS_RULE_ALLOW,False,False,0,UNKNOWN,UNKNOWN,UNKNOWN,REVIEW,UNKNOWN,Candidate only: source/future/stale-build/link evidence is not proof of public availability
https://spinkorea.kr/blog/weekly-cleaning-time,https://spinkorea.kr/blog/weekly-cleaning-time,post-metadata.generated.json;post-metadata.runtime.generated.json;content-plan.generated.json;existing-dist-unverified-build,blog,"청소 시간 배분 비교법, 실수 방지와 입력값 확인",src/data/content-plan.generated.json,scheduled;date=2026-06-29T13:00:00+09:00,EXISTING_ARTIFACT_NOT_FRESH,UNKNOWN,UNKNOWN,UNKNOWN,UNKNOWN,UNKNOWN,UNKNOWN,ROBOTS_RULE_ALLOW,False,False,0,UNKNOWN,UNKNOWN,UNKNOWN,REVIEW,UNKNOWN,Candidate only: source/future/stale-build/link evidence is not proof of public availability
https://spinkorea.kr/blog/weekly-cost-review,https://spinkorea.kr/blog/weekly-cost-review,post-metadata.generated.json;post-metadata.runtime.generated.json;content-plan.generated.json;existing-dist-unverified-build,blog,"주간 지출 점검 실전 흐름, 입력값 확인부터",src/data/content-plan.generated.json,scheduled;date=2026-05-20T03:00:00+09:00,EXISTING_ARTIFACT_NOT_FRESH,UNKNOWN,UNKNOWN,UNKNOWN,UNKNOWN,UNKNOWN,UNKNOWN,ROBOTS_RULE_ALLOW,False,False,0,UNKNOWN,UNKNOWN,UNKNOWN,REVIEW,UNKNOWN,Candidate only: source/future/stale-build/link evidence is not proof of public availability
https://spinkorea.kr/blog/weekly-energy-review,https://spinkorea.kr/blog/weekly-energy-review,post-metadata.generated.json;post-metadata.runtime.generated.json;content-plan.generated.json;existing-dist-unverified-build,blog,"주간 에너지 회고 검토 순서, 기록 습관 활용",src/data/content-plan.generated.json,scheduled;date=2026-06-11T10:00:00+09:00,EXISTING_ARTIFACT_NOT_FRESH,UNKNOWN,UNKNOWN,UNKNOWN,UNKNOWN,UNKNOWN,UNKNOWN,ROBOTS_RULE_ALLOW,False,False,0,UNKNOWN,UNKNOWN,UNKNOWN,REVIEW,UNKNOWN,Candidate only: source/future/stale-build/link evidence is not proof of public availability
https://spinkorea.kr/blog/weekly-errand-route,https://spinkorea.kr/blog/weekly-errand-route,post-metadata.generated.json;post-metadata.runtime.generated.json;content-plan.generated.json;existing-dist-unverified-build,blog,"주간 errands 동선 발행 전 검토, 결과 해석",src/data/content-plan.generated.json,scheduled;date=2026-08-05T05:00:00+09:00,EXISTING_ARTIFACT_NOT_FRESH,UNKNOWN,UNKNOWN,UNKNOWN,UNKNOWN,UNKNOWN,UNKNOWN,ROBOTS_RULE_ALLOW,False,False,0,UNKNOWN,UNKNOWN,UNKNOWN,REVIEW,UNKNOWN,Candidate only: source/future/stale-build/link evidence is not proof of public availability
https://spinkorea.kr/blog/weekly-meal-budget,https://spinkorea.kr/blog/weekly-meal-budget,post-metadata.generated.json;post-metadata.runtime.generated.json;content-plan.generated.json;existing-dist-unverified-build,blog,"주간 식비 계획 검토 순서, 입력값 확인 활용",src/data/content-plan.generated.json,scheduled;date=2026-06-28T02:00:00+09:00,EXISTING_ARTIFACT_NOT_FRESH,UNKNOWN,UNKNOWN,UNKNOWN,UNKNOWN,UNKNOWN,UNKNOWN,ROBOTS_RULE_ALLOW,False,False,0,UNKNOWN,UNKNOWN,UNKNOWN,REVIEW,UNKNOWN,Candidate only: source/future/stale-build/link evidence is not proof of public availability
https://spinkorea.kr/blog/weekly-priority-board,https://spinkorea.kr/blog/weekly-priority-board,post-metadata.generated.json;post-metadata.runtime.generated.json;content-plan.generated.json;existing-dist-unverified-build,blog,"주간 우선순위 보드 적용 순서, 결과 기록 확인",src/data/content-plan.generated.json,scheduled;date=2026-07-13T17:00:00+09:00,EXISTING_ARTIFACT_NOT_FRESH,UNKNOWN,UNKNOWN,UNKNOWN,UNKNOWN,UNKNOWN,UNKNOWN,ROBOTS_RULE_ALLOW,False,False,0,UNKNOWN,UNKNOWN,UNKNOWN,REVIEW,UNKNOWN,Candidate only: source/future/stale-build/link evidence is not proof of public availability
https://spinkorea.kr/blog/weekly-publish-retro,https://spinkorea.kr/blog/weekly-publish-retro,post-metadata.generated.json;post-metadata.runtime.generated.json;content-plan.generated.json;existing-dist-unverified-build,blog,"주간 발행 회고 사례별 정리, 우선순위 중심",src/data/content-plan.generated.json,scheduled;date=2026-08-25T20:00:00+09:00,EXISTING_ARTIFACT_NOT_FRESH,UNKNOWN,UNKNOWN,UNKNOWN,UNKNOWN,UNKNOWN,UNKNOWN,ROBOTS_RULE_ALLOW,False,False,0,UNKNOWN,UNKNOWN,UNKNOWN,REVIEW,UNKNOWN,Candidate only: source/future/stale-build/link evidence is not proof of public availability
https://spinkorea.kr/blog/weekly-review-note,https://spinkorea.kr/blog/weekly-review-note,post-metadata.generated.json;post-metadata.runtime.generated.json;content-plan.generated.json;existing-dist-unverified-build,blog,"주간 회고 노트 빠른 정리, 집중 시간까지",src/data/content-plan.generated.json,scheduled;date=2026-06-02T21:00:00+09:00,EXISTING_ARTIFACT_NOT_FRESH,UNKNOWN,UNKNOWN,UNKNOWN,UNKNOWN,UNKNOWN,UNKNOWN,ROBOTS_RULE_ALLOW,False,False,0,UNKNOWN,UNKNOWN,UNKNOWN,REVIEW,UNKNOWN,Candidate only: source/future/stale-build/link evidence is not proof of public availability
https://spinkorea.kr/blog/weighted-choice-rule,https://spinkorea.kr/blog/weighted-choice-rule,post-metadata.generated.json;post-metadata.runtime.generated.json;content-plan.generated.json;existing-dist-unverified-build,blog,"가중치 랜덤 선택 비교법, 확률 설정과 중복 방지",src/data/content-plan.generated.json,scheduled;date=2026-05-06T09:00:00+09:00,EXISTING_ARTIFACT_NOT_FRESH,UNKNOWN,UNKNOWN,UNKNOWN,UNKNOWN,UNKNOWN,UNKNOWN,ROBOTS_RULE_ALLOW,False,False,0,UNKNOWN,UNKNOWN,UNKNOWN,REVIEW,UNKNOWN,Candidate only: source/future/stale-build/link evidence is not proof of public availability
https://spinkorea.kr/blog/wheel-option-limit,https://spinkorea.kr/blog/wheel-option-limit,post-metadata.generated.json;post-metadata.runtime.generated.json;content-plan.generated.json;existing-dist-unverified-build,blog,온라인 룰렛 선택지 제한 체크리스트: 참가자 목록 핵심,src/data/content-plan.generated.json,scheduled;date=2026-05-05T23:00:00+09:00,EXISTING_ARTIFACT_NOT_FRESH,UNKNOWN,UNKNOWN,UNKNOWN,UNKNOWN,UNKNOWN,UNKNOWN,ROBOTS_RULE_ALLOW,False,False,0,UNKNOWN,UNKNOWN,UNKNOWN,REVIEW,UNKNOWN,Candidate only: source/future/stale-build/link evidence is not proof of public availability
https://spinkorea.kr/blog/winner-backup-list,https://spinkorea.kr/blog/winner-backup-list,post-metadata.generated.json;post-metadata.runtime.generated.json;content-plan.generated.json;existing-dist-unverified-build,blog,"예비 당첨자 목록 운영법, 결과 기록 남기기",src/data/content-plan.generated.json,scheduled;date=2026-06-21T20:00:00+09:00,EXISTING_ARTIFACT_NOT_FRESH,UNKNOWN,UNKNOWN,UNKNOWN,UNKNOWN,UNKNOWN,UNKNOWN,ROBOTS_RULE_ALLOW,False,False,0,UNKNOWN,UNKNOWN,UNKNOWN,REVIEW,UNKNOWN,Candidate only: source/future/stale-build/link evidence is not proof of public availability
https://spinkorea.kr/blog/winner-contact-order,https://spinkorea.kr/blog/winner-contact-order,post-metadata.generated.json;post-metadata.runtime.generated.json;content-plan.generated.json;existing-dist-unverified-build,blog,당첨자 연락 순서 체크리스트: 참가자 목록 핵심,src/data/content-plan.generated.json,scheduled;date=2026-07-28T07:00:00+09:00,EXISTING_ARTIFACT_NOT_FRESH,UNKNOWN,UNKNOWN,UNKNOWN,UNKNOWN,UNKNOWN,UNKNOWN,ROBOTS_RULE_ALLOW,False,False,0,UNKNOWN,UNKNOWN,UNKNOWN,REVIEW,UNKNOWN,Candidate only: source/future/stale-build/link evidence is not proof of public availability
https://spinkorea.kr/blog/word-frequency-editing,https://spinkorea.kr/blog/word-frequency-editing,post-metadata.generated.json;post-metadata.runtime.generated.json;content-plan.generated.json,blog,단어 빈도표로 초안의 반복 표현을 고치는 방법,src/data/content-plan.generated.json,scheduled;date=2026-09-19T08:00:00+09:00,UNKNOWN,UNKNOWN,UNKNOWN,UNKNOWN,UNKNOWN,UNKNOWN,UNKNOWN,ROBOTS_RULE_ALLOW,False,False,0,UNKNOWN,UNKNOWN,UNKNOWN,REVIEW,UNKNOWN,Candidate only: source/future/stale-build/link evidence is not proof of public availability
https://spinkorea.kr/blog/work-end-ritual,https://spinkorea.kr/blog/work-end-ritual,post-metadata.generated.json;post-metadata.runtime.generated.json;content-plan.generated.json;existing-dist-unverified-build,blog,"업무 종료 의식 실수 방지, 루틴 설계 먼저",src/data/content-plan.generated.json,scheduled;date=2026-07-21T20:00:00+09:00,EXISTING_ARTIFACT_NOT_FRESH,UNKNOWN,UNKNOWN,UNKNOWN,UNKNOWN,UNKNOWN,UNKNOWN,ROBOTS_RULE_ALLOW,False,False,0,UNKNOWN,UNKNOWN,UNKNOWN,REVIEW,UNKNOWN,Candidate only: source/future/stale-build/link evidence is not proof of public availability
https://spinkorea.kr/blog/work-hour-summary,https://spinkorea.kr/blog/work-hour-summary,post-metadata.generated.json;post-metadata.runtime.generated.json;content-plan.generated.json;existing-dist-unverified-build,blog,"근무시간 합산 사례별 정리, 계산 기준 중심",src/data/content-plan.generated.json,scheduled;date=2026-05-13T16:00:00+09:00,EXISTING_ARTIFACT_NOT_FRESH,UNKNOWN,UNKNOWN,UNKNOWN,UNKNOWN,UNKNOWN,UNKNOWN,ROBOTS_RULE_ALLOW,False,False,0,UNKNOWN,UNKNOWN,UNKNOWN,REVIEW,UNKNOWN,Candidate only: source/future/stale-build/link evidence is not proof of public availability
https://spinkorea.kr/blog/work-hours-calculator,https://spinkorea.kr/blog/work-hours-calculator,post-metadata.generated.json;post-metadata.runtime.generated.json;existing-dist-unverified-build;LIVE_SITEMAP;LIVE_RSS;link:https://spinkorea.kr/blog;LIVE_HTTP,blog,근무시간 계산기 활용법: 야근 수당부터 프리랜서 정산까지,src/data/post-metadata.runtime.generated.json,curated;date=2026-05-14,EXISTING_ARTIFACT_NOT_FRESH,200,https://spinkorea.kr/blog/work-hours-calculator,[],https://spinkorea.kr/blog/work-hours-calculator,ABSENT,ABSENT,ROBOTS_RULE_ALLOW,True,True,1,UNKNOWN,SCRIPT_PRESENT;DISPLAY_UNKNOWN,2026-09-19T23:04:01.596968+09:00,REVIEW,http-evidence.json,HTTP observation applies to fetched URL only; fragment variants retained; deployment SHA UNKNOWN
https://spinkorea.kr/blog/work-hours-calculator#post-content,https://spinkorea.kr/blog/work-hours-calculator,link:https://spinkorea.kr/blog/work-hours-calculator,blog,UNKNOWN,UNKNOWN,UNKNOWN,UNKNOWN,UNKNOWN,UNKNOWN,UNKNOWN,UNKNOWN,UNKNOWN,UNKNOWN,ROBOTS_RULE_ALLOW,False,UNKNOWN,UNKNOWN,UNKNOWN,UNKNOWN,UNKNOWN,REVIEW,UNKNOWN,Candidate only: source/future/stale-build/link evidence is not proof of public availability
https://spinkorea.kr/blog/work-hours-calculator#post-related,https://spinkorea.kr/blog/work-hours-calculator,link:https://spinkorea.kr/blog/work-hours-calculator,blog,UNKNOWN,UNKNOWN,UNKNOWN,UNKNOWN,UNKNOWN,UNKNOWN,UNKNOWN,UNKNOWN,UNKNOWN,UNKNOWN,ROBOTS_RULE_ALLOW,False,UNKNOWN,UNKNOWN,UNKNOWN,UNKNOWN,UNKNOWN,REVIEW,UNKNOWN,Candidate only: source/future/stale-build/link evidence is not proof of public availability
https://spinkorea.kr/blog/work-hours-calculator#post-summary,https://spinkorea.kr/blog/work-hours-calculator,link:https://spinkorea.kr/blog/work-hours-calculator,blog,UNKNOWN,UNKNOWN,UNKNOWN,UNKNOWN,UNKNOWN,UNKNOWN,UNKNOWN,UNKNOWN,UNKNOWN,UNKNOWN,ROBOTS_RULE_ALLOW,False,UNKNOWN,UNKNOWN,UNKNOWN,UNKNOWN,UNKNOWN,REVIEW,UNKNOWN,Candidate only: source/future/stale-build/link evidence is not proof of public availability
https://spinkorea.kr/blog/work-life-switch,https://spinkorea.kr/blog/work-life-switch,post-metadata.generated.json;post-metadata.runtime.generated.json;content-plan.generated.json;existing-dist-unverified-build,blog,"업무 생활 전환 운영법, 자가 점검 남기기",src/data/content-plan.generated.json,scheduled;date=2026-08-31T16:00:00+09:00,EXISTING_ARTIFACT_NOT_FRESH,UNKNOWN,UNKNOWN,UNKNOWN,UNKNOWN,UNKNOWN,UNKNOWN,ROBOTS_RULE_ALLOW,False,False,0,UNKNOWN,UNKNOWN,UNKNOWN,REVIEW,UNKNOWN,Candidate only: source/future/stale-build/link evidence is not proof of public availability
https://spinkorea.kr/blog/work-request-format,https://spinkorea.kr/blog/work-request-format,post-metadata.generated.json;post-metadata.runtime.generated.json;content-plan.generated.json;existing-dist-unverified-build,blog,"업무 요청 양식 검토 순서, 회의 운영 활용",src/data/content-plan.generated.json,scheduled;date=2026-06-03T02:00:00+09:00,EXISTING_ARTIFACT_NOT_FRESH,UNKNOWN,UNKNOWN,UNKNOWN,UNKNOWN,UNKNOWN,UNKNOWN,ROBOTS_RULE_ALLOW,False,False,0,UNKNOWN,UNKNOWN,UNKNOWN,REVIEW,UNKNOWN,Candidate only: source/future/stale-build/link evidence is not proof of public availability
https://spinkorea.kr/blog/workflow-secret-check,https://spinkorea.kr/blog/workflow-secret-check,post-metadata.generated.json;post-metadata.runtime.generated.json;content-plan.generated.json;existing-dist-unverified-build,blog,"워크플로우 secret 점검, 자동화 전에 볼 점",src/data/content-plan.generated.json,scheduled;date=2026-08-18T23:00:00+09:00,EXISTING_ARTIFACT_NOT_FRESH,UNKNOWN,UNKNOWN,UNKNOWN,UNKNOWN,UNKNOWN,UNKNOWN,ROBOTS_RULE_ALLOW,False,False,0,UNKNOWN,UNKNOWN,UNKNOWN,REVIEW,UNKNOWN,Candidate only: source/future/stale-build/link evidence is not proof of public availability
https://spinkorea.kr/blog/workload-signal-note,https://spinkorea.kr/blog/workload-signal-note,post-metadata.generated.json;post-metadata.runtime.generated.json;content-plan.generated.json;existing-dist-unverified-build,blog,"업무량 신호 메모 판단법, 회의 운영 중심",src/data/content-plan.generated.json,scheduled;date=2026-07-17T01:00:00+09:00,EXISTING_ARTIFACT_NOT_FRESH,UNKNOWN,UNKNOWN,UNKNOWN,UNKNOWN,UNKNOWN,UNKNOWN,ROBOTS_RULE_ALLOW,False,False,0,UNKNOWN,UNKNOWN,UNKNOWN,REVIEW,UNKNOWN,Candidate only: source/future/stale-build/link evidence is not proof of public availability
https://spinkorea.kr/blog/workshop-group-random,https://spinkorea.kr/blog/workshop-group-random,post-metadata.generated.json;post-metadata.runtime.generated.json;content-plan.generated.json;existing-dist-unverified-build,blog,"워크숍 조 편성 실행 순서, 결과 기록까지",src/data/content-plan.generated.json,scheduled;date=2026-06-16T20:00:00+09:00,EXISTING_ARTIFACT_NOT_FRESH,UNKNOWN,UNKNOWN,UNKNOWN,UNKNOWN,UNKNOWN,UNKNOWN,ROBOTS_RULE_ALLOW,False,False,0,UNKNOWN,UNKNOWN,UNKNOWN,REVIEW,UNKNOWN,Candidate only: source/future/stale-build/link evidence is not proof of public availability
https://spinkorea.kr/blog/writing-energy-map,https://spinkorea.kr/blog/writing-energy-map,post-metadata.generated.json;post-metadata.runtime.generated.json;content-plan.generated.json;existing-dist-unverified-build,blog,글쓰기 에너지 맵 FAQ: 우선순위 답변,src/data/content-plan.generated.json,scheduled;date=2026-08-27T02:00:00+09:00,EXISTING_ARTIFACT_NOT_FRESH,UNKNOWN,UNKNOWN,UNKNOWN,UNKNOWN,UNKNOWN,UNKNOWN,ROBOTS_RULE_ALLOW,False,False,0,UNKNOWN,UNKNOWN,UNKNOWN,REVIEW,UNKNOWN,Candidate only: source/future/stale-build/link evidence is not proof of public availability
https://spinkorea.kr/blog/writing-review-loop,https://spinkorea.kr/blog/writing-review-loop,post-metadata.generated.json;post-metadata.runtime.generated.json;content-plan.generated.json;existing-dist-unverified-build,blog,"글 검토 루프 적용 순서, 결과 기록 확인",src/data/content-plan.generated.json,scheduled;date=2026-07-17T21:00:00+09:00,EXISTING_ARTIFACT_NOT_FRESH,UNKNOWN,UNKNOWN,UNKNOWN,UNKNOWN,UNKNOWN,UNKNOWN,ROBOTS_RULE_ALLOW,False,False,0,UNKNOWN,UNKNOWN,UNKNOWN,REVIEW,UNKNOWN,Candidate only: source/future/stale-build/link evidence is not proof of public availability
https://spinkorea.kr/blog/writing-sprint-rule,https://spinkorea.kr/blog/writing-sprint-rule,post-metadata.generated.json;post-metadata.runtime.generated.json;content-plan.generated.json;existing-dist-unverified-build,blog,"글쓰기 스프린트 개선 포인트, 우선순위",src/data/content-plan.generated.json,scheduled;date=2026-06-06T15:00:00+09:00,EXISTING_ARTIFACT_NOT_FRESH,UNKNOWN,UNKNOWN,UNKNOWN,UNKNOWN,UNKNOWN,UNKNOWN,ROBOTS_RULE_ALLOW,False,False,0,UNKNOWN,UNKNOWN,UNKNOWN,REVIEW,UNKNOWN,Candidate only: source/future/stale-build/link evidence is not proof of public availability
https://spinkorea.kr/blog/yes-no-oracle-guide,https://spinkorea.kr/blog/yes-no-oracle-guide,post-metadata.generated.json;post-metadata.runtime.generated.json;existing-dist-unverified-build;LIVE_SITEMAP;LIVE_RSS;link:https://spinkorea.kr/blog;LIVE_HTTP,blog,예스/노 신탁기: 결정을 못 내릴 때 랜덤이 도움이 되는 심리학적 이유,src/data/post-metadata.runtime.generated.json,curated;date=2026-04-01,EXISTING_ARTIFACT_NOT_FRESH,200,https://spinkorea.kr/blog/yes-no-oracle-guide,[],https://spinkorea.kr/blog/yes-no-oracle-guide,ABSENT,ABSENT,ROBOTS_RULE_ALLOW,True,True,1,UNKNOWN,SCRIPT_PRESENT;DISPLAY_UNKNOWN,2026-09-19T22:57:18.105122+09:00,REVIEW,http-evidence.json,HTTP observation applies to fetched URL only; fragment variants retained; deployment SHA UNKNOWN
https://spinkorea.kr/blog/yes-no-oracle-guide#post-content,https://spinkorea.kr/blog/yes-no-oracle-guide,link:https://spinkorea.kr/blog/yes-no-oracle-guide,blog,UNKNOWN,UNKNOWN,UNKNOWN,UNKNOWN,UNKNOWN,UNKNOWN,UNKNOWN,UNKNOWN,UNKNOWN,UNKNOWN,ROBOTS_RULE_ALLOW,False,False,1,UNKNOWN,UNKNOWN,UNKNOWN,REVIEW,UNKNOWN,Candidate only: source/future/stale-build/link evidence is not proof of public availability
https://spinkorea.kr/blog/yes-no-oracle-guide#post-related,https://spinkorea.kr/blog/yes-no-oracle-guide,link:https://spinkorea.kr/blog/yes-no-oracle-guide,blog,UNKNOWN,UNKNOWN,UNKNOWN,UNKNOWN,UNKNOWN,UNKNOWN,UNKNOWN,UNKNOWN,UNKNOWN,UNKNOWN,ROBOTS_RULE_ALLOW,False,False,1,UNKNOWN,UNKNOWN,UNKNOWN,REVIEW,UNKNOWN,Candidate only: source/future/stale-build/link evidence is not proof of public availability
https://spinkorea.kr/blog/yes-no-oracle-guide#post-summary,https://spinkorea.kr/blog/yes-no-oracle-guide,link:https://spinkorea.kr/blog/yes-no-oracle-guide,blog,UNKNOWN,UNKNOWN,UNKNOWN,UNKNOWN,UNKNOWN,UNKNOWN,UNKNOWN,UNKNOWN,UNKNOWN,UNKNOWN,ROBOTS_RULE_ALLOW,False,False,1,UNKNOWN,UNKNOWN,UNKNOWN,REVIEW,UNKNOWN,Candidate only: source/future/stale-build/link evidence is not proof of public availability
https://spinkorea.kr/blog/yes-no-reversible-choice,https://spinkorea.kr/blog/yes-no-reversible-choice,post-metadata.generated.json;post-metadata.runtime.generated.json;content-plan.generated.json;existing-dist-unverified-build;LIVE_SITEMAP;LIVE_RSS;link:https://spinkorea.kr/blog;LIVE_HTTP,blog,Yes or No 결정은 되돌릴 수 있는 일에만 쓰세요,src/data/content-plan.generated.json,scheduled;date=2026-09-11T08:00:00+09:00,EXISTING_ARTIFACT_NOT_FRESH,200,https://spinkorea.kr/blog/yes-no-reversible-choice,[],https://spinkorea.kr/blog/yes-no-reversible-choice,ABSENT,ABSENT,ROBOTS_RULE_ALLOW,True,True,1,UNKNOWN,SCRIPT_PRESENT;DISPLAY_UNKNOWN,2026-09-19T22:57:18.932415+09:00,REVIEW,http-evidence.json,HTTP observation applies to fetched URL only; fragment variants retained; deployment SHA UNKNOWN
https://spinkorea.kr/blog/yes-no-reversible-choice#post-content,https://spinkorea.kr/blog/yes-no-reversible-choice,link:https://spinkorea.kr/blog/yes-no-reversible-choice,blog,UNKNOWN,UNKNOWN,UNKNOWN,UNKNOWN,UNKNOWN,UNKNOWN,UNKNOWN,UNKNOWN,UNKNOWN,UNKNOWN,ROBOTS_RULE_ALLOW,False,False,1,UNKNOWN,UNKNOWN,UNKNOWN,REVIEW,UNKNOWN,Candidate only: source/future/stale-build/link evidence is not proof of public availability
https://spinkorea.kr/blog/yes-no-reversible-choice#post-related,https://spinkorea.kr/blog/yes-no-reversible-choice,link:https://spinkorea.kr/blog/yes-no-reversible-choice,blog,UNKNOWN,UNKNOWN,UNKNOWN,UNKNOWN,UNKNOWN,UNKNOWN,UNKNOWN,UNKNOWN,UNKNOWN,UNKNOWN,ROBOTS_RULE_ALLOW,False,False,1,UNKNOWN,UNKNOWN,UNKNOWN,REVIEW,UNKNOWN,Candidate only: source/future/stale-build/link evidence is not proof of public availability
https://spinkorea.kr/blog/yes-no-reversible-choice#post-summary,https://spinkorea.kr/blog/yes-no-reversible-choice,link:https://spinkorea.kr/blog/yes-no-reversible-choice,blog,UNKNOWN,UNKNOWN,UNKNOWN,UNKNOWN,UNKNOWN,UNKNOWN,UNKNOWN,UNKNOWN,UNKNOWN,UNKNOWN,ROBOTS_RULE_ALLOW,False,False,1,UNKNOWN,UNKNOWN,UNKNOWN,REVIEW,UNKNOWN,Candidate only: source/future/stale-build/link evidence is not proof of public availability
https://spinkorea.kr/contact,https://spinkorea.kr/contact,site-pages.json;existing-dist-unverified-build;LIVE_SITEMAP;LIVE_HTTP,page,문의하기 | SpinFlow,src/data/site-pages.json,static;date=UNKNOWN,EXISTING_ARTIFACT_NOT_FRESH,200,https://spinkorea.kr/contact,[],https://spinkorea.kr/contact,ABSENT,ABSENT,ROBOTS_RULE_ALLOW,True,False,0,LIVE_DOM_OBSERVED_THIRD_PARTIES_BLOCKED,SCRIPT_PRESENT;DISPLAY_UNKNOWN,2026-09-19T22:57:30.226105+09:00,REVIEW,http-evidence.json,HTTP observation applies to fetched URL only; fragment variants retained; deployment SHA UNKNOWN
https://spinkorea.kr/contact#page-summary,https://spinkorea.kr/contact,link:https://spinkorea.kr/contact,page,UNKNOWN,UNKNOWN,UNKNOWN,UNKNOWN,UNKNOWN,UNKNOWN,UNKNOWN,UNKNOWN,UNKNOWN,UNKNOWN,ROBOTS_RULE_ALLOW,False,False,1,UNKNOWN,UNKNOWN,UNKNOWN,REVIEW,UNKNOWN,Candidate only: source/future/stale-build/link evidence is not proof of public availability
https://spinkorea.kr/contact#reference-links,https://spinkorea.kr/contact,link:https://spinkorea.kr/contact,page,UNKNOWN,UNKNOWN,UNKNOWN,UNKNOWN,UNKNOWN,UNKNOWN,UNKNOWN,UNKNOWN,UNKNOWN,UNKNOWN,ROBOTS_RULE_ALLOW,False,False,1,UNKNOWN,UNKNOWN,UNKNOWN,REVIEW,UNKNOWN,Candidate only: source/future/stale-build/link evidence is not proof of public availability
https://spinkorea.kr/contact#related-tools,https://spinkorea.kr/contact,link:https://spinkorea.kr/contact,page,UNKNOWN,UNKNOWN,UNKNOWN,UNKNOWN,UNKNOWN,UNKNOWN,UNKNOWN,UNKNOWN,UNKNOWN,UNKNOWN,ROBOTS_RULE_ALLOW,False,False,1,UNKNOWN,UNKNOWN,UNKNOWN,REVIEW,UNKNOWN,Candidate only: source/future/stale-build/link evidence is not proof of public availability
https://spinkorea.kr/contact/,https://spinkorea.kr/contact/,link:https://spinkorea.kr/;link:https://spinkorea.kr/tools;link:https://spinkorea.kr/blog;link:https://spinkorea.kr/tools/text-counter;link:https://spinkorea.kr/tools/random-team;link:https://spinkorea.kr/tools/random-password;link:https://spinkorea.kr/tools/loan-calculator;link:https://spinkorea.kr/tools/date-calculator;link:https://spinkorea.kr/tools/percentage-calculator;link:https://spinkorea.kr/tools/json-formatter;link:https://spinkorea.kr/tools/qr-code-generator;link:https://spinkorea.kr/tools/sleep-calculator;link:https://spinkorea.kr/tools/bmi-calculator;link:https://spinkorea.kr/tools/hourly-wage;link:https://spinkorea.kr/tools/lotto-generator;link:https://spinkorea.kr/contact;link:https://spinkorea.kr/privacy;link:https://spinkorea.kr/privacy/;link:https://spinkorea.kr/faq;link:http://spinkorea.kr/;link:https://www.spinkorea.kr/;link:https://spinkorea.kr/about;link:https://spinkorea.kr/lunch-menu;link:https://spinkorea.kr/random-number;link:https://spinkorea.kr/spinflow;link:https://spinkorea.kr/terms;link:https://spinkorea.kr/tools/age-calculator;link:https://spinkorea.kr/tools/annual-leave;link:https://spinkorea.kr/tools/area-converter;link:https://spinkorea.kr/tools/base-converter;link:https://spinkorea.kr/tools/base64-encoder;link:https://spinkorea.kr/tools/body-fat;link:https://spinkorea.kr/tools/calorie-burn;link:https://spinkorea.kr/tools/calorie-calculator;link:https://spinkorea.kr/tools/case-converter;link:https://spinkorea.kr/tools/coin-flip;link:https://spinkorea.kr/tools/color-converter;link:https://spinkorea.kr/tools/compound-interest;link:https://spinkorea.kr/tools/css-shadow-generator;link:https://spinkorea.kr/tools/d-day-counter;link:https://spinkorea.kr/tools/dice-roller;link:https://spinkorea.kr/tools/diff-checker;link:https://spinkorea.kr/tools/discount-calculator;link:https://spinkorea.kr/tools/dutch-pay;link:https://spinkorea.kr/tools/fuel-economy;link:https://spinkorea.kr/tools/ideal-weight;link:https://spinkorea.kr/tools/jeonse-converter;link:https://spinkorea.kr/tools/lorem-ipsum;link:https://spinkorea.kr/tools/margin-calculator;link:https://spinkorea.kr/tools/markdown-previewer;link:https://spinkorea.kr/tools/net-salary;link:https://spinkorea.kr/tools/roi-calculator;link:https://spinkorea.kr/tools/severance-pay;link:https://spinkorea.kr/tools/speed-calculator;link:https://spinkorea.kr/tools/statistics-calculator;link:https://spinkorea.kr/tools/time-calculator;link:https://spinkorea.kr/tools/timer;link:https://spinkorea.kr/tools/unit-converter;link:https://spinkorea.kr/tools/unix-timestamp;link:https://spinkorea.kr/tools/uri-encoder;link:https://spinkorea.kr/tools/uuid-generator;link:https://spinkorea.kr/tools/vat-calculator;link:https://spinkorea.kr/tools/water-intake;link:https://spinkorea.kr/tools/word-frequency;link:https://spinkorea.kr/tools/yes-no-oracle,page,UNKNOWN,UNKNOWN,UNKNOWN,UNKNOWN,UNKNOWN,UNKNOWN,UNKNOWN,UNKNOWN,UNKNOWN,UNKNOWN,ROBOTS_RULE_ALLOW,False,True,21,UNKNOWN,UNKNOWN,UNKNOWN,REVIEW,UNKNOWN,Candidate only: source/future/stale-build/link evidence is not proof of public availability
https://spinkorea.kr/faq,https://spinkorea.kr/faq,site-pages.json;existing-dist-unverified-build;LIVE_SITEMAP;link:https://spinkorea.kr/;link:https://spinkorea.kr/tools;LIVE_HTTP;link:http://spinkorea.kr/;link:https://www.spinkorea.kr/;link:https://spinkorea.kr/about;link:https://spinkorea.kr/lunch-menu;link:https://spinkorea.kr/random-number;link:https://spinkorea.kr/spinflow,page,자주 묻는 질문 (FAQ) | SpinFlow,src/data/site-pages.json,static;date=UNKNOWN,EXISTING_ARTIFACT_NOT_FRESH,200,https://spinkorea.kr/faq,[],https://spinkorea.kr/faq,ABSENT,ABSENT,ROBOTS_RULE_ALLOW,True,True,4,UNKNOWN,SCRIPT_PRESENT;DISPLAY_UNKNOWN,2026-09-19T22:57:32.291011+09:00,REVIEW,http-evidence.json,HTTP observation applies to fetched URL only; fragment variants retained; deployment SHA UNKNOWN
https://spinkorea.kr/faq#page-guide,https://spinkorea.kr/faq,link:https://spinkorea.kr/faq,page,UNKNOWN,UNKNOWN,UNKNOWN,UNKNOWN,UNKNOWN,UNKNOWN,UNKNOWN,UNKNOWN,UNKNOWN,UNKNOWN,ROBOTS_RULE_ALLOW,False,False,1,UNKNOWN,UNKNOWN,UNKNOWN,REVIEW,UNKNOWN,Candidate only: source/future/stale-build/link evidence is not proof of public availability
https://spinkorea.kr/faq#page-summary,https://spinkorea.kr/faq,link:https://spinkorea.kr/faq,page,UNKNOWN,UNKNOWN,UNKNOWN,UNKNOWN,UNKNOWN,UNKNOWN,UNKNOWN,UNKNOWN,UNKNOWN,UNKNOWN,ROBOTS_RULE_ALLOW,False,False,1,UNKNOWN,UNKNOWN,UNKNOWN,REVIEW,UNKNOWN,Candidate only: source/future/stale-build/link evidence is not proof of public availability
https://spinkorea.kr/faq#reference-links,https://spinkorea.kr/faq,link:https://spinkorea.kr/faq,page,UNKNOWN,UNKNOWN,UNKNOWN,UNKNOWN,UNKNOWN,UNKNOWN,UNKNOWN,UNKNOWN,UNKNOWN,UNKNOWN,ROBOTS_RULE_ALLOW,False,False,1,UNKNOWN,UNKNOWN,UNKNOWN,REVIEW,UNKNOWN,Candidate only: source/future/stale-build/link evidence is not proof of public availability
https://spinkorea.kr/faq#related-tools,https://spinkorea.kr/faq,link:https://spinkorea.kr/faq,page,UNKNOWN,UNKNOWN,UNKNOWN,UNKNOWN,UNKNOWN,UNKNOWN,UNKNOWN,UNKNOWN,UNKNOWN,UNKNOWN,ROBOTS_RULE_ALLOW,False,False,1,UNKNOWN,UNKNOWN,UNKNOWN,REVIEW,UNKNOWN,Candidate only: source/future/stale-build/link evidence is not proof of public availability
https://spinkorea.kr/lunch-menu,https://spinkorea.kr/lunch-menu,site-pages.json;existing-dist-unverified-build;LIVE_SITEMAP;link:https://spinkorea.kr/;link:https://spinkorea.kr/tools;link:https://spinkorea.kr/blog;link:https://spinkorea.kr/blog/random-choice-log;link:https://spinkorea.kr/tools/text-counter;link:https://spinkorea.kr/tools/random-team;link:https://spinkorea.kr/tools/random-password;link:https://spinkorea.kr/tools/loan-calculator;link:https://spinkorea.kr/tools/date-calculator;link:https://spinkorea.kr/tools/percentage-calculator;link:https://spinkorea.kr/tools/json-formatter;link:https://spinkorea.kr/tools/qr-code-generator;link:https://spinkorea.kr/tools/sleep-calculator;link:https://spinkorea.kr/tools/bmi-calculator;link:https://spinkorea.kr/tools/hourly-wage;link:https://spinkorea.kr/tools/lotto-generator;link:https://spinkorea.kr/contact;link:https://spinkorea.kr/privacy;link:https://spinkorea.kr/privacy/;link:https://spinkorea.kr/faq;link:http://spinkorea.kr/;link:https://www.spinkorea.kr/;link:https://spinkorea.kr/about;link:https://spinkorea.kr/blog/overcome-decision-fatigue;LIVE_HTTP;link:https://spinkorea.kr/random-number;link:https://spinkorea.kr/spinflow;link:https://spinkorea.kr/terms;link:https://spinkorea.kr/tools/age-calculator;link:https://spinkorea.kr/tools/annual-leave;link:https://spinkorea.kr/tools/area-converter;link:https://spinkorea.kr/tools/base-converter;link:https://spinkorea.kr/tools/base64-encoder;link:https://spinkorea.kr/tools/body-fat;link:https://spinkorea.kr/tools/calorie-burn;link:https://spinkorea.kr/tools/calorie-calculator;link:https://spinkorea.kr/tools/case-converter;link:https://spinkorea.kr/tools/coin-flip;link:https://spinkorea.kr/tools/color-converter;link:https://spinkorea.kr/tools/compound-interest;link:https://spinkorea.kr/tools/css-shadow-generator;link:https://spinkorea.kr/tools/d-day-counter;link:https://spinkorea.kr/tools/dice-roller;link:https://spinkorea.kr/tools/diff-checker;link:https://spinkorea.kr/tools/discount-calculator;link:https://spinkorea.kr/tools/dutch-pay;link:https://spinkorea.kr/tools/fuel-economy;link:https://spinkorea.kr/tools/ideal-weight;link:https://spinkorea.kr/tools/jeonse-converter;link:https://spinkorea.kr/tools/lorem-ipsum;link:https://spinkorea.kr/tools/margin-calculator;link:https://spinkorea.kr/tools/markdown-previewer;link:https://spinkorea.kr/tools/net-salary;link:https://spinkorea.kr/tools/roi-calculator;link:https://spinkorea.kr/tools/severance-pay;link:https://spinkorea.kr/tools/speed-calculator;link:https://spinkorea.kr/tools/statistics-calculator;link:https://spinkorea.kr/tools/time-calculator;link:https://spinkorea.kr/tools/timer;link:https://spinkorea.kr/tools/unit-converter;link:https://spinkorea.kr/tools/unix-timestamp;link:https://spinkorea.kr/tools/uri-encoder;link:https://spinkorea.kr/tools/uuid-generator;link:https://spinkorea.kr/tools/vat-calculator;link:https://spinkorea.kr/tools/water-intake;link:https://spinkorea.kr/tools/word-frequency;link:https://spinkorea.kr/tools/yes-no-oracle,page,점심 메뉴 추천 룰렛 | 오늘 뭐 먹지 해결,src/data/site-pages.json,static;date=UNKNOWN,EXISTING_ARTIFACT_NOT_FRESH,200,https://spinkorea.kr/lunch-menu,[],https://spinkorea.kr/lunch-menu,ABSENT,ABSENT,ROBOTS_RULE_ALLOW,True,True,23,UNKNOWN,SCRIPT_PRESENT;DISPLAY_UNKNOWN,2026-09-19T23:04:02.119956+09:00,REVIEW,http-evidence.json,HTTP observation applies to fetched URL only; fragment variants retained; deployment SHA UNKNOWN
https://spinkorea.kr/lunch-menu#page-guide,https://spinkorea.kr/lunch-menu,link:https://spinkorea.kr/lunch-menu,page,UNKNOWN,UNKNOWN,UNKNOWN,UNKNOWN,UNKNOWN,UNKNOWN,UNKNOWN,UNKNOWN,UNKNOWN,UNKNOWN,ROBOTS_RULE_ALLOW,False,UNKNOWN,UNKNOWN,UNKNOWN,UNKNOWN,UNKNOWN,REVIEW,UNKNOWN,Candidate only: source/future/stale-build/link evidence is not proof of public availability
https://spinkorea.kr/lunch-menu#page-summary,https://spinkorea.kr/lunch-menu,link:https://spinkorea.kr/lunch-menu,page,UNKNOWN,UNKNOWN,UNKNOWN,UNKNOWN,UNKNOWN,UNKNOWN,UNKNOWN,UNKNOWN,UNKNOWN,UNKNOWN,ROBOTS_RULE_ALLOW,False,UNKNOWN,UNKNOWN,UNKNOWN,UNKNOWN,UNKNOWN,REVIEW,UNKNOWN,Candidate only: source/future/stale-build/link evidence is not proof of public availability
https://spinkorea.kr/lunch-menu#reference-links,https://spinkorea.kr/lunch-menu,link:https://spinkorea.kr/lunch-menu,page,UNKNOWN,UNKNOWN,UNKNOWN,UNKNOWN,UNKNOWN,UNKNOWN,UNKNOWN,UNKNOWN,UNKNOWN,UNKNOWN,ROBOTS_RULE_ALLOW,False,UNKNOWN,UNKNOWN,UNKNOWN,UNKNOWN,UNKNOWN,REVIEW,UNKNOWN,Candidate only: source/future/stale-build/link evidence is not proof of public availability
https://spinkorea.kr/lunch-menu#related-tools,https://spinkorea.kr/lunch-menu,link:https://spinkorea.kr/lunch-menu,page,UNKNOWN,UNKNOWN,UNKNOWN,UNKNOWN,UNKNOWN,UNKNOWN,UNKNOWN,UNKNOWN,UNKNOWN,UNKNOWN,ROBOTS_RULE_ALLOW,False,UNKNOWN,UNKNOWN,UNKNOWN,UNKNOWN,UNKNOWN,REVIEW,UNKNOWN,Candidate only: source/future/stale-build/link evidence is not proof of public availability
https://spinkorea.kr/privacy,https://spinkorea.kr/privacy,site-pages.json;existing-dist-unverified-build;LIVE_SITEMAP;LIVE_HTTP,page,개인정보처리방침 | SpinFlow,src/data/site-pages.json,static;date=UNKNOWN,EXISTING_ARTIFACT_NOT_FRESH,200,https://spinkorea.kr/privacy,[],https://spinkorea.kr/privacy,ABSENT,ABSENT,ROBOTS_RULE_ALLOW,True,False,0,UNKNOWN,SCRIPT_PRESENT;DISPLAY_UNKNOWN,2026-09-19T22:57:30.985374+09:00,REVIEW,http-evidence.json,HTTP observation applies to fetched URL only; fragment variants retained; deployment SHA UNKNOWN
https://spinkorea.kr/privacy#page-summary,https://spinkorea.kr/privacy,link:https://spinkorea.kr/privacy,page,UNKNOWN,UNKNOWN,UNKNOWN,UNKNOWN,UNKNOWN,UNKNOWN,UNKNOWN,UNKNOWN,UNKNOWN,UNKNOWN,ROBOTS_RULE_ALLOW,False,False,1,UNKNOWN,UNKNOWN,UNKNOWN,REVIEW,UNKNOWN,Candidate only: source/future/stale-build/link evidence is not proof of public availability
https://spinkorea.kr/privacy#reference-links,https://spinkorea.kr/privacy,link:https://spinkorea.kr/privacy,page,UNKNOWN,UNKNOWN,UNKNOWN,UNKNOWN,UNKNOWN,UNKNOWN,UNKNOWN,UNKNOWN,UNKNOWN,UNKNOWN,ROBOTS_RULE_ALLOW,False,False,1,UNKNOWN,UNKNOWN,UNKNOWN,REVIEW,UNKNOWN,Candidate only: source/future/stale-build/link evidence is not proof of public availability
https://spinkorea.kr/privacy#related-tools,https://spinkorea.kr/privacy,link:https://spinkorea.kr/privacy,page,UNKNOWN,UNKNOWN,UNKNOWN,UNKNOWN,UNKNOWN,UNKNOWN,UNKNOWN,UNKNOWN,UNKNOWN,UNKNOWN,ROBOTS_RULE_ALLOW,False,False,1,UNKNOWN,UNKNOWN,UNKNOWN,REVIEW,UNKNOWN,Candidate only: source/future/stale-build/link evidence is not proof of public availability
https://spinkorea.kr/privacy/,https://spinkorea.kr/privacy/,link:https://spinkorea.kr/;link:https://spinkorea.kr/tools;link:https://spinkorea.kr/blog;link:https://spinkorea.kr/tools/text-counter;link:https://spinkorea.kr/tools/random-team;link:https://spinkorea.kr/tools/random-password;link:https://spinkorea.kr/tools/loan-calculator;link:https://spinkorea.kr/tools/date-calculator;link:https://spinkorea.kr/tools/percentage-calculator;link:https://spinkorea.kr/tools/json-formatter;link:https://spinkorea.kr/tools/qr-code-generator;link:https://spinkorea.kr/tools/sleep-calculator;link:https://spinkorea.kr/tools/bmi-calculator;link:https://spinkorea.kr/tools/hourly-wage;link:https://spinkorea.kr/tools/lotto-generator;link:https://spinkorea.kr/contact;link:https://spinkorea.kr/privacy;LIVE_HTTP;link:https://spinkorea.kr/privacy/;link:https://spinkorea.kr/faq;link:http://spinkorea.kr/;link:https://www.spinkorea.kr/;link:https://spinkorea.kr/about;link:https://spinkorea.kr/lunch-menu;link:https://spinkorea.kr/random-number;link:https://spinkorea.kr/spinflow;link:https://spinkorea.kr/terms;link:https://spinkorea.kr/tools/age-calculator;link:https://spinkorea.kr/tools/annual-leave;link:https://spinkorea.kr/tools/area-converter;link:https://spinkorea.kr/tools/base-converter;link:https://spinkorea.kr/tools/base64-encoder;link:https://spinkorea.kr/tools/body-fat;link:https://spinkorea.kr/tools/calorie-burn;link:https://spinkorea.kr/tools/calorie-calculator;link:https://spinkorea.kr/tools/case-converter;link:https://spinkorea.kr/tools/coin-flip;link:https://spinkorea.kr/tools/color-converter;link:https://spinkorea.kr/tools/compound-interest;link:https://spinkorea.kr/tools/css-shadow-generator;link:https://spinkorea.kr/tools/d-day-counter;link:https://spinkorea.kr/tools/dice-roller;link:https://spinkorea.kr/tools/diff-checker;link:https://spinkorea.kr/tools/discount-calculator;link:https://spinkorea.kr/tools/dutch-pay;link:https://spinkorea.kr/tools/fuel-economy;link:https://spinkorea.kr/tools/ideal-weight;link:https://spinkorea.kr/tools/jeonse-converter;link:https://spinkorea.kr/tools/lorem-ipsum;link:https://spinkorea.kr/tools/margin-calculator;link:https://spinkorea.kr/tools/markdown-previewer;link:https://spinkorea.kr/tools/net-salary;link:https://spinkorea.kr/tools/roi-calculator;link:https://spinkorea.kr/tools/severance-pay;link:https://spinkorea.kr/tools/speed-calculator;link:https://spinkorea.kr/tools/statistics-calculator;link:https://spinkorea.kr/tools/time-calculator;link:https://spinkorea.kr/tools/timer;link:https://spinkorea.kr/tools/unit-converter;link:https://spinkorea.kr/tools/unix-timestamp;link:https://spinkorea.kr/tools/uri-encoder;link:https://spinkorea.kr/tools/uuid-generator;link:https://spinkorea.kr/tools/vat-calculator;link:https://spinkorea.kr/tools/water-intake;link:https://spinkorea.kr/tools/word-frequency;link:https://spinkorea.kr/tools/yes-no-oracle,page,개인정보처리방침 | SpinFlow,UNKNOWN,UNKNOWN,UNKNOWN,200,https://spinkorea.kr/privacy/,[],https://spinkorea.kr/privacy,ABSENT,ABSENT,ROBOTS_RULE_ALLOW,False,True,21,LIVE_DOM_OBSERVED_THIRD_PARTIES_BLOCKED,SCRIPT_PRESENT;DISPLAY_UNKNOWN,2026-09-19T22:57:31.498494+09:00,REVIEW,http-evidence.json,HTTP observation applies to fetched URL only; fragment variants retained; deployment SHA UNKNOWN
https://spinkorea.kr/privacy/#page-summary,https://spinkorea.kr/privacy/,link:https://spinkorea.kr/privacy/,page,UNKNOWN,UNKNOWN,UNKNOWN,UNKNOWN,UNKNOWN,UNKNOWN,UNKNOWN,UNKNOWN,UNKNOWN,UNKNOWN,ROBOTS_RULE_ALLOW,False,False,1,UNKNOWN,UNKNOWN,UNKNOWN,REVIEW,UNKNOWN,Candidate only: source/future/stale-build/link evidence is not proof of public availability
https://spinkorea.kr/privacy/#reference-links,https://spinkorea.kr/privacy/,link:https://spinkorea.kr/privacy/,page,UNKNOWN,UNKNOWN,UNKNOWN,UNKNOWN,UNKNOWN,UNKNOWN,UNKNOWN,UNKNOWN,UNKNOWN,UNKNOWN,ROBOTS_RULE_ALLOW,False,False,1,UNKNOWN,UNKNOWN,UNKNOWN,REVIEW,UNKNOWN,Candidate only: source/future/stale-build/link evidence is not proof of public availability
https://spinkorea.kr/privacy/#related-tools,https://spinkorea.kr/privacy/,link:https://spinkorea.kr/privacy/,page,UNKNOWN,UNKNOWN,UNKNOWN,UNKNOWN,UNKNOWN,UNKNOWN,UNKNOWN,UNKNOWN,UNKNOWN,UNKNOWN,ROBOTS_RULE_ALLOW,False,False,1,UNKNOWN,UNKNOWN,UNKNOWN,REVIEW,UNKNOWN,Candidate only: source/future/stale-build/link evidence is not proof of public availability
https://spinkorea.kr/random-number,https://spinkorea.kr/random-number,site-pages.json;existing-dist-unverified-build;LIVE_SITEMAP;link:https://spinkorea.kr/;link:https://spinkorea.kr/tools;link:https://spinkorea.kr/blog;link:https://spinkorea.kr/blog/random-choice-log;link:https://spinkorea.kr/tools/text-counter;link:https://spinkorea.kr/tools/random-team;link:https://spinkorea.kr/tools/random-password;link:https://spinkorea.kr/tools/loan-calculator;link:https://spinkorea.kr/tools/date-calculator;link:https://spinkorea.kr/tools/percentage-calculator;link:https://spinkorea.kr/tools/json-formatter;link:https://spinkorea.kr/tools/qr-code-generator;link:https://spinkorea.kr/tools/sleep-calculator;link:https://spinkorea.kr/tools/bmi-calculator;link:https://spinkorea.kr/tools/hourly-wage;link:https://spinkorea.kr/tools/lotto-generator;link:https://spinkorea.kr/contact;link:https://spinkorea.kr/privacy;link:https://spinkorea.kr/privacy/;link:https://spinkorea.kr/faq;link:http://spinkorea.kr/;link:https://www.spinkorea.kr/;link:https://spinkorea.kr/about;link:https://spinkorea.kr/blog/dice-multiple-sum;link:https://spinkorea.kr/blog/lotto-random-combination;link:https://spinkorea.kr/blog/overcome-decision-fatigue;link:https://spinkorea.kr/blog/random-number-exclusion;link:https://spinkorea.kr/lunch-menu;LIVE_HTTP;link:https://spinkorea.kr/spinflow;link:https://spinkorea.kr/terms;link:https://spinkorea.kr/tools/age-calculator;link:https://spinkorea.kr/tools/annual-leave;link:https://spinkorea.kr/tools/area-converter;link:https://spinkorea.kr/tools/base-converter;link:https://spinkorea.kr/tools/base64-encoder;link:https://spinkorea.kr/tools/body-fat;link:https://spinkorea.kr/tools/calorie-burn;link:https://spinkorea.kr/tools/calorie-calculator;link:https://spinkorea.kr/tools/case-converter;link:https://spinkorea.kr/tools/coin-flip;link:https://spinkorea.kr/tools/color-converter;link:https://spinkorea.kr/tools/compound-interest;link:https://spinkorea.kr/tools/css-shadow-generator;link:https://spinkorea.kr/tools/d-day-counter;link:https://spinkorea.kr/tools/dice-roller;link:https://spinkorea.kr/tools/diff-checker;link:https://spinkorea.kr/tools/discount-calculator;link:https://spinkorea.kr/tools/dutch-pay;link:https://spinkorea.kr/tools/fuel-economy;link:https://spinkorea.kr/tools/ideal-weight;link:https://spinkorea.kr/tools/jeonse-converter;link:https://spinkorea.kr/tools/lorem-ipsum;link:https://spinkorea.kr/tools/margin-calculator;link:https://spinkorea.kr/tools/markdown-previewer;link:https://spinkorea.kr/tools/net-salary;link:https://spinkorea.kr/tools/roi-calculator;link:https://spinkorea.kr/tools/severance-pay;link:https://spinkorea.kr/tools/speed-calculator;link:https://spinkorea.kr/tools/statistics-calculator;link:https://spinkorea.kr/tools/time-calculator;link:https://spinkorea.kr/tools/timer;link:https://spinkorea.kr/tools/unit-converter;link:https://spinkorea.kr/tools/unix-timestamp;link:https://spinkorea.kr/tools/uri-encoder;link:https://spinkorea.kr/tools/uuid-generator;link:https://spinkorea.kr/tools/vat-calculator;link:https://spinkorea.kr/tools/water-intake;link:https://spinkorea.kr/tools/word-frequency;link:https://spinkorea.kr/tools/yes-no-oracle,page,랜덤 숫자 뽑기 | 공정한 숫자 추첨기,src/data/site-pages.json,static;date=UNKNOWN,EXISTING_ARTIFACT_NOT_FRESH,200,https://spinkorea.kr/random-number,[],https://spinkorea.kr/random-number,ABSENT,ABSENT,ROBOTS_RULE_ALLOW,True,True,23,UNKNOWN,SCRIPT_PRESENT;DISPLAY_UNKNOWN,2026-09-19T23:04:02.641218+09:00,REVIEW,http-evidence.json,HTTP observation applies to fetched URL only; fragment variants retained; deployment SHA UNKNOWN
https://spinkorea.kr/random-number#page-guide,https://spinkorea.kr/random-number,link:https://spinkorea.kr/random-number,page,UNKNOWN,UNKNOWN,UNKNOWN,UNKNOWN,UNKNOWN,UNKNOWN,UNKNOWN,UNKNOWN,UNKNOWN,UNKNOWN,ROBOTS_RULE_ALLOW,False,UNKNOWN,UNKNOWN,UNKNOWN,UNKNOWN,UNKNOWN,REVIEW,UNKNOWN,Candidate only: source/future/stale-build/link evidence is not proof of public availability
https://spinkorea.kr/random-number#page-summary,https://spinkorea.kr/random-number,link:https://spinkorea.kr/random-number,page,UNKNOWN,UNKNOWN,UNKNOWN,UNKNOWN,UNKNOWN,UNKNOWN,UNKNOWN,UNKNOWN,UNKNOWN,UNKNOWN,ROBOTS_RULE_ALLOW,False,UNKNOWN,UNKNOWN,UNKNOWN,UNKNOWN,UNKNOWN,REVIEW,UNKNOWN,Candidate only: source/future/stale-build/link evidence is not proof of public availability
https://spinkorea.kr/random-number#reference-links,https://spinkorea.kr/random-number,link:https://spinkorea.kr/random-number,page,UNKNOWN,UNKNOWN,UNKNOWN,UNKNOWN,UNKNOWN,UNKNOWN,UNKNOWN,UNKNOWN,UNKNOWN,UNKNOWN,ROBOTS_RULE_ALLOW,False,UNKNOWN,UNKNOWN,UNKNOWN,UNKNOWN,UNKNOWN,REVIEW,UNKNOWN,Candidate only: source/future/stale-build/link evidence is not proof of public availability
https://spinkorea.kr/random-number#related-tools,https://spinkorea.kr/random-number,link:https://spinkorea.kr/random-number,page,UNKNOWN,UNKNOWN,UNKNOWN,UNKNOWN,UNKNOWN,UNKNOWN,UNKNOWN,UNKNOWN,UNKNOWN,UNKNOWN,ROBOTS_RULE_ALLOW,False,UNKNOWN,UNKNOWN,UNKNOWN,UNKNOWN,UNKNOWN,REVIEW,UNKNOWN,Candidate only: source/future/stale-build/link evidence is not proof of public availability
https://spinkorea.kr/robots.txt,https://spinkorea.kr/robots.txt,LIVE_HTTP,page,NON_HTML,UNKNOWN,UNKNOWN,UNKNOWN,200,https://spinkorea.kr/robots.txt,[],UNKNOWN,ABSENT,ABSENT,ROBOTS_RULE_ALLOW,False,False,0,UNKNOWN,NO_SCRIPT_IN_HTTP;DISPLAY_UNKNOWN,2026-09-19T22:57:07.974603+09:00,REVIEW,http-evidence.json,HTTP observation applies to fetched URL only; fragment variants retained; deployment SHA UNKNOWN
https://spinkorea.kr/rss.xml,https://spinkorea.kr/rss.xml,LIVE_HTTP,page,"SpinFlow 블로그QR 코드 인쇄 전 실제 크기로 스캔 테스트하는 순서CSS 그림자는 기본·호버·포커스 상태를 함께 설계하세요HEX·RGB·HSL 변환값이 조금씩 다른 이유문서 비교에서 공백 차이와 내용 수정을 분리해서 읽기더미 텍스트로 모바일 레이아웃 깨짐을 찾는 체크리스트로또 번호 생성기는 예측이 아니라 무작위 조합 도구입니다홀수 인원 랜덤 팀 나누기, 한 명 차이를 공정하게 설명하기Yes or No 결정은 되돌릴 수 있는 일에만 쓰세요동전 던지기 전에 질문을 두 선택지로 줄이는 법주사위 여러 개 합계로 게임 판정표 만들기랜덤 숫자 뽑기, 제외 번호를 먼저 정하는 순서온라인 계산기 vs 엑셀: 언제 무엇을 써야 하나디지털 노마드의 생산성 도구 모음: 어디서든 일하는 법텍스트 변환이 필요한 의외의 상황 7가지AI 시대에 살아남는 스킬: 대체되지 않는 능력 5가지이미지 포맷 완벽 가이드: JPG vs PNG vs WebP vs AVIF구글 캘린더 100% 활용법: 시간을 설계하는 방법URL 단축기의 원리: 짧은 링크 뒤에 숨겨진 기술두려움을 행동으로 전환하는 5초의 법칙주사위와 확률: 보드게임 뒤에 숨겨진 수학메모의 기술: 두 번째 뇌 만들기근무시간 계산기 활용법: 야근 수당부터 프리랜서 정산까지집중력 도둑 TOP 5와 차단 방법텍스트 분석의 기초: 글자수·단어수·문장수가 중요한 이유인간관계에서 경계선(Boundary) 긋기의 중요성D-Day 카운터로 인생 관리하기: 중요한 날을 카운트다운으로성공한 사람들의 공통 습관 5가지API와 JSON: 앱들이 서로 대화하는 방법감사 일기의 효과: 5분으로 바꾸는 하루의 질CSS box-shadow 마스터하기: 디자이너처럼 그림자 만들기완벽주의의 덫: 80점이 100점보다 나을 때Lorem Ipsum의 비밀: 500년간 디자이너가 써온 텍스트의 정체운동이 뇌를 바꾼다: 신체 활동과 인지 기능의 관계색상 심리학: 색이 감정과 행동에 미치는 영향잠 못 자는 현대인을 위한 수면 최적화 완벽 가이드나이 계산기로 알아보는 흥미로운 시간의 사실들회의를 줄이면 생산성이 늘어나는 이유BMI 계산기의 한계: 숫자 너머의 건강 지표목표 설정의 과학: SMART 목표 vs OKR — 무엇을 써야 하나비밀번호 강도 테스트: 내 비밀번호는 얼마나 안전한가아침 루틴이 하루를 결정하는 이유마크다운으로 글 쓰는 이유: 개발자·기획자의 노트 작성법멀티태스킹은 없다: 단일 집중의 과학QR코드 200% 활용법: 명함·와이파이·결제까지포모도로 기법 완벽 가이드: 25분의 기적단위 변환 실전 가이드: cm·kg·°C를 자유자재로 다루는 법디지털 미니멀리즘: 앱 정리로 집중력 되찾기퍼센트 계산이 헷갈릴 때: 실생활 퍼센트 완전 정리파레토 법칙(80/20 법칙)으로 하루를 설계하는 법로또 번호 통계 분석: 자주 나오는 번호가 있을까?번아웃 예방법: 쉬는 것도 기술이다진짜 랜덤이란 무엇인가: 컴퓨터는 어떻게 랜덤 숫자를 만드는가개발자·기획자가 매일 쓰는 무료 온라인 도구 7선예스/노 신탁기: 결정을 못 내릴 때 랜덤이 도움이 되는 심리학적 이유카멜케이스·스네이크케이스·파스칼케이스: 개발자 네이밍 컨벤션 완벽 정리Unix 타임스탬프 완벽 가이드: 개발자가 시간을 숫자로 다루는 법URL 인코딩 완벽 가이드: 한글 주소가 %EC%95%88%EB%85%95이 되는 이유Diff 비교 도구 활용법: 코드·문서 변경점을 한눈에 파악Base64 인코딩 완벽 가이드: 이미지 URL·API 인증에 쓰이는 이유CSS Box Shadow 완벽 가이드: 버튼·카드에 입체감 주는 법마크다운 완벽 가이드: 깃허브·블로그·노션에서 쓰는 기본 문법로렘 입숨 완벽 가이드: UI 디자이너·개발자 필수 더미 텍스트시간 계산기 완벽 가이드: 근무시간·포모도로·시간대 계산동전 던지기로 결정 내리기: 심리학이 말하는 최고의 결정법D-Day 카운터 활용법: 목표·기념일·마감일 한 눈에 관리BMI 계산기 완벽 활용: 정상 체중 범위와 건강 목표 설정법색상 코드 변환기 사용법: HEX·RGB·HSL 색상을 1초 만에 변환JSON 포맷터 완벽 가이드: 개발자라면 꼭 알아야 할 JSON 정리법온라인 주사위·동전 던지기: 실제보다 더 공정한 디지털 랜덤랜덤 팀 편성의 힘: 공정하고 빠른 팀 나누기 완벽 가이드단위 변환기 완벽 가이드: km↔mile, kg↔lb, °C↔°F 빠른 변환퍼센트 계산기 완벽 가이드: 할인율·세금·인상률 빠르게 계산글자수 세기 완벽 가이드: 자소서·SNS·유튜브 최적 글자수로또 번호 생성기 완벽 가이드: 랜덤이 최선인 이유만 나이 계산기 완벽 가이드: 만 나이·세는 나이·연 나이 한 번에 정리강력한 비밀번호 만들기 완벽 가이드 - 해킹에서 내 계정 지키는 법무료 QR코드 생성기 완벽 가이드 - 링크를 QR코드로 5초 만에 변환D-Day 계산기 200% 활용법: 목표 달성의 비밀 무기JSON 완벽 이해: 개발자가 아니어도 알아야 하는 데이터 형식QR 코드 완벽 가이드: 원리부터 활용까지디지털 웰빙: 스마트폰과 건강하게 공존하는 7가지 방법랜덤 선택의 심리학: 왜 우리는 결정을 위임하고 싶어하는가시간 관리의 기술: 생산성을 2배로 높이는 실전 전략색상 코드 완벽 가이드: HEX, RGB, HSL 이해하기강력한 비밀번호 만들기: 해킹으로부터 계정을 지키는 완벽 가이드BMI 계산기로 알아보는 건강한 체중 관리의 모든 것결정 장애(Decision Fatigue)를 극복하는 3가지 과학적인 방법",UNKNOWN,UNKNOWN,UNKNOWN,200,https://spinkorea.kr/rss.xml,[],UNKNOWN,ABSENT,ABSENT,ROBOTS_RULE_ALLOW,False,False,0,UNKNOWN,NO_SCRIPT_IN_HTTP;DISPLAY_UNKNOWN,2026-09-19T22:57:09.499119+09:00,REVIEW,http-evidence.json,HTTP observation applies to fetched URL only; fragment variants retained; deployment SHA UNKNOWN
https://spinkorea.kr/sitemap.xml,https://spinkorea.kr/sitemap.xml,LIVE_HTTP,page,NON_HTML,UNKNOWN,UNKNOWN,UNKNOWN,200,https://spinkorea.kr/sitemap.xml,[],UNKNOWN,ABSENT,ABSENT,ROBOTS_RULE_ALLOW,False,False,0,UNKNOWN,NO_SCRIPT_IN_HTTP;DISPLAY_UNKNOWN,2026-09-19T22:57:08.707654+09:00,REVIEW,http-evidence.json,HTTP observation applies to fetched URL only; fragment variants retained; deployment SHA UNKNOWN
https://spinkorea.kr/spinflow,https://spinkorea.kr/spinflow,site-pages.json;existing-dist-unverified-build;LIVE_SITEMAP;link:https://spinkorea.kr/;link:https://spinkorea.kr/tools;link:https://spinkorea.kr/blog;link:https://spinkorea.kr/tools/text-counter;link:https://spinkorea.kr/tools/random-team;link:https://spinkorea.kr/tools/random-password;link:https://spinkorea.kr/tools/loan-calculator;link:https://spinkorea.kr/tools/date-calculator;link:https://spinkorea.kr/tools/percentage-calculator;link:https://spinkorea.kr/tools/json-formatter;link:https://spinkorea.kr/tools/qr-code-generator;link:https://spinkorea.kr/tools/sleep-calculator;link:https://spinkorea.kr/tools/bmi-calculator;link:https://spinkorea.kr/tools/hourly-wage;link:https://spinkorea.kr/tools/lotto-generator;link:https://spinkorea.kr/contact;link:https://spinkorea.kr/privacy;link:https://spinkorea.kr/privacy/;link:https://spinkorea.kr/faq;link:http://spinkorea.kr/;link:https://www.spinkorea.kr/;link:https://spinkorea.kr/about;link:https://spinkorea.kr/lunch-menu;link:https://spinkorea.kr/random-number;LIVE_HTTP;link:https://spinkorea.kr/terms;link:https://spinkorea.kr/tools/age-calculator;link:https://spinkorea.kr/tools/annual-leave;link:https://spinkorea.kr/tools/area-converter;link:https://spinkorea.kr/tools/base-converter;link:https://spinkorea.kr/tools/base64-encoder;link:https://spinkorea.kr/tools/body-fat;link:https://spinkorea.kr/tools/calorie-burn;link:https://spinkorea.kr/tools/calorie-calculator;link:https://spinkorea.kr/tools/case-converter;link:https://spinkorea.kr/tools/coin-flip;link:https://spinkorea.kr/tools/color-converter;link:https://spinkorea.kr/tools/compound-interest;link:https://spinkorea.kr/tools/css-shadow-generator;link:https://spinkorea.kr/tools/d-day-counter;link:https://spinkorea.kr/tools/dice-roller;link:https://spinkorea.kr/tools/diff-checker;link:https://spinkorea.kr/tools/discount-calculator;link:https://spinkorea.kr/tools/dutch-pay;link:https://spinkorea.kr/tools/fuel-economy;link:https://spinkorea.kr/tools/ideal-weight;link:https://spinkorea.kr/tools/jeonse-converter;link:https://spinkorea.kr/tools/lorem-ipsum;link:https://spinkorea.kr/tools/margin-calculator;link:https://spinkorea.kr/tools/markdown-previewer;link:https://spinkorea.kr/tools/net-salary;link:https://spinkorea.kr/tools/roi-calculator;link:https://spinkorea.kr/tools/severance-pay;link:https://spinkorea.kr/tools/speed-calculator;link:https://spinkorea.kr/tools/statistics-calculator;link:https://spinkorea.kr/tools/time-calculator;link:https://spinkorea.kr/tools/timer;link:https://spinkorea.kr/tools/unit-converter;link:https://spinkorea.kr/tools/unix-timestamp;link:https://spinkorea.kr/tools/uri-encoder;link:https://spinkorea.kr/tools/uuid-generator;link:https://spinkorea.kr/tools/vat-calculator;link:https://spinkorea.kr/tools/water-intake;link:https://spinkorea.kr/tools/word-frequency;link:https://spinkorea.kr/tools/yes-no-oracle,page,SpinFlow 룰렛 | 원판돌리기 바로가기,src/data/site-pages.json,static;date=UNKNOWN,EXISTING_ARTIFACT_NOT_FRESH,200,https://spinkorea.kr/spinflow,[],https://spinkorea.kr/spinflow,ABSENT,ABSENT,ROBOTS_RULE_ALLOW,True,True,21,UNKNOWN,SCRIPT_PRESENT;DISPLAY_UNKNOWN,2026-09-19T23:04:03.429118+09:00,REVIEW,http-evidence.json,HTTP observation applies to fetched URL only; fragment variants retained; deployment SHA UNKNOWN
https://spinkorea.kr/spinflow#page-summary,https://spinkorea.kr/spinflow,link:https://spinkorea.kr/spinflow,page,UNKNOWN,UNKNOWN,UNKNOWN,UNKNOWN,UNKNOWN,UNKNOWN,UNKNOWN,UNKNOWN,UNKNOWN,UNKNOWN,ROBOTS_RULE_ALLOW,False,UNKNOWN,UNKNOWN,UNKNOWN,UNKNOWN,UNKNOWN,REVIEW,UNKNOWN,Candidate only: source/future/stale-build/link evidence is not proof of public availability
https://spinkorea.kr/spinflow#reference-links,https://spinkorea.kr/spinflow,link:https://spinkorea.kr/spinflow,page,UNKNOWN,UNKNOWN,UNKNOWN,UNKNOWN,UNKNOWN,UNKNOWN,UNKNOWN,UNKNOWN,UNKNOWN,UNKNOWN,ROBOTS_RULE_ALLOW,False,UNKNOWN,UNKNOWN,UNKNOWN,UNKNOWN,UNKNOWN,REVIEW,UNKNOWN,Candidate only: source/future/stale-build/link evidence is not proof of public availability
https://spinkorea.kr/spinflow#related-tools,https://spinkorea.kr/spinflow,link:https://spinkorea.kr/spinflow,page,UNKNOWN,UNKNOWN,UNKNOWN,UNKNOWN,UNKNOWN,UNKNOWN,UNKNOWN,UNKNOWN,UNKNOWN,UNKNOWN,ROBOTS_RULE_ALLOW,False,UNKNOWN,UNKNOWN,UNKNOWN,UNKNOWN,UNKNOWN,REVIEW,UNKNOWN,Candidate only: source/future/stale-build/link evidence is not proof of public availability
https://spinkorea.kr/terms,https://spinkorea.kr/terms,site-pages.json;existing-dist-unverified-build;LIVE_SITEMAP;LIVE_HTTP,page,이용약관 | SpinFlow,src/data/site-pages.json,static;date=UNKNOWN,EXISTING_ARTIFACT_NOT_FRESH,200,https://spinkorea.kr/terms,[],https://spinkorea.kr/terms,ABSENT,ABSENT,ROBOTS_RULE_ALLOW,True,False,0,UNKNOWN,SCRIPT_PRESENT;DISPLAY_UNKNOWN,2026-09-19T23:04:04.210212+09:00,REVIEW,http-evidence.json,HTTP observation applies to fetched URL only; fragment variants retained; deployment SHA UNKNOWN
https://spinkorea.kr/terms#page-summary,https://spinkorea.kr/terms,link:https://spinkorea.kr/terms,page,UNKNOWN,UNKNOWN,UNKNOWN,UNKNOWN,UNKNOWN,UNKNOWN,UNKNOWN,UNKNOWN,UNKNOWN,UNKNOWN,ROBOTS_RULE_ALLOW,False,UNKNOWN,UNKNOWN,UNKNOWN,UNKNOWN,UNKNOWN,REVIEW,UNKNOWN,Candidate only: source/future/stale-build/link evidence is not proof of public availability
https://spinkorea.kr/terms#reference-links,https://spinkorea.kr/terms,link:https://spinkorea.kr/terms,page,UNKNOWN,UNKNOWN,UNKNOWN,UNKNOWN,UNKNOWN,UNKNOWN,UNKNOWN,UNKNOWN,UNKNOWN,UNKNOWN,ROBOTS_RULE_ALLOW,False,UNKNOWN,UNKNOWN,UNKNOWN,UNKNOWN,UNKNOWN,REVIEW,UNKNOWN,Candidate only: source/future/stale-build/link evidence is not proof of public availability
https://spinkorea.kr/terms#related-tools,https://spinkorea.kr/terms,link:https://spinkorea.kr/terms,page,UNKNOWN,UNKNOWN,UNKNOWN,UNKNOWN,UNKNOWN,UNKNOWN,UNKNOWN,UNKNOWN,UNKNOWN,UNKNOWN,ROBOTS_RULE_ALLOW,False,UNKNOWN,UNKNOWN,UNKNOWN,UNKNOWN,UNKNOWN,REVIEW,UNKNOWN,Candidate only: source/future/stale-build/link evidence is not proof of public availability
https://spinkorea.kr/terms/,https://spinkorea.kr/terms/,link:https://spinkorea.kr/;link:https://spinkorea.kr/tools;link:https://spinkorea.kr/blog;link:https://spinkorea.kr/tools/text-counter;link:https://spinkorea.kr/tools/random-team;link:https://spinkorea.kr/tools/random-password;link:https://spinkorea.kr/tools/loan-calculator;link:https://spinkorea.kr/tools/date-calculator;link:https://spinkorea.kr/tools/percentage-calculator;link:https://spinkorea.kr/tools/json-formatter;link:https://spinkorea.kr/tools/qr-code-generator;link:https://spinkorea.kr/tools/sleep-calculator;link:https://spinkorea.kr/tools/bmi-calculator;link:https://spinkorea.kr/tools/hourly-wage;link:https://spinkorea.kr/tools/lotto-generator;link:https://spinkorea.kr/contact;link:https://spinkorea.kr/privacy;link:https://spinkorea.kr/privacy/;link:https://spinkorea.kr/faq;link:http://spinkorea.kr/;link:https://www.spinkorea.kr/;link:https://spinkorea.kr/about;link:https://spinkorea.kr/lunch-menu;link:https://spinkorea.kr/random-number;link:https://spinkorea.kr/spinflow;link:https://spinkorea.kr/terms;link:https://spinkorea.kr/tools/age-calculator;link:https://spinkorea.kr/tools/annual-leave;link:https://spinkorea.kr/tools/area-converter;link:https://spinkorea.kr/tools/base-converter;link:https://spinkorea.kr/tools/base64-encoder;link:https://spinkorea.kr/tools/body-fat;link:https://spinkorea.kr/tools/calorie-burn;link:https://spinkorea.kr/tools/calorie-calculator;link:https://spinkorea.kr/tools/case-converter;link:https://spinkorea.kr/tools/coin-flip;link:https://spinkorea.kr/tools/color-converter;link:https://spinkorea.kr/tools/compound-interest;link:https://spinkorea.kr/tools/css-shadow-generator;link:https://spinkorea.kr/tools/d-day-counter;link:https://spinkorea.kr/tools/dice-roller;link:https://spinkorea.kr/tools/diff-checker;link:https://spinkorea.kr/tools/discount-calculator;link:https://spinkorea.kr/tools/dutch-pay;link:https://spinkorea.kr/tools/fuel-economy;link:https://spinkorea.kr/tools/ideal-weight;link:https://spinkorea.kr/tools/jeonse-converter;link:https://spinkorea.kr/tools/lorem-ipsum;link:https://spinkorea.kr/tools/margin-calculator;link:https://spinkorea.kr/tools/markdown-previewer;link:https://spinkorea.kr/tools/net-salary;link:https://spinkorea.kr/tools/roi-calculator;link:https://spinkorea.kr/tools/severance-pay;link:https://spinkorea.kr/tools/speed-calculator;link:https://spinkorea.kr/tools/statistics-calculator;link:https://spinkorea.kr/tools/time-calculator;link:https://spinkorea.kr/tools/timer;link:https://spinkorea.kr/tools/unit-converter;link:https://spinkorea.kr/tools/unix-timestamp;link:https://spinkorea.kr/tools/uri-encoder;link:https://spinkorea.kr/tools/uuid-generator;link:https://spinkorea.kr/tools/vat-calculator;link:https://spinkorea.kr/tools/water-intake;link:https://spinkorea.kr/tools/word-frequency;link:https://spinkorea.kr/tools/yes-no-oracle,page,UNKNOWN,UNKNOWN,UNKNOWN,UNKNOWN,UNKNOWN,UNKNOWN,UNKNOWN,UNKNOWN,UNKNOWN,UNKNOWN,ROBOTS_RULE_ALLOW,False,True,21,UNKNOWN,UNKNOWN,UNKNOWN,REVIEW,UNKNOWN,Candidate only: source/future/stale-build/link evidence is not proof of public availability
https://spinkorea.kr/tools,https://spinkorea.kr/tools,site-pages.json;existing-dist-unverified-build;LIVE_SITEMAP;link:https://spinkorea.kr/;LIVE_HTTP;link:https://spinkorea.kr/blog;link:https://spinkorea.kr/blog/css-shadow-states;link:https://spinkorea.kr/blog/yes-no-reversible-choice;link:https://spinkorea.kr/blog/ai-era-skills;link:https://spinkorea.kr/tools/text-counter;link:https://spinkorea.kr/tools/random-team;link:https://spinkorea.kr/tools/random-password;link:https://spinkorea.kr/tools/loan-calculator;link:https://spinkorea.kr/tools/date-calculator;link:https://spinkorea.kr/tools/percentage-calculator;link:https://spinkorea.kr/tools/json-formatter;link:https://spinkorea.kr/tools/qr-code-generator;link:https://spinkorea.kr/tools/sleep-calculator;link:https://spinkorea.kr/tools/bmi-calculator;link:https://spinkorea.kr/tools/hourly-wage;link:https://spinkorea.kr/tools/lotto-generator;link:https://spinkorea.kr/contact;link:https://spinkorea.kr/privacy;link:https://spinkorea.kr/privacy/;link:https://spinkorea.kr/faq;link:https://spinkorea.kr/audit-nonexistent-20260919;link:http://spinkorea.kr/;link:https://www.spinkorea.kr/;link:https://spinkorea.kr/about;link:https://spinkorea.kr/blog/calculator-vs-excel;link:https://spinkorea.kr/blog/coin-flip-question;link:https://spinkorea.kr/blog/developer-tools-collection;link:https://spinkorea.kr/blog/dice-multiple-sum;link:https://spinkorea.kr/blog/diff-whitespace-review;link:https://spinkorea.kr/blog/digital-minimalism;link:https://spinkorea.kr/blog/digital-nomad-tools;link:https://spinkorea.kr/blog/hex-rgb-hsl-rounding;link:https://spinkorea.kr/blog/lorem-ipsum-layout-qa;link:https://spinkorea.kr/blog/lotto-random-combination;link:https://spinkorea.kr/blog/qr-print-scan-test;link:https://spinkorea.kr/blog/random-number-exclusion;link:https://spinkorea.kr/blog/random-team-odd-members;link:https://spinkorea.kr/blog/url-shortener-tech;link:https://spinkorea.kr/lunch-menu;link:https://spinkorea.kr/random-number;link:https://spinkorea.kr/spinflow;link:https://spinkorea.kr/terms;link:https://spinkorea.kr/tools/age-calculator;link:https://spinkorea.kr/tools/annual-leave;link:https://spinkorea.kr/tools/area-converter;link:https://spinkorea.kr/tools/base-converter;link:https://spinkorea.kr/tools/base64-encoder;link:https://spinkorea.kr/tools/body-fat;link:https://spinkorea.kr/tools/calorie-burn;link:https://spinkorea.kr/tools/calorie-calculator;link:https://spinkorea.kr/tools/case-converter;link:https://spinkorea.kr/tools/coin-flip;link:https://spinkorea.kr/tools/color-converter;link:https://spinkorea.kr/tools/compound-interest;link:https://spinkorea.kr/tools/css-shadow-generator;link:https://spinkorea.kr/tools/d-day-counter;link:https://spinkorea.kr/tools/dice-roller;link:https://spinkorea.kr/tools/diff-checker;link:https://spinkorea.kr/tools/discount-calculator;link:https://spinkorea.kr/tools/dutch-pay;link:https://spinkorea.kr/tools/fuel-economy;link:https://spinkorea.kr/tools/ideal-weight;link:https://spinkorea.kr/tools/jeonse-converter;link:https://spinkorea.kr/tools/lorem-ipsum;link:https://spinkorea.kr/tools/margin-calculator;link:https://spinkorea.kr/tools/markdown-previewer;link:https://spinkorea.kr/tools/net-salary;link:https://spinkorea.kr/tools/roi-calculator;link:https://spinkorea.kr/tools/severance-pay;link:https://spinkorea.kr/tools/speed-calculator;link:https://spinkorea.kr/tools/statistics-calculator;link:https://spinkorea.kr/tools/time-calculator;link:https://spinkorea.kr/tools/timer;link:https://spinkorea.kr/tools/unit-converter;link:https://spinkorea.kr/tools/unix-timestamp;link:https://spinkorea.kr/tools/uri-encoder;link:https://spinkorea.kr/tools/uuid-generator;link:https://spinkorea.kr/tools/vat-calculator;link:https://spinkorea.kr/tools/water-intake;link:https://spinkorea.kr/tools/word-frequency;link:https://spinkorea.kr/tools/yes-no-oracle,page,무료 유틸리티 모음 51종 | SpinFlow — 계산기·변환·랜덤 도구,src/data/site-pages.json,static;date=UNKNOWN,EXISTING_ARTIFACT_NOT_FRESH,200,https://spinkorea.kr/tools,[],https://spinkorea.kr/tools,ABSENT,ABSENT,ROBOTS_RULE_ALLOW,True,True,24,LIVE_DOM_OBSERVED_THIRD_PARTIES_BLOCKED,SCRIPT_PRESENT;DISPLAY_UNKNOWN,2026-09-19T22:57:11.290278+09:00,REVIEW,http-evidence.json,HTTP observation applies to fetched URL only; fragment variants retained; deployment SHA UNKNOWN
https://spinkorea.kr/tools#page-directory,https://spinkorea.kr/tools,link:https://spinkorea.kr/tools,page,UNKNOWN,UNKNOWN,UNKNOWN,UNKNOWN,UNKNOWN,UNKNOWN,UNKNOWN,UNKNOWN,UNKNOWN,UNKNOWN,ROBOTS_RULE_ALLOW,False,True,1,UNKNOWN,UNKNOWN,UNKNOWN,REVIEW,UNKNOWN,Candidate only: source/future/stale-build/link evidence is not proof of public availability
https://spinkorea.kr/tools#page-guide,https://spinkorea.kr/tools,link:https://spinkorea.kr/tools,page,UNKNOWN,UNKNOWN,UNKNOWN,UNKNOWN,UNKNOWN,UNKNOWN,UNKNOWN,UNKNOWN,UNKNOWN,UNKNOWN,ROBOTS_RULE_ALLOW,False,True,1,UNKNOWN,UNKNOWN,UNKNOWN,REVIEW,UNKNOWN,Candidate only: source/future/stale-build/link evidence is not proof of public availability
https://spinkorea.kr/tools#page-summary,https://spinkorea.kr/tools,link:https://spinkorea.kr/tools,page,UNKNOWN,UNKNOWN,UNKNOWN,UNKNOWN,UNKNOWN,UNKNOWN,UNKNOWN,UNKNOWN,UNKNOWN,UNKNOWN,ROBOTS_RULE_ALLOW,False,True,1,UNKNOWN,UNKNOWN,UNKNOWN,REVIEW,UNKNOWN,Candidate only: source/future/stale-build/link evidence is not proof of public availability
https://spinkorea.kr/tools#reference-links,https://spinkorea.kr/tools,link:https://spinkorea.kr/tools,page,UNKNOWN,UNKNOWN,UNKNOWN,UNKNOWN,UNKNOWN,UNKNOWN,UNKNOWN,UNKNOWN,UNKNOWN,UNKNOWN,ROBOTS_RULE_ALLOW,False,True,1,UNKNOWN,UNKNOWN,UNKNOWN,REVIEW,UNKNOWN,Candidate only: source/future/stale-build/link evidence is not proof of public availability
https://spinkorea.kr/tools#related-tools,https://spinkorea.kr/tools,link:https://spinkorea.kr/tools,page,UNKNOWN,UNKNOWN,UNKNOWN,UNKNOWN,UNKNOWN,UNKNOWN,UNKNOWN,UNKNOWN,UNKNOWN,UNKNOWN,ROBOTS_RULE_ALLOW,False,True,1,UNKNOWN,UNKNOWN,UNKNOWN,REVIEW,UNKNOWN,Candidate only: source/future/stale-build/link evidence is not proof of public availability
https://spinkorea.kr/tools/age-calculator,https://spinkorea.kr/tools/age-calculator,site-pages.json;existing-dist-unverified-build;LIVE_SITEMAP;link:https://spinkorea.kr/tools;link:https://spinkorea.kr/blog/age-calculation-trivia;link:https://spinkorea.kr/blog/age-calculator-guide;link:https://spinkorea.kr/blog/calculator-vs-excel;LIVE_HTTP,tool,나이 계산기 | 만 나이·생일 계산,src/data/site-pages.json,static;date=UNKNOWN,EXISTING_ARTIFACT_NOT_FRESH,200,https://spinkorea.kr/tools/age-calculator,[],https://spinkorea.kr/tools/age-calculator,ABSENT,ABSENT,ROBOTS_RULE_ALLOW,True,True,1,UNKNOWN,SCRIPT_PRESENT;DISPLAY_UNKNOWN,2026-09-19T23:04:04.998530+09:00,REVIEW,http-evidence.json,HTTP observation applies to fetched URL only; fragment variants retained; deployment SHA UNKNOWN
https://spinkorea.kr/tools/age-calculator#page-summary,https://spinkorea.kr/tools/age-calculator,link:https://spinkorea.kr/tools/age-calculator,tool,UNKNOWN,UNKNOWN,UNKNOWN,UNKNOWN,UNKNOWN,UNKNOWN,UNKNOWN,UNKNOWN,UNKNOWN,UNKNOWN,ROBOTS_RULE_ALLOW,False,UNKNOWN,UNKNOWN,UNKNOWN,UNKNOWN,UNKNOWN,REVIEW,UNKNOWN,Candidate only: source/future/stale-build/link evidence is not proof of public availability
https://spinkorea.kr/tools/age-calculator#reference-links,https://spinkorea.kr/tools/age-calculator,link:https://spinkorea.kr/tools/age-calculator,tool,UNKNOWN,UNKNOWN,UNKNOWN,UNKNOWN,UNKNOWN,UNKNOWN,UNKNOWN,UNKNOWN,UNKNOWN,UNKNOWN,ROBOTS_RULE_ALLOW,False,UNKNOWN,UNKNOWN,UNKNOWN,UNKNOWN,UNKNOWN,REVIEW,UNKNOWN,Candidate only: source/future/stale-build/link evidence is not proof of public availability
https://spinkorea.kr/tools/age-calculator#related-tools,https://spinkorea.kr/tools/age-calculator,link:https://spinkorea.kr/tools/age-calculator,tool,UNKNOWN,UNKNOWN,UNKNOWN,UNKNOWN,UNKNOWN,UNKNOWN,UNKNOWN,UNKNOWN,UNKNOWN,UNKNOWN,ROBOTS_RULE_ALLOW,False,UNKNOWN,UNKNOWN,UNKNOWN,UNKNOWN,UNKNOWN,REVIEW,UNKNOWN,Candidate only: source/future/stale-build/link evidence is not proof of public availability
https://spinkorea.kr/tools/age-calculator#tool-guide,https://spinkorea.kr/tools/age-calculator,link:https://spinkorea.kr/tools/age-calculator,tool,UNKNOWN,UNKNOWN,UNKNOWN,UNKNOWN,UNKNOWN,UNKNOWN,UNKNOWN,UNKNOWN,UNKNOWN,UNKNOWN,ROBOTS_RULE_ALLOW,False,UNKNOWN,UNKNOWN,UNKNOWN,UNKNOWN,UNKNOWN,REVIEW,UNKNOWN,Candidate only: source/future/stale-build/link evidence is not proof of public availability
https://spinkorea.kr/tools/annual-leave,https://spinkorea.kr/tools/annual-leave,site-pages.json;existing-dist-unverified-build;LIVE_SITEMAP;link:https://spinkorea.kr/tools;LIVE_HTTP,tool,연차 계산기 | 연차일수·잔여연차·연차수당 자동 계산,src/data/site-pages.json,static;date=UNKNOWN,EXISTING_ARTIFACT_NOT_FRESH,200,https://spinkorea.kr/tools/annual-leave,[],https://spinkorea.kr/tools/annual-leave,ABSENT,ABSENT,ROBOTS_RULE_ALLOW,True,True,1,UNKNOWN,SCRIPT_PRESENT;DISPLAY_UNKNOWN,2026-09-19T23:04:05.781029+09:00,REVIEW,http-evidence.json,HTTP observation applies to fetched URL only; fragment variants retained; deployment SHA UNKNOWN
https://spinkorea.kr/tools/annual-leave#page-summary,https://spinkorea.kr/tools/annual-leave,link:https://spinkorea.kr/tools/annual-leave,tool,UNKNOWN,UNKNOWN,UNKNOWN,UNKNOWN,UNKNOWN,UNKNOWN,UNKNOWN,UNKNOWN,UNKNOWN,UNKNOWN,ROBOTS_RULE_ALLOW,False,UNKNOWN,UNKNOWN,UNKNOWN,UNKNOWN,UNKNOWN,REVIEW,UNKNOWN,Candidate only: source/future/stale-build/link evidence is not proof of public availability
https://spinkorea.kr/tools/annual-leave#reference-links,https://spinkorea.kr/tools/annual-leave,link:https://spinkorea.kr/tools/annual-leave,tool,UNKNOWN,UNKNOWN,UNKNOWN,UNKNOWN,UNKNOWN,UNKNOWN,UNKNOWN,UNKNOWN,UNKNOWN,UNKNOWN,ROBOTS_RULE_ALLOW,False,UNKNOWN,UNKNOWN,UNKNOWN,UNKNOWN,UNKNOWN,REVIEW,UNKNOWN,Candidate only: source/future/stale-build/link evidence is not proof of public availability
https://spinkorea.kr/tools/annual-leave#related-tools,https://spinkorea.kr/tools/annual-leave,link:https://spinkorea.kr/tools/annual-leave,tool,UNKNOWN,UNKNOWN,UNKNOWN,UNKNOWN,UNKNOWN,UNKNOWN,UNKNOWN,UNKNOWN,UNKNOWN,UNKNOWN,ROBOTS_RULE_ALLOW,False,UNKNOWN,UNKNOWN,UNKNOWN,UNKNOWN,UNKNOWN,REVIEW,UNKNOWN,Candidate only: source/future/stale-build/link evidence is not proof of public availability
https://spinkorea.kr/tools/annual-leave#tool-guide,https://spinkorea.kr/tools/annual-leave,link:https://spinkorea.kr/tools/annual-leave,tool,UNKNOWN,UNKNOWN,UNKNOWN,UNKNOWN,UNKNOWN,UNKNOWN,UNKNOWN,UNKNOWN,UNKNOWN,UNKNOWN,ROBOTS_RULE_ALLOW,False,UNKNOWN,UNKNOWN,UNKNOWN,UNKNOWN,UNKNOWN,REVIEW,UNKNOWN,Candidate only: source/future/stale-build/link evidence is not proof of public availability
https://spinkorea.kr/tools/area-converter,https://spinkorea.kr/tools/area-converter,site-pages.json;existing-dist-unverified-build;LIVE_SITEMAP;link:https://spinkorea.kr/tools;LIVE_HTTP,tool,평수 계산기 | 평↔m²↔ft² 면적 변환,src/data/site-pages.json,static;date=UNKNOWN,EXISTING_ARTIFACT_NOT_FRESH,200,https://spinkorea.kr/tools/area-converter,[],https://spinkorea.kr/tools/area-converter,ABSENT,ABSENT,ROBOTS_RULE_ALLOW,True,True,1,UNKNOWN,SCRIPT_PRESENT;DISPLAY_UNKNOWN,2026-09-19T23:04:06.298726+09:00,REVIEW,http-evidence.json,HTTP observation applies to fetched URL only; fragment variants retained; deployment SHA UNKNOWN
https://spinkorea.kr/tools/area-converter#page-summary,https://spinkorea.kr/tools/area-converter,link:https://spinkorea.kr/tools/area-converter,tool,UNKNOWN,UNKNOWN,UNKNOWN,UNKNOWN,UNKNOWN,UNKNOWN,UNKNOWN,UNKNOWN,UNKNOWN,UNKNOWN,ROBOTS_RULE_ALLOW,False,UNKNOWN,UNKNOWN,UNKNOWN,UNKNOWN,UNKNOWN,REVIEW,UNKNOWN,Candidate only: source/future/stale-build/link evidence is not proof of public availability
https://spinkorea.kr/tools/area-converter#reference-links,https://spinkorea.kr/tools/area-converter,link:https://spinkorea.kr/tools/area-converter,tool,UNKNOWN,UNKNOWN,UNKNOWN,UNKNOWN,UNKNOWN,UNKNOWN,UNKNOWN,UNKNOWN,UNKNOWN,UNKNOWN,ROBOTS_RULE_ALLOW,False,UNKNOWN,UNKNOWN,UNKNOWN,UNKNOWN,UNKNOWN,REVIEW,UNKNOWN,Candidate only: source/future/stale-build/link evidence is not proof of public availability
https://spinkorea.kr/tools/area-converter#related-tools,https://spinkorea.kr/tools/area-converter,link:https://spinkorea.kr/tools/area-converter,tool,UNKNOWN,UNKNOWN,UNKNOWN,UNKNOWN,UNKNOWN,UNKNOWN,UNKNOWN,UNKNOWN,UNKNOWN,UNKNOWN,ROBOTS_RULE_ALLOW,False,UNKNOWN,UNKNOWN,UNKNOWN,UNKNOWN,UNKNOWN,REVIEW,UNKNOWN,Candidate only: source/future/stale-build/link evidence is not proof of public availability
https://spinkorea.kr/tools/area-converter#tool-guide,https://spinkorea.kr/tools/area-converter,link:https://spinkorea.kr/tools/area-converter,tool,UNKNOWN,UNKNOWN,UNKNOWN,UNKNOWN,UNKNOWN,UNKNOWN,UNKNOWN,UNKNOWN,UNKNOWN,UNKNOWN,ROBOTS_RULE_ALLOW,False,UNKNOWN,UNKNOWN,UNKNOWN,UNKNOWN,UNKNOWN,REVIEW,UNKNOWN,Candidate only: source/future/stale-build/link evidence is not proof of public availability
https://spinkorea.kr/tools/base-converter,https://spinkorea.kr/tools/base-converter,site-pages.json;existing-dist-unverified-build;LIVE_SITEMAP;link:https://spinkorea.kr/tools;LIVE_HTTP,tool,진법 변환기 | 2진수·8진수·10진수·16진수 상호 변환,src/data/site-pages.json,static;date=UNKNOWN,EXISTING_ARTIFACT_NOT_FRESH,200,https://spinkorea.kr/tools/base-converter,[],https://spinkorea.kr/tools/base-converter,ABSENT,ABSENT,ROBOTS_RULE_ALLOW,True,True,1,UNKNOWN,SCRIPT_PRESENT;DISPLAY_UNKNOWN,2026-09-19T23:04:07.086240+09:00,REVIEW,http-evidence.json,HTTP observation applies to fetched URL only; fragment variants retained; deployment SHA UNKNOWN
https://spinkorea.kr/tools/base-converter#page-summary,https://spinkorea.kr/tools/base-converter,link:https://spinkorea.kr/tools/base-converter,tool,UNKNOWN,UNKNOWN,UNKNOWN,UNKNOWN,UNKNOWN,UNKNOWN,UNKNOWN,UNKNOWN,UNKNOWN,UNKNOWN,ROBOTS_RULE_ALLOW,False,UNKNOWN,UNKNOWN,UNKNOWN,UNKNOWN,UNKNOWN,REVIEW,UNKNOWN,Candidate only: source/future/stale-build/link evidence is not proof of public availability
https://spinkorea.kr/tools/base-converter#reference-links,https://spinkorea.kr/tools/base-converter,link:https://spinkorea.kr/tools/base-converter,tool,UNKNOWN,UNKNOWN,UNKNOWN,UNKNOWN,UNKNOWN,UNKNOWN,UNKNOWN,UNKNOWN,UNKNOWN,UNKNOWN,ROBOTS_RULE_ALLOW,False,UNKNOWN,UNKNOWN,UNKNOWN,UNKNOWN,UNKNOWN,REVIEW,UNKNOWN,Candidate only: source/future/stale-build/link evidence is not proof of public availability
https://spinkorea.kr/tools/base-converter#related-tools,https://spinkorea.kr/tools/base-converter,link:https://spinkorea.kr/tools/base-converter,tool,UNKNOWN,UNKNOWN,UNKNOWN,UNKNOWN,UNKNOWN,UNKNOWN,UNKNOWN,UNKNOWN,UNKNOWN,UNKNOWN,ROBOTS_RULE_ALLOW,False,UNKNOWN,UNKNOWN,UNKNOWN,UNKNOWN,UNKNOWN,REVIEW,UNKNOWN,Candidate only: source/future/stale-build/link evidence is not proof of public availability
https://spinkorea.kr/tools/base-converter#tool-guide,https://spinkorea.kr/tools/base-converter,link:https://spinkorea.kr/tools/base-converter,tool,UNKNOWN,UNKNOWN,UNKNOWN,UNKNOWN,UNKNOWN,UNKNOWN,UNKNOWN,UNKNOWN,UNKNOWN,UNKNOWN,ROBOTS_RULE_ALLOW,False,UNKNOWN,UNKNOWN,UNKNOWN,UNKNOWN,UNKNOWN,REVIEW,UNKNOWN,Candidate only: source/future/stale-build/link evidence is not proof of public availability
https://spinkorea.kr/tools/base64-encoder,https://spinkorea.kr/tools/base64-encoder,site-pages.json;existing-dist-unverified-build;LIVE_SITEMAP;link:https://spinkorea.kr/tools;link:https://spinkorea.kr/blog/base64-guide;link:https://spinkorea.kr/blog/developer-tools-collection;LIVE_HTTP,tool,Base64 변환기 | 인코딩·디코딩,src/data/site-pages.json,static;date=UNKNOWN,EXISTING_ARTIFACT_NOT_FRESH,200,https://spinkorea.kr/tools/base64-encoder,[],https://spinkorea.kr/tools/base64-encoder,ABSENT,ABSENT,ROBOTS_RULE_ALLOW,True,True,1,UNKNOWN,SCRIPT_PRESENT;DISPLAY_UNKNOWN,2026-09-19T23:04:07.826562+09:00,REVIEW,http-evidence.json,HTTP observation applies to fetched URL only; fragment variants retained; deployment SHA UNKNOWN
https://spinkorea.kr/tools/base64-encoder#page-summary,https://spinkorea.kr/tools/base64-encoder,link:https://spinkorea.kr/tools/base64-encoder,tool,UNKNOWN,UNKNOWN,UNKNOWN,UNKNOWN,UNKNOWN,UNKNOWN,UNKNOWN,UNKNOWN,UNKNOWN,UNKNOWN,ROBOTS_RULE_ALLOW,False,UNKNOWN,UNKNOWN,UNKNOWN,UNKNOWN,UNKNOWN,REVIEW,UNKNOWN,Candidate only: source/future/stale-build/link evidence is not proof of public availability
https://spinkorea.kr/tools/base64-encoder#reference-links,https://spinkorea.kr/tools/base64-encoder,link:https://spinkorea.kr/tools/base64-encoder,tool,UNKNOWN,UNKNOWN,UNKNOWN,UNKNOWN,UNKNOWN,UNKNOWN,UNKNOWN,UNKNOWN,UNKNOWN,UNKNOWN,ROBOTS_RULE_ALLOW,False,UNKNOWN,UNKNOWN,UNKNOWN,UNKNOWN,UNKNOWN,REVIEW,UNKNOWN,Candidate only: source/future/stale-build/link evidence is not proof of public availability
https://spinkorea.kr/tools/base64-encoder#related-tools,https://spinkorea.kr/tools/base64-encoder,link:https://spinkorea.kr/tools/base64-encoder,tool,UNKNOWN,UNKNOWN,UNKNOWN,UNKNOWN,UNKNOWN,UNKNOWN,UNKNOWN,UNKNOWN,UNKNOWN,UNKNOWN,ROBOTS_RULE_ALLOW,False,UNKNOWN,UNKNOWN,UNKNOWN,UNKNOWN,UNKNOWN,REVIEW,UNKNOWN,Candidate only: source/future/stale-build/link evidence is not proof of public availability
https://spinkorea.kr/tools/base64-encoder#tool-guide,https://spinkorea.kr/tools/base64-encoder,link:https://spinkorea.kr/tools/base64-encoder,tool,UNKNOWN,UNKNOWN,UNKNOWN,UNKNOWN,UNKNOWN,UNKNOWN,UNKNOWN,UNKNOWN,UNKNOWN,UNKNOWN,ROBOTS_RULE_ALLOW,False,UNKNOWN,UNKNOWN,UNKNOWN,UNKNOWN,UNKNOWN,REVIEW,UNKNOWN,Candidate only: source/future/stale-build/link evidence is not proof of public availability
https://spinkorea.kr/tools/bmi-calculator,https://spinkorea.kr/tools/bmi-calculator,site-pages.json;existing-dist-unverified-build;LIVE_SITEMAP;link:https://spinkorea.kr/tools;link:https://spinkorea.kr/blog/bmi-limitations;LIVE_HTTP;link:https://spinkorea.kr/blog/bmi-calculator-guide;link:https://spinkorea.kr/blog/bmi-healthy-weight-guide;link:https://spinkorea.kr/blog/calculator-vs-excel,tool,BMI 계산기 | 체질량지수 계산,src/data/site-pages.json,static;date=UNKNOWN,EXISTING_ARTIFACT_NOT_FRESH,200,https://spinkorea.kr/tools/bmi-calculator,[],https://spinkorea.kr/tools/bmi-calculator,ABSENT,ABSENT,ROBOTS_RULE_ALLOW,True,True,3,UNKNOWN,SCRIPT_PRESENT;DISPLAY_UNKNOWN,2026-09-19T22:57:28.465768+09:00,REVIEW,http-evidence.json,HTTP observation applies to fetched URL only; fragment variants retained; deployment SHA UNKNOWN
https://spinkorea.kr/tools/bmi-calculator#page-summary,https://spinkorea.kr/tools/bmi-calculator,link:https://spinkorea.kr/tools/bmi-calculator,tool,UNKNOWN,UNKNOWN,UNKNOWN,UNKNOWN,UNKNOWN,UNKNOWN,UNKNOWN,UNKNOWN,UNKNOWN,UNKNOWN,ROBOTS_RULE_ALLOW,False,False,1,UNKNOWN,UNKNOWN,UNKNOWN,REVIEW,UNKNOWN,Candidate only: source/future/stale-build/link evidence is not proof of public availability
https://spinkorea.kr/tools/bmi-calculator#reference-links,https://spinkorea.kr/tools/bmi-calculator,link:https://spinkorea.kr/tools/bmi-calculator,tool,UNKNOWN,UNKNOWN,UNKNOWN,UNKNOWN,UNKNOWN,UNKNOWN,UNKNOWN,UNKNOWN,UNKNOWN,UNKNOWN,ROBOTS_RULE_ALLOW,False,False,1,UNKNOWN,UNKNOWN,UNKNOWN,REVIEW,UNKNOWN,Candidate only: source/future/stale-build/link evidence is not proof of public availability
https://spinkorea.kr/tools/bmi-calculator#related-tools,https://spinkorea.kr/tools/bmi-calculator,link:https://spinkorea.kr/tools/bmi-calculator,tool,UNKNOWN,UNKNOWN,UNKNOWN,UNKNOWN,UNKNOWN,UNKNOWN,UNKNOWN,UNKNOWN,UNKNOWN,UNKNOWN,ROBOTS_RULE_ALLOW,False,False,1,UNKNOWN,UNKNOWN,UNKNOWN,REVIEW,UNKNOWN,Candidate only: source/future/stale-build/link evidence is not proof of public availability
https://spinkorea.kr/tools/bmi-calculator#tool-guide,https://spinkorea.kr/tools/bmi-calculator,link:https://spinkorea.kr/tools/bmi-calculator,tool,UNKNOWN,UNKNOWN,UNKNOWN,UNKNOWN,UNKNOWN,UNKNOWN,UNKNOWN,UNKNOWN,UNKNOWN,UNKNOWN,ROBOTS_RULE_ALLOW,False,False,1,UNKNOWN,UNKNOWN,UNKNOWN,REVIEW,UNKNOWN,Candidate only: source/future/stale-build/link evidence is not proof of public availability
https://spinkorea.kr/tools/body-fat,https://spinkorea.kr/tools/body-fat,site-pages.json;existing-dist-unverified-build;LIVE_SITEMAP;link:https://spinkorea.kr/tools;LIVE_HTTP,tool,체지방률 계산기 | Navy Method 체성분 분석,src/data/site-pages.json,static;date=UNKNOWN,EXISTING_ARTIFACT_NOT_FRESH,200,https://spinkorea.kr/tools/body-fat,[],https://spinkorea.kr/tools/body-fat,ABSENT,ABSENT,ROBOTS_RULE_ALLOW,True,True,1,UNKNOWN,SCRIPT_PRESENT;DISPLAY_UNKNOWN,2026-09-19T23:04:08.578066+09:00,REVIEW,http-evidence.json,HTTP observation applies to fetched URL only; fragment variants retained; deployment SHA UNKNOWN
https://spinkorea.kr/tools/body-fat#page-summary,https://spinkorea.kr/tools/body-fat,link:https://spinkorea.kr/tools/body-fat,tool,UNKNOWN,UNKNOWN,UNKNOWN,UNKNOWN,UNKNOWN,UNKNOWN,UNKNOWN,UNKNOWN,UNKNOWN,UNKNOWN,ROBOTS_RULE_ALLOW,False,UNKNOWN,UNKNOWN,UNKNOWN,UNKNOWN,UNKNOWN,REVIEW,UNKNOWN,Candidate only: source/future/stale-build/link evidence is not proof of public availability
https://spinkorea.kr/tools/body-fat#reference-links,https://spinkorea.kr/tools/body-fat,link:https://spinkorea.kr/tools/body-fat,tool,UNKNOWN,UNKNOWN,UNKNOWN,UNKNOWN,UNKNOWN,UNKNOWN,UNKNOWN,UNKNOWN,UNKNOWN,UNKNOWN,ROBOTS_RULE_ALLOW,False,UNKNOWN,UNKNOWN,UNKNOWN,UNKNOWN,UNKNOWN,REVIEW,UNKNOWN,Candidate only: source/future/stale-build/link evidence is not proof of public availability
https://spinkorea.kr/tools/body-fat#related-tools,https://spinkorea.kr/tools/body-fat,link:https://spinkorea.kr/tools/body-fat,tool,UNKNOWN,UNKNOWN,UNKNOWN,UNKNOWN,UNKNOWN,UNKNOWN,UNKNOWN,UNKNOWN,UNKNOWN,UNKNOWN,ROBOTS_RULE_ALLOW,False,UNKNOWN,UNKNOWN,UNKNOWN,UNKNOWN,UNKNOWN,REVIEW,UNKNOWN,Candidate only: source/future/stale-build/link evidence is not proof of public availability
https://spinkorea.kr/tools/body-fat#tool-guide,https://spinkorea.kr/tools/body-fat,link:https://spinkorea.kr/tools/body-fat,tool,UNKNOWN,UNKNOWN,UNKNOWN,UNKNOWN,UNKNOWN,UNKNOWN,UNKNOWN,UNKNOWN,UNKNOWN,UNKNOWN,ROBOTS_RULE_ALLOW,False,UNKNOWN,UNKNOWN,UNKNOWN,UNKNOWN,UNKNOWN,REVIEW,UNKNOWN,Candidate only: source/future/stale-build/link evidence is not proof of public availability
https://spinkorea.kr/tools/calorie-burn,https://spinkorea.kr/tools/calorie-burn,site-pages.json;existing-dist-unverified-build;LIVE_SITEMAP;link:https://spinkorea.kr/tools;LIVE_HTTP,tool,칼로리 소모 계산기 | 운동별 소모 칼로리·지방 연소량,src/data/site-pages.json,static;date=UNKNOWN,EXISTING_ARTIFACT_NOT_FRESH,200,https://spinkorea.kr/tools/calorie-burn,[],https://spinkorea.kr/tools/calorie-burn,ABSENT,ABSENT,ROBOTS_RULE_ALLOW,True,True,1,UNKNOWN,SCRIPT_PRESENT;DISPLAY_UNKNOWN,2026-09-19T23:04:09.341739+09:00,REVIEW,http-evidence.json,HTTP observation applies to fetched URL only; fragment variants retained; deployment SHA UNKNOWN
https://spinkorea.kr/tools/calorie-burn#page-summary,https://spinkorea.kr/tools/calorie-burn,link:https://spinkorea.kr/tools/calorie-burn,tool,UNKNOWN,UNKNOWN,UNKNOWN,UNKNOWN,UNKNOWN,UNKNOWN,UNKNOWN,UNKNOWN,UNKNOWN,UNKNOWN,ROBOTS_RULE_ALLOW,False,UNKNOWN,UNKNOWN,UNKNOWN,UNKNOWN,UNKNOWN,REVIEW,UNKNOWN,Candidate only: source/future/stale-build/link evidence is not proof of public availability
https://spinkorea.kr/tools/calorie-burn#reference-links,https://spinkorea.kr/tools/calorie-burn,link:https://spinkorea.kr/tools/calorie-burn,tool,UNKNOWN,UNKNOWN,UNKNOWN,UNKNOWN,UNKNOWN,UNKNOWN,UNKNOWN,UNKNOWN,UNKNOWN,UNKNOWN,ROBOTS_RULE_ALLOW,False,UNKNOWN,UNKNOWN,UNKNOWN,UNKNOWN,UNKNOWN,REVIEW,UNKNOWN,Candidate only: source/future/stale-build/link evidence is not proof of public availability
https://spinkorea.kr/tools/calorie-burn#related-tools,https://spinkorea.kr/tools/calorie-burn,link:https://spinkorea.kr/tools/calorie-burn,tool,UNKNOWN,UNKNOWN,UNKNOWN,UNKNOWN,UNKNOWN,UNKNOWN,UNKNOWN,UNKNOWN,UNKNOWN,UNKNOWN,ROBOTS_RULE_ALLOW,False,UNKNOWN,UNKNOWN,UNKNOWN,UNKNOWN,UNKNOWN,REVIEW,UNKNOWN,Candidate only: source/future/stale-build/link evidence is not proof of public availability
https://spinkorea.kr/tools/calorie-burn#tool-guide,https://spinkorea.kr/tools/calorie-burn,link:https://spinkorea.kr/tools/calorie-burn,tool,UNKNOWN,UNKNOWN,UNKNOWN,UNKNOWN,UNKNOWN,UNKNOWN,UNKNOWN,UNKNOWN,UNKNOWN,UNKNOWN,ROBOTS_RULE_ALLOW,False,UNKNOWN,UNKNOWN,UNKNOWN,UNKNOWN,UNKNOWN,REVIEW,UNKNOWN,Candidate only: source/future/stale-build/link evidence is not proof of public availability
https://spinkorea.kr/tools/calorie-calculator,https://spinkorea.kr/tools/calorie-calculator,site-pages.json;existing-dist-unverified-build;LIVE_SITEMAP;link:https://spinkorea.kr/tools;LIVE_HTTP,tool,칼로리 계산기 | 기초대사량(BMR)·일일 권장 칼로리,src/data/site-pages.json,static;date=UNKNOWN,EXISTING_ARTIFACT_NOT_FRESH,200,https://spinkorea.kr/tools/calorie-calculator,[],https://spinkorea.kr/tools/calorie-calculator,ABSENT,ABSENT,ROBOTS_RULE_ALLOW,True,True,1,UNKNOWN,SCRIPT_PRESENT;DISPLAY_UNKNOWN,2026-09-19T23:04:10.093147+09:00,REVIEW,http-evidence.json,HTTP observation applies to fetched URL only; fragment variants retained; deployment SHA UNKNOWN
https://spinkorea.kr/tools/calorie-calculator#page-summary,https://spinkorea.kr/tools/calorie-calculator,link:https://spinkorea.kr/tools/calorie-calculator,tool,UNKNOWN,UNKNOWN,UNKNOWN,UNKNOWN,UNKNOWN,UNKNOWN,UNKNOWN,UNKNOWN,UNKNOWN,UNKNOWN,ROBOTS_RULE_ALLOW,False,UNKNOWN,UNKNOWN,UNKNOWN,UNKNOWN,UNKNOWN,REVIEW,UNKNOWN,Candidate only: source/future/stale-build/link evidence is not proof of public availability
https://spinkorea.kr/tools/calorie-calculator#reference-links,https://spinkorea.kr/tools/calorie-calculator,link:https://spinkorea.kr/tools/calorie-calculator,tool,UNKNOWN,UNKNOWN,UNKNOWN,UNKNOWN,UNKNOWN,UNKNOWN,UNKNOWN,UNKNOWN,UNKNOWN,UNKNOWN,ROBOTS_RULE_ALLOW,False,UNKNOWN,UNKNOWN,UNKNOWN,UNKNOWN,UNKNOWN,REVIEW,UNKNOWN,Candidate only: source/future/stale-build/link evidence is not proof of public availability
https://spinkorea.kr/tools/calorie-calculator#related-tools,https://spinkorea.kr/tools/calorie-calculator,link:https://spinkorea.kr/tools/calorie-calculator,tool,UNKNOWN,UNKNOWN,UNKNOWN,UNKNOWN,UNKNOWN,UNKNOWN,UNKNOWN,UNKNOWN,UNKNOWN,UNKNOWN,ROBOTS_RULE_ALLOW,False,UNKNOWN,UNKNOWN,UNKNOWN,UNKNOWN,UNKNOWN,REVIEW,UNKNOWN,Candidate only: source/future/stale-build/link evidence is not proof of public availability
https://spinkorea.kr/tools/calorie-calculator#tool-guide,https://spinkorea.kr/tools/calorie-calculator,link:https://spinkorea.kr/tools/calorie-calculator,tool,UNKNOWN,UNKNOWN,UNKNOWN,UNKNOWN,UNKNOWN,UNKNOWN,UNKNOWN,UNKNOWN,UNKNOWN,UNKNOWN,ROBOTS_RULE_ALLOW,False,UNKNOWN,UNKNOWN,UNKNOWN,UNKNOWN,UNKNOWN,REVIEW,UNKNOWN,Candidate only: source/future/stale-build/link evidence is not proof of public availability
https://spinkorea.kr/tools/case-converter,https://spinkorea.kr/tools/case-converter,site-pages.json;existing-dist-unverified-build;LIVE_SITEMAP;link:https://spinkorea.kr/tools;link:https://spinkorea.kr/blog/case-converter-guide;link:https://spinkorea.kr/blog/developer-tools-collection;link:https://spinkorea.kr/blog/text-formatting-situations;LIVE_HTTP,tool,대소문자 변환기 | 영문 케이스 변환,src/data/site-pages.json,static;date=UNKNOWN,EXISTING_ARTIFACT_NOT_FRESH,200,https://spinkorea.kr/tools/case-converter,[],https://spinkorea.kr/tools/case-converter,ABSENT,ABSENT,ROBOTS_RULE_ALLOW,True,True,1,UNKNOWN,SCRIPT_PRESENT;DISPLAY_UNKNOWN,2026-09-19T23:04:10.824715+09:00,REVIEW,http-evidence.json,HTTP observation applies to fetched URL only; fragment variants retained; deployment SHA UNKNOWN
https://spinkorea.kr/tools/case-converter#page-summary,https://spinkorea.kr/tools/case-converter,link:https://spinkorea.kr/tools/case-converter,tool,UNKNOWN,UNKNOWN,UNKNOWN,UNKNOWN,UNKNOWN,UNKNOWN,UNKNOWN,UNKNOWN,UNKNOWN,UNKNOWN,ROBOTS_RULE_ALLOW,False,UNKNOWN,UNKNOWN,UNKNOWN,UNKNOWN,UNKNOWN,REVIEW,UNKNOWN,Candidate only: source/future/stale-build/link evidence is not proof of public availability
https://spinkorea.kr/tools/case-converter#reference-links,https://spinkorea.kr/tools/case-converter,link:https://spinkorea.kr/tools/case-converter,tool,UNKNOWN,UNKNOWN,UNKNOWN,UNKNOWN,UNKNOWN,UNKNOWN,UNKNOWN,UNKNOWN,UNKNOWN,UNKNOWN,ROBOTS_RULE_ALLOW,False,UNKNOWN,UNKNOWN,UNKNOWN,UNKNOWN,UNKNOWN,REVIEW,UNKNOWN,Candidate only: source/future/stale-build/link evidence is not proof of public availability
https://spinkorea.kr/tools/case-converter#related-tools,https://spinkorea.kr/tools/case-converter,link:https://spinkorea.kr/tools/case-converter,tool,UNKNOWN,UNKNOWN,UNKNOWN,UNKNOWN,UNKNOWN,UNKNOWN,UNKNOWN,UNKNOWN,UNKNOWN,UNKNOWN,ROBOTS_RULE_ALLOW,False,UNKNOWN,UNKNOWN,UNKNOWN,UNKNOWN,UNKNOWN,REVIEW,UNKNOWN,Candidate only: source/future/stale-build/link evidence is not proof of public availability
https://spinkorea.kr/tools/case-converter#tool-guide,https://spinkorea.kr/tools/case-converter,link:https://spinkorea.kr/tools/case-converter,tool,UNKNOWN,UNKNOWN,UNKNOWN,UNKNOWN,UNKNOWN,UNKNOWN,UNKNOWN,UNKNOWN,UNKNOWN,UNKNOWN,ROBOTS_RULE_ALLOW,False,UNKNOWN,UNKNOWN,UNKNOWN,UNKNOWN,UNKNOWN,REVIEW,UNKNOWN,Candidate only: source/future/stale-build/link evidence is not proof of public availability
https://spinkorea.kr/tools/coin-flip,https://spinkorea.kr/tools/coin-flip,site-pages.json;existing-dist-unverified-build;LIVE_SITEMAP;link:https://spinkorea.kr/tools;link:https://spinkorea.kr/blog/yes-no-reversible-choice;link:https://spinkorea.kr/tools/text-counter;link:https://spinkorea.kr/tools/random-team;link:https://spinkorea.kr/tools/random-password;link:https://spinkorea.kr/tools/loan-calculator;link:https://spinkorea.kr/tools/date-calculator;link:https://spinkorea.kr/tools/percentage-calculator;link:https://spinkorea.kr/tools/json-formatter;link:https://spinkorea.kr/tools/qr-code-generator;link:https://spinkorea.kr/tools/sleep-calculator;link:https://spinkorea.kr/tools/bmi-calculator;link:https://spinkorea.kr/tools/hourly-wage;link:https://spinkorea.kr/tools/lotto-generator;link:https://spinkorea.kr/blog/coin-flip-guide;link:https://spinkorea.kr/blog/coin-flip-question;link:https://spinkorea.kr/blog/dice-coin-online;link:https://spinkorea.kr/blog/dice-multiple-sum;link:https://spinkorea.kr/blog/random-number-exclusion;link:https://spinkorea.kr/tools/age-calculator;link:https://spinkorea.kr/tools/annual-leave;link:https://spinkorea.kr/tools/area-converter;link:https://spinkorea.kr/tools/base-converter;link:https://spinkorea.kr/tools/base64-encoder;link:https://spinkorea.kr/tools/body-fat;link:https://spinkorea.kr/tools/calorie-burn;link:https://spinkorea.kr/tools/calorie-calculator;link:https://spinkorea.kr/tools/case-converter;LIVE_HTTP;link:https://spinkorea.kr/tools/color-converter;link:https://spinkorea.kr/tools/compound-interest;link:https://spinkorea.kr/tools/css-shadow-generator;link:https://spinkorea.kr/tools/d-day-counter;link:https://spinkorea.kr/tools/dice-roller;link:https://spinkorea.kr/tools/diff-checker;link:https://spinkorea.kr/tools/discount-calculator;link:https://spinkorea.kr/tools/dutch-pay;link:https://spinkorea.kr/tools/fuel-economy;link:https://spinkorea.kr/tools/ideal-weight;link:https://spinkorea.kr/tools/jeonse-converter;link:https://spinkorea.kr/tools/lorem-ipsum;link:https://spinkorea.kr/tools/margin-calculator;link:https://spinkorea.kr/tools/markdown-previewer;link:https://spinkorea.kr/tools/net-salary;link:https://spinkorea.kr/tools/roi-calculator;link:https://spinkorea.kr/tools/severance-pay;link:https://spinkorea.kr/tools/speed-calculator;link:https://spinkorea.kr/tools/statistics-calculator;link:https://spinkorea.kr/tools/time-calculator;link:https://spinkorea.kr/tools/timer;link:https://spinkorea.kr/tools/unit-converter;link:https://spinkorea.kr/tools/unix-timestamp;link:https://spinkorea.kr/tools/uri-encoder;link:https://spinkorea.kr/tools/uuid-generator;link:https://spinkorea.kr/tools/vat-calculator;link:https://spinkorea.kr/tools/water-intake;link:https://spinkorea.kr/tools/word-frequency;link:https://spinkorea.kr/tools/yes-no-oracle,tool,동전 던지기 | 앞면 뒷면 랜덤 선택,src/data/site-pages.json,static;date=UNKNOWN,EXISTING_ARTIFACT_NOT_FRESH,200,https://spinkorea.kr/tools/coin-flip,[],https://spinkorea.kr/tools/coin-flip,ABSENT,ABSENT,ROBOTS_RULE_ALLOW,True,True,14,UNKNOWN,SCRIPT_PRESENT;DISPLAY_UNKNOWN,2026-09-19T23:04:11.595618+09:00,REVIEW,http-evidence.json,HTTP observation applies to fetched URL only; fragment variants retained; deployment SHA UNKNOWN
https://spinkorea.kr/tools/coin-flip#page-summary,https://spinkorea.kr/tools/coin-flip,link:https://spinkorea.kr/tools/coin-flip,tool,UNKNOWN,UNKNOWN,UNKNOWN,UNKNOWN,UNKNOWN,UNKNOWN,UNKNOWN,UNKNOWN,UNKNOWN,UNKNOWN,ROBOTS_RULE_ALLOW,False,UNKNOWN,UNKNOWN,UNKNOWN,UNKNOWN,UNKNOWN,REVIEW,UNKNOWN,Candidate only: source/future/stale-build/link evidence is not proof of public availability
https://spinkorea.kr/tools/coin-flip#reference-links,https://spinkorea.kr/tools/coin-flip,link:https://spinkorea.kr/tools/coin-flip,tool,UNKNOWN,UNKNOWN,UNKNOWN,UNKNOWN,UNKNOWN,UNKNOWN,UNKNOWN,UNKNOWN,UNKNOWN,UNKNOWN,ROBOTS_RULE_ALLOW,False,UNKNOWN,UNKNOWN,UNKNOWN,UNKNOWN,UNKNOWN,REVIEW,UNKNOWN,Candidate only: source/future/stale-build/link evidence is not proof of public availability
https://spinkorea.kr/tools/coin-flip#related-tools,https://spinkorea.kr/tools/coin-flip,link:https://spinkorea.kr/tools/coin-flip,tool,UNKNOWN,UNKNOWN,UNKNOWN,UNKNOWN,UNKNOWN,UNKNOWN,UNKNOWN,UNKNOWN,UNKNOWN,UNKNOWN,ROBOTS_RULE_ALLOW,False,UNKNOWN,UNKNOWN,UNKNOWN,UNKNOWN,UNKNOWN,REVIEW,UNKNOWN,Candidate only: source/future/stale-build/link evidence is not proof of public availability
https://spinkorea.kr/tools/coin-flip#tool-guide,https://spinkorea.kr/tools/coin-flip,link:https://spinkorea.kr/tools/coin-flip,tool,UNKNOWN,UNKNOWN,UNKNOWN,UNKNOWN,UNKNOWN,UNKNOWN,UNKNOWN,UNKNOWN,UNKNOWN,UNKNOWN,ROBOTS_RULE_ALLOW,False,UNKNOWN,UNKNOWN,UNKNOWN,UNKNOWN,UNKNOWN,REVIEW,UNKNOWN,Candidate only: source/future/stale-build/link evidence is not proof of public availability
https://spinkorea.kr/tools/color-converter,https://spinkorea.kr/tools/color-converter,site-pages.json;existing-dist-unverified-build;LIVE_SITEMAP;link:https://spinkorea.kr/tools;link:https://spinkorea.kr/blog/css-shadow-states;link:https://spinkorea.kr/blog/color-code-complete-guide;link:https://spinkorea.kr/blog/color-converter-guide;link:https://spinkorea.kr/blog/color-psychology;link:https://spinkorea.kr/blog/hex-rgb-hsl-rounding;LIVE_HTTP,tool,색상 변환기 | HEX RGB HSL 변환,src/data/site-pages.json,static;date=UNKNOWN,EXISTING_ARTIFACT_NOT_FRESH,200,https://spinkorea.kr/tools/color-converter,[],https://spinkorea.kr/tools/color-converter,ABSENT,ABSENT,ROBOTS_RULE_ALLOW,True,True,2,UNKNOWN,SCRIPT_PRESENT;DISPLAY_UNKNOWN,2026-09-19T23:04:12.424799+09:00,REVIEW,http-evidence.json,HTTP observation applies to fetched URL only; fragment variants retained; deployment SHA UNKNOWN
https://spinkorea.kr/tools/color-converter#page-summary,https://spinkorea.kr/tools/color-converter,link:https://spinkorea.kr/tools/color-converter,tool,UNKNOWN,UNKNOWN,UNKNOWN,UNKNOWN,UNKNOWN,UNKNOWN,UNKNOWN,UNKNOWN,UNKNOWN,UNKNOWN,ROBOTS_RULE_ALLOW,False,UNKNOWN,UNKNOWN,UNKNOWN,UNKNOWN,UNKNOWN,REVIEW,UNKNOWN,Candidate only: source/future/stale-build/link evidence is not proof of public availability
https://spinkorea.kr/tools/color-converter#reference-links,https://spinkorea.kr/tools/color-converter,link:https://spinkorea.kr/tools/color-converter,tool,UNKNOWN,UNKNOWN,UNKNOWN,UNKNOWN,UNKNOWN,UNKNOWN,UNKNOWN,UNKNOWN,UNKNOWN,UNKNOWN,ROBOTS_RULE_ALLOW,False,UNKNOWN,UNKNOWN,UNKNOWN,UNKNOWN,UNKNOWN,REVIEW,UNKNOWN,Candidate only: source/future/stale-build/link evidence is not proof of public availability
https://spinkorea.kr/tools/color-converter#related-tools,https://spinkorea.kr/tools/color-converter,link:https://spinkorea.kr/tools/color-converter,tool,UNKNOWN,UNKNOWN,UNKNOWN,UNKNOWN,UNKNOWN,UNKNOWN,UNKNOWN,UNKNOWN,UNKNOWN,UNKNOWN,ROBOTS_RULE_ALLOW,False,UNKNOWN,UNKNOWN,UNKNOWN,UNKNOWN,UNKNOWN,REVIEW,UNKNOWN,Candidate only: source/future/stale-build/link evidence is not proof of public availability
https://spinkorea.kr/tools/color-converter#tool-guide,https://spinkorea.kr/tools/color-converter,link:https://spinkorea.kr/tools/color-converter,tool,UNKNOWN,UNKNOWN,UNKNOWN,UNKNOWN,UNKNOWN,UNKNOWN,UNKNOWN,UNKNOWN,UNKNOWN,UNKNOWN,ROBOTS_RULE_ALLOW,False,UNKNOWN,UNKNOWN,UNKNOWN,UNKNOWN,UNKNOWN,REVIEW,UNKNOWN,Candidate only: source/future/stale-build/link evidence is not proof of public availability
https://spinkorea.kr/tools/compound-interest,https://spinkorea.kr/tools/compound-interest,site-pages.json;existing-dist-unverified-build;LIVE_SITEMAP;link:https://spinkorea.kr/tools;LIVE_HTTP,tool,복리 계산기 | 예금·적금 만기금액 이자 계산,src/data/site-pages.json,static;date=UNKNOWN,EXISTING_ARTIFACT_NOT_FRESH,200,https://spinkorea.kr/tools/compound-interest,[],https://spinkorea.kr/tools/compound-interest,ABSENT,ABSENT,ROBOTS_RULE_ALLOW,True,True,1,UNKNOWN,SCRIPT_PRESENT;DISPLAY_UNKNOWN,2026-09-19T23:04:12.951774+09:00,REVIEW,http-evidence.json,HTTP observation applies to fetched URL only; fragment variants retained; deployment SHA UNKNOWN
https://spinkorea.kr/tools/compound-interest#page-summary,https://spinkorea.kr/tools/compound-interest,link:https://spinkorea.kr/tools/compound-interest,tool,UNKNOWN,UNKNOWN,UNKNOWN,UNKNOWN,UNKNOWN,UNKNOWN,UNKNOWN,UNKNOWN,UNKNOWN,UNKNOWN,ROBOTS_RULE_ALLOW,False,UNKNOWN,UNKNOWN,UNKNOWN,UNKNOWN,UNKNOWN,REVIEW,UNKNOWN,Candidate only: source/future/stale-build/link evidence is not proof of public availability
https://spinkorea.kr/tools/compound-interest#reference-links,https://spinkorea.kr/tools/compound-interest,link:https://spinkorea.kr/tools/compound-interest,tool,UNKNOWN,UNKNOWN,UNKNOWN,UNKNOWN,UNKNOWN,UNKNOWN,UNKNOWN,UNKNOWN,UNKNOWN,UNKNOWN,ROBOTS_RULE_ALLOW,False,UNKNOWN,UNKNOWN,UNKNOWN,UNKNOWN,UNKNOWN,REVIEW,UNKNOWN,Candidate only: source/future/stale-build/link evidence is not proof of public availability
https://spinkorea.kr/tools/compound-interest#related-tools,https://spinkorea.kr/tools/compound-interest,link:https://spinkorea.kr/tools/compound-interest,tool,UNKNOWN,UNKNOWN,UNKNOWN,UNKNOWN,UNKNOWN,UNKNOWN,UNKNOWN,UNKNOWN,UNKNOWN,UNKNOWN,ROBOTS_RULE_ALLOW,False,UNKNOWN,UNKNOWN,UNKNOWN,UNKNOWN,UNKNOWN,REVIEW,UNKNOWN,Candidate only: source/future/stale-build/link evidence is not proof of public availability
https://spinkorea.kr/tools/compound-interest#tool-guide,https://spinkorea.kr/tools/compound-interest,link:https://spinkorea.kr/tools/compound-interest,tool,UNKNOWN,UNKNOWN,UNKNOWN,UNKNOWN,UNKNOWN,UNKNOWN,UNKNOWN,UNKNOWN,UNKNOWN,UNKNOWN,ROBOTS_RULE_ALLOW,False,UNKNOWN,UNKNOWN,UNKNOWN,UNKNOWN,UNKNOWN,REVIEW,UNKNOWN,Candidate only: source/future/stale-build/link evidence is not proof of public availability
https://spinkorea.kr/tools/css-shadow-generator,https://spinkorea.kr/tools/css-shadow-generator,site-pages.json;existing-dist-unverified-build;LIVE_SITEMAP;link:https://spinkorea.kr/tools;link:https://spinkorea.kr/blog/css-shadow-design;link:https://spinkorea.kr/blog/css-shadow-guide;link:https://spinkorea.kr/blog/css-shadow-states;link:https://spinkorea.kr/blog/color-psychology;link:https://spinkorea.kr/blog/developer-tools-collection;link:https://spinkorea.kr/blog/hex-rgb-hsl-rounding;link:https://spinkorea.kr/blog/image-format-guide;LIVE_HTTP,tool,CSS 그림자 생성기 | Box Shadow 만들기,src/data/site-pages.json,static;date=UNKNOWN,EXISTING_ARTIFACT_NOT_FRESH,200,https://spinkorea.kr/tools/css-shadow-generator,[],https://spinkorea.kr/tools/css-shadow-generator,ABSENT,ABSENT,ROBOTS_RULE_ALLOW,True,True,8,UNKNOWN,SCRIPT_PRESENT;DISPLAY_UNKNOWN,2026-09-19T23:04:13.752698+09:00,REVIEW,http-evidence.json,HTTP observation applies to fetched URL only; fragment variants retained; deployment SHA UNKNOWN
https://spinkorea.kr/tools/css-shadow-generator#page-summary,https://spinkorea.kr/tools/css-shadow-generator,link:https://spinkorea.kr/tools/css-shadow-generator,tool,UNKNOWN,UNKNOWN,UNKNOWN,UNKNOWN,UNKNOWN,UNKNOWN,UNKNOWN,UNKNOWN,UNKNOWN,UNKNOWN,ROBOTS_RULE_ALLOW,False,UNKNOWN,UNKNOWN,UNKNOWN,UNKNOWN,UNKNOWN,REVIEW,UNKNOWN,Candidate only: source/future/stale-build/link evidence is not proof of public availability
https://spinkorea.kr/tools/css-shadow-generator#reference-links,https://spinkorea.kr/tools/css-shadow-generator,link:https://spinkorea.kr/tools/css-shadow-generator,tool,UNKNOWN,UNKNOWN,UNKNOWN,UNKNOWN,UNKNOWN,UNKNOWN,UNKNOWN,UNKNOWN,UNKNOWN,UNKNOWN,ROBOTS_RULE_ALLOW,False,UNKNOWN,UNKNOWN,UNKNOWN,UNKNOWN,UNKNOWN,REVIEW,UNKNOWN,Candidate only: source/future/stale-build/link evidence is not proof of public availability
https://spinkorea.kr/tools/css-shadow-generator#related-tools,https://spinkorea.kr/tools/css-shadow-generator,link:https://spinkorea.kr/tools/css-shadow-generator,tool,UNKNOWN,UNKNOWN,UNKNOWN,UNKNOWN,UNKNOWN,UNKNOWN,UNKNOWN,UNKNOWN,UNKNOWN,UNKNOWN,ROBOTS_RULE_ALLOW,False,UNKNOWN,UNKNOWN,UNKNOWN,UNKNOWN,UNKNOWN,REVIEW,UNKNOWN,Candidate only: source/future/stale-build/link evidence is not proof of public availability
https://spinkorea.kr/tools/css-shadow-generator#tool-guide,https://spinkorea.kr/tools/css-shadow-generator,link:https://spinkorea.kr/tools/css-shadow-generator,tool,UNKNOWN,UNKNOWN,UNKNOWN,UNKNOWN,UNKNOWN,UNKNOWN,UNKNOWN,UNKNOWN,UNKNOWN,UNKNOWN,ROBOTS_RULE_ALLOW,False,UNKNOWN,UNKNOWN,UNKNOWN,UNKNOWN,UNKNOWN,REVIEW,UNKNOWN,Candidate only: source/future/stale-build/link evidence is not proof of public availability
https://spinkorea.kr/tools/d-day-counter,https://spinkorea.kr/tools/d-day-counter,site-pages.json;existing-dist-unverified-build;LIVE_SITEMAP;link:https://spinkorea.kr/tools;link:https://spinkorea.kr/blog/calculator-vs-excel;link:https://spinkorea.kr/blog/d-day-counter-guide;link:https://spinkorea.kr/blog/dday-life-management;link:https://spinkorea.kr/blog/google-calendar-tips;LIVE_HTTP,tool,D-Day 카운터 | 기념일·목표일 계산,src/data/site-pages.json,static;date=UNKNOWN,EXISTING_ARTIFACT_NOT_FRESH,200,https://spinkorea.kr/tools/d-day-counter,[],https://spinkorea.kr/tools/d-day-counter,ABSENT,ABSENT,ROBOTS_RULE_ALLOW,True,True,1,UNKNOWN,SCRIPT_PRESENT;DISPLAY_UNKNOWN,2026-09-19T23:04:14.486077+09:00,REVIEW,http-evidence.json,HTTP observation applies to fetched URL only; fragment variants retained; deployment SHA UNKNOWN
https://spinkorea.kr/tools/d-day-counter#page-summary,https://spinkorea.kr/tools/d-day-counter,link:https://spinkorea.kr/tools/d-day-counter,tool,UNKNOWN,UNKNOWN,UNKNOWN,UNKNOWN,UNKNOWN,UNKNOWN,UNKNOWN,UNKNOWN,UNKNOWN,UNKNOWN,ROBOTS_RULE_ALLOW,False,UNKNOWN,UNKNOWN,UNKNOWN,UNKNOWN,UNKNOWN,REVIEW,UNKNOWN,Candidate only: source/future/stale-build/link evidence is not proof of public availability
https://spinkorea.kr/tools/d-day-counter#reference-links,https://spinkorea.kr/tools/d-day-counter,link:https://spinkorea.kr/tools/d-day-counter,tool,UNKNOWN,UNKNOWN,UNKNOWN,UNKNOWN,UNKNOWN,UNKNOWN,UNKNOWN,UNKNOWN,UNKNOWN,UNKNOWN,ROBOTS_RULE_ALLOW,False,UNKNOWN,UNKNOWN,UNKNOWN,UNKNOWN,UNKNOWN,REVIEW,UNKNOWN,Candidate only: source/future/stale-build/link evidence is not proof of public availability
https://spinkorea.kr/tools/d-day-counter#related-tools,https://spinkorea.kr/tools/d-day-counter,link:https://spinkorea.kr/tools/d-day-counter,tool,UNKNOWN,UNKNOWN,UNKNOWN,UNKNOWN,UNKNOWN,UNKNOWN,UNKNOWN,UNKNOWN,UNKNOWN,UNKNOWN,ROBOTS_RULE_ALLOW,False,UNKNOWN,UNKNOWN,UNKNOWN,UNKNOWN,UNKNOWN,REVIEW,UNKNOWN,Candidate only: source/future/stale-build/link evidence is not proof of public availability
https://spinkorea.kr/tools/d-day-counter#tool-guide,https://spinkorea.kr/tools/d-day-counter,link:https://spinkorea.kr/tools/d-day-counter,tool,UNKNOWN,UNKNOWN,UNKNOWN,UNKNOWN,UNKNOWN,UNKNOWN,UNKNOWN,UNKNOWN,UNKNOWN,UNKNOWN,ROBOTS_RULE_ALLOW,False,UNKNOWN,UNKNOWN,UNKNOWN,UNKNOWN,UNKNOWN,REVIEW,UNKNOWN,Candidate only: source/future/stale-build/link evidence is not proof of public availability
https://spinkorea.kr/tools/date-calculator,https://spinkorea.kr/tools/date-calculator,site-pages.json;existing-dist-unverified-build;LIVE_SITEMAP;link:https://spinkorea.kr/tools;LIVE_HTTP,tool,날짜 계산기 | 두 날짜 사이 기간 일·주·개월·년 계산,src/data/site-pages.json,static;date=UNKNOWN,EXISTING_ARTIFACT_NOT_FRESH,200,https://spinkorea.kr/tools/date-calculator,[],https://spinkorea.kr/tools/date-calculator,ABSENT,ABSENT,ROBOTS_RULE_ALLOW,True,True,1,UNKNOWN,SCRIPT_PRESENT;DISPLAY_UNKNOWN,2026-09-19T22:57:24.937170+09:00,REVIEW,http-evidence.json,HTTP observation applies to fetched URL only; fragment variants retained; deployment SHA UNKNOWN
https://spinkorea.kr/tools/date-calculator#page-summary,https://spinkorea.kr/tools/date-calculator,link:https://spinkorea.kr/tools/date-calculator,tool,UNKNOWN,UNKNOWN,UNKNOWN,UNKNOWN,UNKNOWN,UNKNOWN,UNKNOWN,UNKNOWN,UNKNOWN,UNKNOWN,ROBOTS_RULE_ALLOW,False,False,1,UNKNOWN,UNKNOWN,UNKNOWN,REVIEW,UNKNOWN,Candidate only: source/future/stale-build/link evidence is not proof of public availability
https://spinkorea.kr/tools/date-calculator#reference-links,https://spinkorea.kr/tools/date-calculator,link:https://spinkorea.kr/tools/date-calculator,tool,UNKNOWN,UNKNOWN,UNKNOWN,UNKNOWN,UNKNOWN,UNKNOWN,UNKNOWN,UNKNOWN,UNKNOWN,UNKNOWN,ROBOTS_RULE_ALLOW,False,False,1,UNKNOWN,UNKNOWN,UNKNOWN,REVIEW,UNKNOWN,Candidate only: source/future/stale-build/link evidence is not proof of public availability
https://spinkorea.kr/tools/date-calculator#related-tools,https://spinkorea.kr/tools/date-calculator,link:https://spinkorea.kr/tools/date-calculator,tool,UNKNOWN,UNKNOWN,UNKNOWN,UNKNOWN,UNKNOWN,UNKNOWN,UNKNOWN,UNKNOWN,UNKNOWN,UNKNOWN,ROBOTS_RULE_ALLOW,False,False,1,UNKNOWN,UNKNOWN,UNKNOWN,REVIEW,UNKNOWN,Candidate only: source/future/stale-build/link evidence is not proof of public availability
https://spinkorea.kr/tools/date-calculator#tool-guide,https://spinkorea.kr/tools/date-calculator,link:https://spinkorea.kr/tools/date-calculator,tool,UNKNOWN,UNKNOWN,UNKNOWN,UNKNOWN,UNKNOWN,UNKNOWN,UNKNOWN,UNKNOWN,UNKNOWN,UNKNOWN,ROBOTS_RULE_ALLOW,False,False,1,UNKNOWN,UNKNOWN,UNKNOWN,REVIEW,UNKNOWN,Candidate only: source/future/stale-build/link evidence is not proof of public availability
https://spinkorea.kr/tools/dday-counter,https://spinkorea.kr/tools/dday-counter,link:https://spinkorea.kr/blog/dday-calculator-life-hacks,tool,UNKNOWN,UNKNOWN,UNKNOWN,UNKNOWN,UNKNOWN,UNKNOWN,UNKNOWN,UNKNOWN,UNKNOWN,UNKNOWN,ROBOTS_RULE_ALLOW,False,UNKNOWN,UNKNOWN,UNKNOWN,UNKNOWN,UNKNOWN,REVIEW,UNKNOWN,Candidate only: source/future/stale-build/link evidence is not proof of public availability
https://spinkorea.kr/tools/dice-roller,https://spinkorea.kr/tools/dice-roller,site-pages.json;existing-dist-unverified-build;LIVE_SITEMAP;link:https://spinkorea.kr/tools;link:https://spinkorea.kr/tools/text-counter;link:https://spinkorea.kr/tools/random-team;link:https://spinkorea.kr/tools/random-password;link:https://spinkorea.kr/tools/loan-calculator;link:https://spinkorea.kr/tools/date-calculator;link:https://spinkorea.kr/tools/percentage-calculator;link:https://spinkorea.kr/tools/json-formatter;link:https://spinkorea.kr/tools/qr-code-generator;link:https://spinkorea.kr/tools/sleep-calculator;link:https://spinkorea.kr/tools/bmi-calculator;link:https://spinkorea.kr/tools/hourly-wage;link:https://spinkorea.kr/tools/lotto-generator;link:https://spinkorea.kr/blog/coin-flip-question;link:https://spinkorea.kr/blog/dice-coin-online;link:https://spinkorea.kr/blog/dice-multiple-sum;link:https://spinkorea.kr/blog/dice-probability;link:https://spinkorea.kr/blog/random-number-science;link:https://spinkorea.kr/blog/random-team-odd-members;link:https://spinkorea.kr/tools/age-calculator;link:https://spinkorea.kr/tools/annual-leave;link:https://spinkorea.kr/tools/area-converter;link:https://spinkorea.kr/tools/base-converter;link:https://spinkorea.kr/tools/base64-encoder;link:https://spinkorea.kr/tools/body-fat;link:https://spinkorea.kr/tools/calorie-burn;link:https://spinkorea.kr/tools/calorie-calculator;link:https://spinkorea.kr/tools/case-converter;link:https://spinkorea.kr/tools/coin-flip;link:https://spinkorea.kr/tools/color-converter;link:https://spinkorea.kr/tools/compound-interest;link:https://spinkorea.kr/tools/css-shadow-generator;link:https://spinkorea.kr/tools/d-day-counter;LIVE_HTTP;link:https://spinkorea.kr/tools/diff-checker;link:https://spinkorea.kr/tools/discount-calculator;link:https://spinkorea.kr/tools/dutch-pay;link:https://spinkorea.kr/tools/fuel-economy;link:https://spinkorea.kr/tools/ideal-weight;link:https://spinkorea.kr/tools/jeonse-converter;link:https://spinkorea.kr/tools/lorem-ipsum;link:https://spinkorea.kr/tools/margin-calculator;link:https://spinkorea.kr/tools/markdown-previewer;link:https://spinkorea.kr/tools/net-salary;link:https://spinkorea.kr/tools/roi-calculator;link:https://spinkorea.kr/tools/severance-pay;link:https://spinkorea.kr/tools/speed-calculator;link:https://spinkorea.kr/tools/statistics-calculator;link:https://spinkorea.kr/tools/time-calculator;link:https://spinkorea.kr/tools/timer;link:https://spinkorea.kr/tools/unit-converter;link:https://spinkorea.kr/tools/unix-timestamp;link:https://spinkorea.kr/tools/uri-encoder;link:https://spinkorea.kr/tools/uuid-generator;link:https://spinkorea.kr/tools/vat-calculator;link:https://spinkorea.kr/tools/water-intake;link:https://spinkorea.kr/tools/word-frequency;link:https://spinkorea.kr/tools/yes-no-oracle,tool,주사위 던지기 | 온라인 랜덤 주사위,src/data/site-pages.json,static;date=UNKNOWN,EXISTING_ARTIFACT_NOT_FRESH,200,https://spinkorea.kr/tools/dice-roller,[],https://spinkorea.kr/tools/dice-roller,ABSENT,ABSENT,ROBOTS_RULE_ALLOW,True,True,13,UNKNOWN,SCRIPT_PRESENT;DISPLAY_UNKNOWN,2026-09-19T23:04:15.266475+09:00,REVIEW,http-evidence.json,HTTP observation applies to fetched URL only; fragment variants retained; deployment SHA UNKNOWN
https://spinkorea.kr/tools/dice-roller#page-summary,https://spinkorea.kr/tools/dice-roller,link:https://spinkorea.kr/tools/dice-roller,tool,UNKNOWN,UNKNOWN,UNKNOWN,UNKNOWN,UNKNOWN,UNKNOWN,UNKNOWN,UNKNOWN,UNKNOWN,UNKNOWN,ROBOTS_RULE_ALLOW,False,UNKNOWN,UNKNOWN,UNKNOWN,UNKNOWN,UNKNOWN,REVIEW,UNKNOWN,Candidate only: source/future/stale-build/link evidence is not proof of public availability
https://spinkorea.kr/tools/dice-roller#reference-links,https://spinkorea.kr/tools/dice-roller,link:https://spinkorea.kr/tools/dice-roller,tool,UNKNOWN,UNKNOWN,UNKNOWN,UNKNOWN,UNKNOWN,UNKNOWN,UNKNOWN,UNKNOWN,UNKNOWN,UNKNOWN,ROBOTS_RULE_ALLOW,False,UNKNOWN,UNKNOWN,UNKNOWN,UNKNOWN,UNKNOWN,REVIEW,UNKNOWN,Candidate only: source/future/stale-build/link evidence is not proof of public availability
https://spinkorea.kr/tools/dice-roller#related-tools,https://spinkorea.kr/tools/dice-roller,link:https://spinkorea.kr/tools/dice-roller,tool,UNKNOWN,UNKNOWN,UNKNOWN,UNKNOWN,UNKNOWN,UNKNOWN,UNKNOWN,UNKNOWN,UNKNOWN,UNKNOWN,ROBOTS_RULE_ALLOW,False,UNKNOWN,UNKNOWN,UNKNOWN,UNKNOWN,UNKNOWN,REVIEW,UNKNOWN,Candidate only: source/future/stale-build/link evidence is not proof of public availability
https://spinkorea.kr/tools/dice-roller#tool-guide,https://spinkorea.kr/tools/dice-roller,link:https://spinkorea.kr/tools/dice-roller,tool,UNKNOWN,UNKNOWN,UNKNOWN,UNKNOWN,UNKNOWN,UNKNOWN,UNKNOWN,UNKNOWN,UNKNOWN,UNKNOWN,ROBOTS_RULE_ALLOW,False,UNKNOWN,UNKNOWN,UNKNOWN,UNKNOWN,UNKNOWN,REVIEW,UNKNOWN,Candidate only: source/future/stale-build/link evidence is not proof of public availability
https://spinkorea.kr/tools/diff-checker,https://spinkorea.kr/tools/diff-checker,site-pages.json;existing-dist-unverified-build;LIVE_SITEMAP;link:https://spinkorea.kr/tools;link:https://spinkorea.kr/blog/developer-tools-collection;link:https://spinkorea.kr/blog/diff-checker-guide;link:https://spinkorea.kr/blog/diff-whitespace-review;LIVE_HTTP,tool,Diff 비교 도구 | 텍스트 차이 확인,src/data/site-pages.json,static;date=UNKNOWN,EXISTING_ARTIFACT_NOT_FRESH,200,https://spinkorea.kr/tools/diff-checker,[],https://spinkorea.kr/tools/diff-checker,ABSENT,ABSENT,ROBOTS_RULE_ALLOW,True,True,1,UNKNOWN,SCRIPT_PRESENT;DISPLAY_UNKNOWN,2026-09-19T23:04:16.016940+09:00,REVIEW,http-evidence.json,HTTP observation applies to fetched URL only; fragment variants retained; deployment SHA UNKNOWN
https://spinkorea.kr/tools/diff-checker#page-summary,https://spinkorea.kr/tools/diff-checker,link:https://spinkorea.kr/tools/diff-checker,tool,UNKNOWN,UNKNOWN,UNKNOWN,UNKNOWN,UNKNOWN,UNKNOWN,UNKNOWN,UNKNOWN,UNKNOWN,UNKNOWN,ROBOTS_RULE_ALLOW,False,UNKNOWN,UNKNOWN,UNKNOWN,UNKNOWN,UNKNOWN,REVIEW,UNKNOWN,Candidate only: source/future/stale-build/link evidence is not proof of public availability
https://spinkorea.kr/tools/diff-checker#reference-links,https://spinkorea.kr/tools/diff-checker,link:https://spinkorea.kr/tools/diff-checker,tool,UNKNOWN,UNKNOWN,UNKNOWN,UNKNOWN,UNKNOWN,UNKNOWN,UNKNOWN,UNKNOWN,UNKNOWN,UNKNOWN,ROBOTS_RULE_ALLOW,False,UNKNOWN,UNKNOWN,UNKNOWN,UNKNOWN,UNKNOWN,REVIEW,UNKNOWN,Candidate only: source/future/stale-build/link evidence is not proof of public availability
https://spinkorea.kr/tools/diff-checker#related-tools,https://spinkorea.kr/tools/diff-checker,link:https://spinkorea.kr/tools/diff-checker,tool,UNKNOWN,UNKNOWN,UNKNOWN,UNKNOWN,UNKNOWN,UNKNOWN,UNKNOWN,UNKNOWN,UNKNOWN,UNKNOWN,ROBOTS_RULE_ALLOW,False,UNKNOWN,UNKNOWN,UNKNOWN,UNKNOWN,UNKNOWN,REVIEW,UNKNOWN,Candidate only: source/future/stale-build/link evidence is not proof of public availability
https://spinkorea.kr/tools/diff-checker#tool-guide,https://spinkorea.kr/tools/diff-checker,link:https://spinkorea.kr/tools/diff-checker,tool,UNKNOWN,UNKNOWN,UNKNOWN,UNKNOWN,UNKNOWN,UNKNOWN,UNKNOWN,UNKNOWN,UNKNOWN,UNKNOWN,ROBOTS_RULE_ALLOW,False,UNKNOWN,UNKNOWN,UNKNOWN,UNKNOWN,UNKNOWN,REVIEW,UNKNOWN,Candidate only: source/future/stale-build/link evidence is not proof of public availability
https://spinkorea.kr/tools/discount-calculator,https://spinkorea.kr/tools/discount-calculator,site-pages.json;existing-dist-unverified-build;LIVE_SITEMAP;link:https://spinkorea.kr/tools;LIVE_HTTP,tool,할인율 계산기 | 정가·할인율·할인가·절약 금액 계산,src/data/site-pages.json,static;date=UNKNOWN,EXISTING_ARTIFACT_NOT_FRESH,200,https://spinkorea.kr/tools/discount-calculator,[],https://spinkorea.kr/tools/discount-calculator,ABSENT,ABSENT,ROBOTS_RULE_ALLOW,True,True,1,UNKNOWN,SCRIPT_PRESENT;DISPLAY_UNKNOWN,2026-09-19T23:04:16.537135+09:00,REVIEW,http-evidence.json,HTTP observation applies to fetched URL only; fragment variants retained; deployment SHA UNKNOWN
https://spinkorea.kr/tools/discount-calculator#page-summary,https://spinkorea.kr/tools/discount-calculator,link:https://spinkorea.kr/tools/discount-calculator,tool,UNKNOWN,UNKNOWN,UNKNOWN,UNKNOWN,UNKNOWN,UNKNOWN,UNKNOWN,UNKNOWN,UNKNOWN,UNKNOWN,ROBOTS_RULE_ALLOW,False,UNKNOWN,UNKNOWN,UNKNOWN,UNKNOWN,UNKNOWN,REVIEW,UNKNOWN,Candidate only: source/future/stale-build/link evidence is not proof of public availability
https://spinkorea.kr/tools/discount-calculator#reference-links,https://spinkorea.kr/tools/discount-calculator,link:https://spinkorea.kr/tools/discount-calculator,tool,UNKNOWN,UNKNOWN,UNKNOWN,UNKNOWN,UNKNOWN,UNKNOWN,UNKNOWN,UNKNOWN,UNKNOWN,UNKNOWN,ROBOTS_RULE_ALLOW,False,UNKNOWN,UNKNOWN,UNKNOWN,UNKNOWN,UNKNOWN,REVIEW,UNKNOWN,Candidate only: source/future/stale-build/link evidence is not proof of public availability
https://spinkorea.kr/tools/discount-calculator#related-tools,https://spinkorea.kr/tools/discount-calculator,link:https://spinkorea.kr/tools/discount-calculator,tool,UNKNOWN,UNKNOWN,UNKNOWN,UNKNOWN,UNKNOWN,UNKNOWN,UNKNOWN,UNKNOWN,UNKNOWN,UNKNOWN,ROBOTS_RULE_ALLOW,False,UNKNOWN,UNKNOWN,UNKNOWN,UNKNOWN,UNKNOWN,REVIEW,UNKNOWN,Candidate only: source/future/stale-build/link evidence is not proof of public availability
https://spinkorea.kr/tools/discount-calculator#tool-guide,https://spinkorea.kr/tools/discount-calculator,link:https://spinkorea.kr/tools/discount-calculator,tool,UNKNOWN,UNKNOWN,UNKNOWN,UNKNOWN,UNKNOWN,UNKNOWN,UNKNOWN,UNKNOWN,UNKNOWN,UNKNOWN,ROBOTS_RULE_ALLOW,False,UNKNOWN,UNKNOWN,UNKNOWN,UNKNOWN,UNKNOWN,REVIEW,UNKNOWN,Candidate only: source/future/stale-build/link evidence is not proof of public availability
https://spinkorea.kr/tools/dutch-pay,https://spinkorea.kr/tools/dutch-pay,site-pages.json;existing-dist-unverified-build;LIVE_SITEMAP;link:https://spinkorea.kr/tools;LIVE_HTTP,tool,더치페이 계산기 | 총 금액 n명 분할·1인당 금액 계산,src/data/site-pages.json,static;date=UNKNOWN,EXISTING_ARTIFACT_NOT_FRESH,200,https://spinkorea.kr/tools/dutch-pay,[],https://spinkorea.kr/tools/dutch-pay,ABSENT,ABSENT,ROBOTS_RULE_ALLOW,True,True,1,UNKNOWN,SCRIPT_PRESENT;DISPLAY_UNKNOWN,2026-09-19T23:04:17.277285+09:00,REVIEW,http-evidence.json,HTTP observation applies to fetched URL only; fragment variants retained; deployment SHA UNKNOWN
https://spinkorea.kr/tools/dutch-pay#page-summary,https://spinkorea.kr/tools/dutch-pay,link:https://spinkorea.kr/tools/dutch-pay,tool,UNKNOWN,UNKNOWN,UNKNOWN,UNKNOWN,UNKNOWN,UNKNOWN,UNKNOWN,UNKNOWN,UNKNOWN,UNKNOWN,ROBOTS_RULE_ALLOW,False,UNKNOWN,UNKNOWN,UNKNOWN,UNKNOWN,UNKNOWN,REVIEW,UNKNOWN,Candidate only: source/future/stale-build/link evidence is not proof of public availability
https://spinkorea.kr/tools/dutch-pay#reference-links,https://spinkorea.kr/tools/dutch-pay,link:https://spinkorea.kr/tools/dutch-pay,tool,UNKNOWN,UNKNOWN,UNKNOWN,UNKNOWN,UNKNOWN,UNKNOWN,UNKNOWN,UNKNOWN,UNKNOWN,UNKNOWN,ROBOTS_RULE_ALLOW,False,UNKNOWN,UNKNOWN,UNKNOWN,UNKNOWN,UNKNOWN,REVIEW,UNKNOWN,Candidate only: source/future/stale-build/link evidence is not proof of public availability
https://spinkorea.kr/tools/dutch-pay#related-tools,https://spinkorea.kr/tools/dutch-pay,link:https://spinkorea.kr/tools/dutch-pay,tool,UNKNOWN,UNKNOWN,UNKNOWN,UNKNOWN,UNKNOWN,UNKNOWN,UNKNOWN,UNKNOWN,UNKNOWN,UNKNOWN,ROBOTS_RULE_ALLOW,False,UNKNOWN,UNKNOWN,UNKNOWN,UNKNOWN,UNKNOWN,REVIEW,UNKNOWN,Candidate only: source/future/stale-build/link evidence is not proof of public availability
https://spinkorea.kr/tools/dutch-pay#tool-guide,https://spinkorea.kr/tools/dutch-pay,link:https://spinkorea.kr/tools/dutch-pay,tool,UNKNOWN,UNKNOWN,UNKNOWN,UNKNOWN,UNKNOWN,UNKNOWN,UNKNOWN,UNKNOWN,UNKNOWN,UNKNOWN,ROBOTS_RULE_ALLOW,False,UNKNOWN,UNKNOWN,UNKNOWN,UNKNOWN,UNKNOWN,REVIEW,UNKNOWN,Candidate only: source/future/stale-build/link evidence is not proof of public availability
https://spinkorea.kr/tools/fuel-economy,https://spinkorea.kr/tools/fuel-economy,site-pages.json;existing-dist-unverified-build;LIVE_SITEMAP;link:https://spinkorea.kr/tools;LIVE_HTTP,tool,연비 계산기 | 주행거리·연비·연료비 자동 계산,src/data/site-pages.json,static;date=UNKNOWN,EXISTING_ARTIFACT_NOT_FRESH,200,https://spinkorea.kr/tools/fuel-economy,[],https://spinkorea.kr/tools/fuel-economy,ABSENT,ABSENT,ROBOTS_RULE_ALLOW,True,True,1,UNKNOWN,SCRIPT_PRESENT;DISPLAY_UNKNOWN,2026-09-19T23:04:18.011837+09:00,REVIEW,http-evidence.json,HTTP observation applies to fetched URL only; fragment variants retained; deployment SHA UNKNOWN
https://spinkorea.kr/tools/fuel-economy#page-summary,https://spinkorea.kr/tools/fuel-economy,link:https://spinkorea.kr/tools/fuel-economy,tool,UNKNOWN,UNKNOWN,UNKNOWN,UNKNOWN,UNKNOWN,UNKNOWN,UNKNOWN,UNKNOWN,UNKNOWN,UNKNOWN,ROBOTS_RULE_ALLOW,False,UNKNOWN,UNKNOWN,UNKNOWN,UNKNOWN,UNKNOWN,REVIEW,UNKNOWN,Candidate only: source/future/stale-build/link evidence is not proof of public availability
https://spinkorea.kr/tools/fuel-economy#reference-links,https://spinkorea.kr/tools/fuel-economy,link:https://spinkorea.kr/tools/fuel-economy,tool,UNKNOWN,UNKNOWN,UNKNOWN,UNKNOWN,UNKNOWN,UNKNOWN,UNKNOWN,UNKNOWN,UNKNOWN,UNKNOWN,ROBOTS_RULE_ALLOW,False,UNKNOWN,UNKNOWN,UNKNOWN,UNKNOWN,UNKNOWN,REVIEW,UNKNOWN,Candidate only: source/future/stale-build/link evidence is not proof of public availability
https://spinkorea.kr/tools/fuel-economy#related-tools,https://spinkorea.kr/tools/fuel-economy,link:https://spinkorea.kr/tools/fuel-economy,tool,UNKNOWN,UNKNOWN,UNKNOWN,UNKNOWN,UNKNOWN,UNKNOWN,UNKNOWN,UNKNOWN,UNKNOWN,UNKNOWN,ROBOTS_RULE_ALLOW,False,UNKNOWN,UNKNOWN,UNKNOWN,UNKNOWN,UNKNOWN,REVIEW,UNKNOWN,Candidate only: source/future/stale-build/link evidence is not proof of public availability
https://spinkorea.kr/tools/fuel-economy#tool-guide,https://spinkorea.kr/tools/fuel-economy,link:https://spinkorea.kr/tools/fuel-economy,tool,UNKNOWN,UNKNOWN,UNKNOWN,UNKNOWN,UNKNOWN,UNKNOWN,UNKNOWN,UNKNOWN,UNKNOWN,UNKNOWN,ROBOTS_RULE_ALLOW,False,UNKNOWN,UNKNOWN,UNKNOWN,UNKNOWN,UNKNOWN,REVIEW,UNKNOWN,Candidate only: source/future/stale-build/link evidence is not proof of public availability
https://spinkorea.kr/tools/hourly-wage,https://spinkorea.kr/tools/hourly-wage,site-pages.json;existing-dist-unverified-build;LIVE_SITEMAP;link:https://spinkorea.kr/tools;LIVE_HTTP,tool,시급 계산기 | 일급·월급·연봉 자동 계산,src/data/site-pages.json,static;date=UNKNOWN,EXISTING_ARTIFACT_NOT_FRESH,200,https://spinkorea.kr/tools/hourly-wage,[],https://spinkorea.kr/tools/hourly-wage,ABSENT,ABSENT,ROBOTS_RULE_ALLOW,True,True,1,UNKNOWN,SCRIPT_PRESENT;DISPLAY_UNKNOWN,2026-09-19T22:57:28.972009+09:00,REVIEW,http-evidence.json,HTTP observation applies to fetched URL only; fragment variants retained; deployment SHA UNKNOWN
https://spinkorea.kr/tools/hourly-wage#page-summary,https://spinkorea.kr/tools/hourly-wage,link:https://spinkorea.kr/tools/hourly-wage,tool,UNKNOWN,UNKNOWN,UNKNOWN,UNKNOWN,UNKNOWN,UNKNOWN,UNKNOWN,UNKNOWN,UNKNOWN,UNKNOWN,ROBOTS_RULE_ALLOW,False,False,1,UNKNOWN,UNKNOWN,UNKNOWN,REVIEW,UNKNOWN,Candidate only: source/future/stale-build/link evidence is not proof of public availability
https://spinkorea.kr/tools/hourly-wage#reference-links,https://spinkorea.kr/tools/hourly-wage,link:https://spinkorea.kr/tools/hourly-wage,tool,UNKNOWN,UNKNOWN,UNKNOWN,UNKNOWN,UNKNOWN,UNKNOWN,UNKNOWN,UNKNOWN,UNKNOWN,UNKNOWN,ROBOTS_RULE_ALLOW,False,False,1,UNKNOWN,UNKNOWN,UNKNOWN,REVIEW,UNKNOWN,Candidate only: source/future/stale-build/link evidence is not proof of public availability
https://spinkorea.kr/tools/hourly-wage#related-tools,https://spinkorea.kr/tools/hourly-wage,link:https://spinkorea.kr/tools/hourly-wage,tool,UNKNOWN,UNKNOWN,UNKNOWN,UNKNOWN,UNKNOWN,UNKNOWN,UNKNOWN,UNKNOWN,UNKNOWN,UNKNOWN,ROBOTS_RULE_ALLOW,False,False,1,UNKNOWN,UNKNOWN,UNKNOWN,REVIEW,UNKNOWN,Candidate only: source/future/stale-build/link evidence is not proof of public availability
https://spinkorea.kr/tools/hourly-wage#tool-guide,https://spinkorea.kr/tools/hourly-wage,link:https://spinkorea.kr/tools/hourly-wage,tool,UNKNOWN,UNKNOWN,UNKNOWN,UNKNOWN,UNKNOWN,UNKNOWN,UNKNOWN,UNKNOWN,UNKNOWN,UNKNOWN,ROBOTS_RULE_ALLOW,False,False,1,UNKNOWN,UNKNOWN,UNKNOWN,REVIEW,UNKNOWN,Candidate only: source/future/stale-build/link evidence is not proof of public availability
https://spinkorea.kr/tools/ideal-weight,https://spinkorea.kr/tools/ideal-weight,site-pages.json;existing-dist-unverified-build;LIVE_SITEMAP;link:https://spinkorea.kr/tools;LIVE_HTTP,tool,이상 체중 계산기 | BMI·Broca·Hamwi 공식 비교,src/data/site-pages.json,static;date=UNKNOWN,EXISTING_ARTIFACT_NOT_FRESH,200,https://spinkorea.kr/tools/ideal-weight,[],https://spinkorea.kr/tools/ideal-weight,ABSENT,ABSENT,ROBOTS_RULE_ALLOW,True,True,1,UNKNOWN,SCRIPT_PRESENT;DISPLAY_UNKNOWN,2026-09-19T23:04:18.769306+09:00,REVIEW,http-evidence.json,HTTP observation applies to fetched URL only; fragment variants retained; deployment SHA UNKNOWN
https://spinkorea.kr/tools/ideal-weight#page-summary,https://spinkorea.kr/tools/ideal-weight,link:https://spinkorea.kr/tools/ideal-weight,tool,UNKNOWN,UNKNOWN,UNKNOWN,UNKNOWN,UNKNOWN,UNKNOWN,UNKNOWN,UNKNOWN,UNKNOWN,UNKNOWN,ROBOTS_RULE_ALLOW,False,UNKNOWN,UNKNOWN,UNKNOWN,UNKNOWN,UNKNOWN,REVIEW,UNKNOWN,Candidate only: source/future/stale-build/link evidence is not proof of public availability
https://spinkorea.kr/tools/ideal-weight#reference-links,https://spinkorea.kr/tools/ideal-weight,link:https://spinkorea.kr/tools/ideal-weight,tool,UNKNOWN,UNKNOWN,UNKNOWN,UNKNOWN,UNKNOWN,UNKNOWN,UNKNOWN,UNKNOWN,UNKNOWN,UNKNOWN,ROBOTS_RULE_ALLOW,False,UNKNOWN,UNKNOWN,UNKNOWN,UNKNOWN,UNKNOWN,REVIEW,UNKNOWN,Candidate only: source/future/stale-build/link evidence is not proof of public availability
https://spinkorea.kr/tools/ideal-weight#related-tools,https://spinkorea.kr/tools/ideal-weight,link:https://spinkorea.kr/tools/ideal-weight,tool,UNKNOWN,UNKNOWN,UNKNOWN,UNKNOWN,UNKNOWN,UNKNOWN,UNKNOWN,UNKNOWN,UNKNOWN,UNKNOWN,ROBOTS_RULE_ALLOW,False,UNKNOWN,UNKNOWN,UNKNOWN,UNKNOWN,UNKNOWN,REVIEW,UNKNOWN,Candidate only: source/future/stale-build/link evidence is not proof of public availability
https://spinkorea.kr/tools/ideal-weight#tool-guide,https://spinkorea.kr/tools/ideal-weight,link:https://spinkorea.kr/tools/ideal-weight,tool,UNKNOWN,UNKNOWN,UNKNOWN,UNKNOWN,UNKNOWN,UNKNOWN,UNKNOWN,UNKNOWN,UNKNOWN,UNKNOWN,ROBOTS_RULE_ALLOW,False,UNKNOWN,UNKNOWN,UNKNOWN,UNKNOWN,UNKNOWN,REVIEW,UNKNOWN,Candidate only: source/future/stale-build/link evidence is not proof of public availability
https://spinkorea.kr/tools/jeonse-converter,https://spinkorea.kr/tools/jeonse-converter,site-pages.json;existing-dist-unverified-build;LIVE_SITEMAP;link:https://spinkorea.kr/tools;LIVE_HTTP,tool,전월세 전환 계산기 | 전세→월세 월세→전세 변환,src/data/site-pages.json,static;date=UNKNOWN,EXISTING_ARTIFACT_NOT_FRESH,200,https://spinkorea.kr/tools/jeonse-converter,[],https://spinkorea.kr/tools/jeonse-converter,ABSENT,ABSENT,ROBOTS_RULE_ALLOW,True,True,1,UNKNOWN,SCRIPT_PRESENT;DISPLAY_UNKNOWN,2026-09-19T23:04:19.542816+09:00,REVIEW,http-evidence.json,HTTP observation applies to fetched URL only; fragment variants retained; deployment SHA UNKNOWN
https://spinkorea.kr/tools/jeonse-converter#page-summary,https://spinkorea.kr/tools/jeonse-converter,link:https://spinkorea.kr/tools/jeonse-converter,tool,UNKNOWN,UNKNOWN,UNKNOWN,UNKNOWN,UNKNOWN,UNKNOWN,UNKNOWN,UNKNOWN,UNKNOWN,UNKNOWN,ROBOTS_RULE_ALLOW,False,UNKNOWN,UNKNOWN,UNKNOWN,UNKNOWN,UNKNOWN,REVIEW,UNKNOWN,Candidate only: source/future/stale-build/link evidence is not proof of public availability
https://spinkorea.kr/tools/jeonse-converter#reference-links,https://spinkorea.kr/tools/jeonse-converter,link:https://spinkorea.kr/tools/jeonse-converter,tool,UNKNOWN,UNKNOWN,UNKNOWN,UNKNOWN,UNKNOWN,UNKNOWN,UNKNOWN,UNKNOWN,UNKNOWN,UNKNOWN,ROBOTS_RULE_ALLOW,False,UNKNOWN,UNKNOWN,UNKNOWN,UNKNOWN,UNKNOWN,REVIEW,UNKNOWN,Candidate only: source/future/stale-build/link evidence is not proof of public availability
https://spinkorea.kr/tools/jeonse-converter#related-tools,https://spinkorea.kr/tools/jeonse-converter,link:https://spinkorea.kr/tools/jeonse-converter,tool,UNKNOWN,UNKNOWN,UNKNOWN,UNKNOWN,UNKNOWN,UNKNOWN,UNKNOWN,UNKNOWN,UNKNOWN,UNKNOWN,ROBOTS_RULE_ALLOW,False,UNKNOWN,UNKNOWN,UNKNOWN,UNKNOWN,UNKNOWN,REVIEW,UNKNOWN,Candidate only: source/future/stale-build/link evidence is not proof of public availability
https://spinkorea.kr/tools/jeonse-converter#tool-guide,https://spinkorea.kr/tools/jeonse-converter,link:https://spinkorea.kr/tools/jeonse-converter,tool,UNKNOWN,UNKNOWN,UNKNOWN,UNKNOWN,UNKNOWN,UNKNOWN,UNKNOWN,UNKNOWN,UNKNOWN,UNKNOWN,ROBOTS_RULE_ALLOW,False,UNKNOWN,UNKNOWN,UNKNOWN,UNKNOWN,UNKNOWN,REVIEW,UNKNOWN,Candidate only: source/future/stale-build/link evidence is not proof of public availability
https://spinkorea.kr/tools/json-formatter,https://spinkorea.kr/tools/json-formatter,site-pages.json;existing-dist-unverified-build;LIVE_SITEMAP;link:https://spinkorea.kr/tools;LIVE_HTTP;link:https://spinkorea.kr/blog/developer-tools-collection;link:https://spinkorea.kr/blog/diff-whitespace-review;link:https://spinkorea.kr/blog/json-api-explained;link:https://spinkorea.kr/blog/json-for-beginners;link:https://spinkorea.kr/blog/json-formatter-guide,tool,JSON 포맷터 | JSON 정렬·압축·검사,src/data/site-pages.json,static;date=UNKNOWN,EXISTING_ARTIFACT_NOT_FRESH,200,https://spinkorea.kr/tools/json-formatter,[],https://spinkorea.kr/tools/json-formatter,ABSENT,ABSENT,ROBOTS_RULE_ALLOW,True,True,1,UNKNOWN,SCRIPT_PRESENT;DISPLAY_UNKNOWN,2026-09-19T22:57:26.194904+09:00,REVIEW,http-evidence.json,HTTP observation applies to fetched URL only; fragment variants retained; deployment SHA UNKNOWN
https://spinkorea.kr/tools/json-formatter#page-summary,https://spinkorea.kr/tools/json-formatter,link:https://spinkorea.kr/tools/json-formatter,tool,UNKNOWN,UNKNOWN,UNKNOWN,UNKNOWN,UNKNOWN,UNKNOWN,UNKNOWN,UNKNOWN,UNKNOWN,UNKNOWN,ROBOTS_RULE_ALLOW,False,False,1,UNKNOWN,UNKNOWN,UNKNOWN,REVIEW,UNKNOWN,Candidate only: source/future/stale-build/link evidence is not proof of public availability
https://spinkorea.kr/tools/json-formatter#reference-links,https://spinkorea.kr/tools/json-formatter,link:https://spinkorea.kr/tools/json-formatter,tool,UNKNOWN,UNKNOWN,UNKNOWN,UNKNOWN,UNKNOWN,UNKNOWN,UNKNOWN,UNKNOWN,UNKNOWN,UNKNOWN,ROBOTS_RULE_ALLOW,False,False,1,UNKNOWN,UNKNOWN,UNKNOWN,REVIEW,UNKNOWN,Candidate only: source/future/stale-build/link evidence is not proof of public availability
https://spinkorea.kr/tools/json-formatter#related-tools,https://spinkorea.kr/tools/json-formatter,link:https://spinkorea.kr/tools/json-formatter,tool,UNKNOWN,UNKNOWN,UNKNOWN,UNKNOWN,UNKNOWN,UNKNOWN,UNKNOWN,UNKNOWN,UNKNOWN,UNKNOWN,ROBOTS_RULE_ALLOW,False,False,1,UNKNOWN,UNKNOWN,UNKNOWN,REVIEW,UNKNOWN,Candidate only: source/future/stale-build/link evidence is not proof of public availability
https://spinkorea.kr/tools/json-formatter#tool-guide,https://spinkorea.kr/tools/json-formatter,link:https://spinkorea.kr/tools/json-formatter,tool,UNKNOWN,UNKNOWN,UNKNOWN,UNKNOWN,UNKNOWN,UNKNOWN,UNKNOWN,UNKNOWN,UNKNOWN,UNKNOWN,ROBOTS_RULE_ALLOW,False,False,1,UNKNOWN,UNKNOWN,UNKNOWN,REVIEW,UNKNOWN,Candidate only: source/future/stale-build/link evidence is not proof of public availability
https://spinkorea.kr/tools/loan-calculator,https://spinkorea.kr/tools/loan-calculator,site-pages.json;existing-dist-unverified-build;LIVE_SITEMAP;link:https://spinkorea.kr/tools;LIVE_HTTP,tool,대출 이자·상환금 계산기 | 원리금균등·원금균등,src/data/site-pages.json,static;date=UNKNOWN,EXISTING_ARTIFACT_NOT_FRESH,200,https://spinkorea.kr/tools/loan-calculator,[],https://spinkorea.kr/tools/loan-calculator,ABSENT,ABSENT,ROBOTS_RULE_ALLOW,True,True,1,UNKNOWN,SCRIPT_PRESENT;DISPLAY_UNKNOWN,2026-09-19T22:57:24.190284+09:00,REVIEW,http-evidence.json,HTTP observation applies to fetched URL only; fragment variants retained; deployment SHA UNKNOWN
https://spinkorea.kr/tools/loan-calculator#page-summary,https://spinkorea.kr/tools/loan-calculator,link:https://spinkorea.kr/tools/loan-calculator,tool,UNKNOWN,UNKNOWN,UNKNOWN,UNKNOWN,UNKNOWN,UNKNOWN,UNKNOWN,UNKNOWN,UNKNOWN,UNKNOWN,ROBOTS_RULE_ALLOW,False,False,1,UNKNOWN,UNKNOWN,UNKNOWN,REVIEW,UNKNOWN,Candidate only: source/future/stale-build/link evidence is not proof of public availability
https://spinkorea.kr/tools/loan-calculator#reference-links,https://spinkorea.kr/tools/loan-calculator,link:https://spinkorea.kr/tools/loan-calculator,tool,UNKNOWN,UNKNOWN,UNKNOWN,UNKNOWN,UNKNOWN,UNKNOWN,UNKNOWN,UNKNOWN,UNKNOWN,UNKNOWN,ROBOTS_RULE_ALLOW,False,False,1,UNKNOWN,UNKNOWN,UNKNOWN,REVIEW,UNKNOWN,Candidate only: source/future/stale-build/link evidence is not proof of public availability
https://spinkorea.kr/tools/loan-calculator#related-tools,https://spinkorea.kr/tools/loan-calculator,link:https://spinkorea.kr/tools/loan-calculator,tool,UNKNOWN,UNKNOWN,UNKNOWN,UNKNOWN,UNKNOWN,UNKNOWN,UNKNOWN,UNKNOWN,UNKNOWN,UNKNOWN,ROBOTS_RULE_ALLOW,False,False,1,UNKNOWN,UNKNOWN,UNKNOWN,REVIEW,UNKNOWN,Candidate only: source/future/stale-build/link evidence is not proof of public availability
https://spinkorea.kr/tools/loan-calculator#tool-guide,https://spinkorea.kr/tools/loan-calculator,link:https://spinkorea.kr/tools/loan-calculator,tool,UNKNOWN,UNKNOWN,UNKNOWN,UNKNOWN,UNKNOWN,UNKNOWN,UNKNOWN,UNKNOWN,UNKNOWN,UNKNOWN,ROBOTS_RULE_ALLOW,False,False,1,UNKNOWN,UNKNOWN,UNKNOWN,REVIEW,UNKNOWN,Candidate only: source/future/stale-build/link evidence is not proof of public availability
https://spinkorea.kr/tools/lorem-ipsum,https://spinkorea.kr/tools/lorem-ipsum,site-pages.json;existing-dist-unverified-build;LIVE_SITEMAP;link:https://spinkorea.kr/tools;link:https://spinkorea.kr/blog/lorem-ipsum-guide;link:https://spinkorea.kr/blog/lorem-ipsum-history;link:https://spinkorea.kr/blog/lorem-ipsum-layout-qa;LIVE_HTTP,tool,로렘 입숨 생성기 | 더미 텍스트 만들기,src/data/site-pages.json,static;date=UNKNOWN,EXISTING_ARTIFACT_NOT_FRESH,200,https://spinkorea.kr/tools/lorem-ipsum,[],https://spinkorea.kr/tools/lorem-ipsum,ABSENT,ABSENT,ROBOTS_RULE_ALLOW,True,True,1,UNKNOWN,SCRIPT_PRESENT;DISPLAY_UNKNOWN,2026-09-19T23:04:20.298647+09:00,REVIEW,http-evidence.json,HTTP observation applies to fetched URL only; fragment variants retained; deployment SHA UNKNOWN
https://spinkorea.kr/tools/lorem-ipsum#page-summary,https://spinkorea.kr/tools/lorem-ipsum,link:https://spinkorea.kr/tools/lorem-ipsum,tool,UNKNOWN,UNKNOWN,UNKNOWN,UNKNOWN,UNKNOWN,UNKNOWN,UNKNOWN,UNKNOWN,UNKNOWN,UNKNOWN,ROBOTS_RULE_ALLOW,False,UNKNOWN,UNKNOWN,UNKNOWN,UNKNOWN,UNKNOWN,REVIEW,UNKNOWN,Candidate only: source/future/stale-build/link evidence is not proof of public availability
https://spinkorea.kr/tools/lorem-ipsum#reference-links,https://spinkorea.kr/tools/lorem-ipsum,link:https://spinkorea.kr/tools/lorem-ipsum,tool,UNKNOWN,UNKNOWN,UNKNOWN,UNKNOWN,UNKNOWN,UNKNOWN,UNKNOWN,UNKNOWN,UNKNOWN,UNKNOWN,ROBOTS_RULE_ALLOW,False,UNKNOWN,UNKNOWN,UNKNOWN,UNKNOWN,UNKNOWN,REVIEW,UNKNOWN,Candidate only: source/future/stale-build/link evidence is not proof of public availability
https://spinkorea.kr/tools/lorem-ipsum#related-tools,https://spinkorea.kr/tools/lorem-ipsum,link:https://spinkorea.kr/tools/lorem-ipsum,tool,UNKNOWN,UNKNOWN,UNKNOWN,UNKNOWN,UNKNOWN,UNKNOWN,UNKNOWN,UNKNOWN,UNKNOWN,UNKNOWN,ROBOTS_RULE_ALLOW,False,UNKNOWN,UNKNOWN,UNKNOWN,UNKNOWN,UNKNOWN,REVIEW,UNKNOWN,Candidate only: source/future/stale-build/link evidence is not proof of public availability
https://spinkorea.kr/tools/lorem-ipsum#tool-guide,https://spinkorea.kr/tools/lorem-ipsum,link:https://spinkorea.kr/tools/lorem-ipsum,tool,UNKNOWN,UNKNOWN,UNKNOWN,UNKNOWN,UNKNOWN,UNKNOWN,UNKNOWN,UNKNOWN,UNKNOWN,UNKNOWN,ROBOTS_RULE_ALLOW,False,UNKNOWN,UNKNOWN,UNKNOWN,UNKNOWN,UNKNOWN,REVIEW,UNKNOWN,Candidate only: source/future/stale-build/link evidence is not proof of public availability
https://spinkorea.kr/tools/lotto-generator,https://spinkorea.kr/tools/lotto-generator,site-pages.json;existing-dist-unverified-build;LIVE_SITEMAP;link:https://spinkorea.kr/tools;link:https://spinkorea.kr/tools/text-counter;link:https://spinkorea.kr/tools/random-team;link:https://spinkorea.kr/tools/random-password;link:https://spinkorea.kr/tools/loan-calculator;link:https://spinkorea.kr/tools/date-calculator;link:https://spinkorea.kr/tools/percentage-calculator;link:https://spinkorea.kr/tools/json-formatter;link:https://spinkorea.kr/tools/qr-code-generator;link:https://spinkorea.kr/tools/sleep-calculator;link:https://spinkorea.kr/tools/bmi-calculator;link:https://spinkorea.kr/tools/hourly-wage;LIVE_HTTP;link:https://spinkorea.kr/blog/lotto-number-strategy;link:https://spinkorea.kr/blog/lotto-random-combination;link:https://spinkorea.kr/blog/lotto-statistics;link:https://spinkorea.kr/blog/random-number-science;link:https://spinkorea.kr/tools/age-calculator;link:https://spinkorea.kr/tools/annual-leave;link:https://spinkorea.kr/tools/area-converter;link:https://spinkorea.kr/tools/base-converter;link:https://spinkorea.kr/tools/base64-encoder;link:https://spinkorea.kr/tools/body-fat;link:https://spinkorea.kr/tools/calorie-burn;link:https://spinkorea.kr/tools/calorie-calculator;link:https://spinkorea.kr/tools/case-converter;link:https://spinkorea.kr/tools/coin-flip;link:https://spinkorea.kr/tools/color-converter;link:https://spinkorea.kr/tools/compound-interest;link:https://spinkorea.kr/tools/css-shadow-generator;link:https://spinkorea.kr/tools/d-day-counter;link:https://spinkorea.kr/tools/dice-roller;link:https://spinkorea.kr/tools/diff-checker;link:https://spinkorea.kr/tools/discount-calculator;link:https://spinkorea.kr/tools/dutch-pay;link:https://spinkorea.kr/tools/fuel-economy;link:https://spinkorea.kr/tools/ideal-weight;link:https://spinkorea.kr/tools/jeonse-converter;link:https://spinkorea.kr/tools/lorem-ipsum;link:https://spinkorea.kr/tools/margin-calculator;link:https://spinkorea.kr/tools/markdown-previewer;link:https://spinkorea.kr/tools/net-salary;link:https://spinkorea.kr/tools/roi-calculator;link:https://spinkorea.kr/tools/severance-pay;link:https://spinkorea.kr/tools/speed-calculator;link:https://spinkorea.kr/tools/statistics-calculator;link:https://spinkorea.kr/tools/time-calculator;link:https://spinkorea.kr/tools/timer;link:https://spinkorea.kr/tools/unit-converter;link:https://spinkorea.kr/tools/unix-timestamp;link:https://spinkorea.kr/tools/uri-encoder;link:https://spinkorea.kr/tools/uuid-generator;link:https://spinkorea.kr/tools/vat-calculator;link:https://spinkorea.kr/tools/water-intake;link:https://spinkorea.kr/tools/word-frequency;link:https://spinkorea.kr/tools/yes-no-oracle,tool,로또 번호 생성기 | 무료 랜덤 번호 추첨,src/data/site-pages.json,static;date=UNKNOWN,EXISTING_ARTIFACT_NOT_FRESH,200,https://spinkorea.kr/tools/lotto-generator,[],https://spinkorea.kr/tools/lotto-generator,ABSENT,ABSENT,ROBOTS_RULE_ALLOW,True,True,12,UNKNOWN,SCRIPT_PRESENT;DISPLAY_UNKNOWN,2026-09-19T22:57:29.479805+09:00,REVIEW,http-evidence.json,HTTP observation applies to fetched URL only; fragment variants retained; deployment SHA UNKNOWN
https://spinkorea.kr/tools/lotto-generator#page-summary,https://spinkorea.kr/tools/lotto-generator,link:https://spinkorea.kr/tools/lotto-generator,tool,UNKNOWN,UNKNOWN,UNKNOWN,UNKNOWN,UNKNOWN,UNKNOWN,UNKNOWN,UNKNOWN,UNKNOWN,UNKNOWN,ROBOTS_RULE_ALLOW,False,False,1,UNKNOWN,UNKNOWN,UNKNOWN,REVIEW,UNKNOWN,Candidate only: source/future/stale-build/link evidence is not proof of public availability
https://spinkorea.kr/tools/lotto-generator#reference-links,https://spinkorea.kr/tools/lotto-generator,link:https://spinkorea.kr/tools/lotto-generator,tool,UNKNOWN,UNKNOWN,UNKNOWN,UNKNOWN,UNKNOWN,UNKNOWN,UNKNOWN,UNKNOWN,UNKNOWN,UNKNOWN,ROBOTS_RULE_ALLOW,False,False,1,UNKNOWN,UNKNOWN,UNKNOWN,REVIEW,UNKNOWN,Candidate only: source/future/stale-build/link evidence is not proof of public availability
https://spinkorea.kr/tools/lotto-generator#related-tools,https://spinkorea.kr/tools/lotto-generator,link:https://spinkorea.kr/tools/lotto-generator,tool,UNKNOWN,UNKNOWN,UNKNOWN,UNKNOWN,UNKNOWN,UNKNOWN,UNKNOWN,UNKNOWN,UNKNOWN,UNKNOWN,ROBOTS_RULE_ALLOW,False,False,1,UNKNOWN,UNKNOWN,UNKNOWN,REVIEW,UNKNOWN,Candidate only: source/future/stale-build/link evidence is not proof of public availability
https://spinkorea.kr/tools/lotto-generator#tool-guide,https://spinkorea.kr/tools/lotto-generator,link:https://spinkorea.kr/tools/lotto-generator,tool,UNKNOWN,UNKNOWN,UNKNOWN,UNKNOWN,UNKNOWN,UNKNOWN,UNKNOWN,UNKNOWN,UNKNOWN,UNKNOWN,ROBOTS_RULE_ALLOW,False,False,1,UNKNOWN,UNKNOWN,UNKNOWN,REVIEW,UNKNOWN,Candidate only: source/future/stale-build/link evidence is not proof of public availability
https://spinkorea.kr/tools/margin-calculator,https://spinkorea.kr/tools/margin-calculator,site-pages.json;existing-dist-unverified-build;LIVE_SITEMAP;link:https://spinkorea.kr/tools;LIVE_HTTP,tool,마진율 계산기 | 원가·판매가·마진율 자동 계산,src/data/site-pages.json,static;date=UNKNOWN,EXISTING_ARTIFACT_NOT_FRESH,200,https://spinkorea.kr/tools/margin-calculator,[],https://spinkorea.kr/tools/margin-calculator,ABSENT,ABSENT,ROBOTS_RULE_ALLOW,True,True,1,UNKNOWN,SCRIPT_PRESENT;DISPLAY_UNKNOWN,2026-09-19T23:04:20.821640+09:00,REVIEW,http-evidence.json,HTTP observation applies to fetched URL only; fragment variants retained; deployment SHA UNKNOWN
https://spinkorea.kr/tools/margin-calculator#page-summary,https://spinkorea.kr/tools/margin-calculator,link:https://spinkorea.kr/tools/margin-calculator,tool,UNKNOWN,UNKNOWN,UNKNOWN,UNKNOWN,UNKNOWN,UNKNOWN,UNKNOWN,UNKNOWN,UNKNOWN,UNKNOWN,ROBOTS_RULE_ALLOW,False,UNKNOWN,UNKNOWN,UNKNOWN,UNKNOWN,UNKNOWN,REVIEW,UNKNOWN,Candidate only: source/future/stale-build/link evidence is not proof of public availability
https://spinkorea.kr/tools/margin-calculator#reference-links,https://spinkorea.kr/tools/margin-calculator,link:https://spinkorea.kr/tools/margin-calculator,tool,UNKNOWN,UNKNOWN,UNKNOWN,UNKNOWN,UNKNOWN,UNKNOWN,UNKNOWN,UNKNOWN,UNKNOWN,UNKNOWN,ROBOTS_RULE_ALLOW,False,UNKNOWN,UNKNOWN,UNKNOWN,UNKNOWN,UNKNOWN,REVIEW,UNKNOWN,Candidate only: source/future/stale-build/link evidence is not proof of public availability
https://spinkorea.kr/tools/margin-calculator#related-tools,https://spinkorea.kr/tools/margin-calculator,link:https://spinkorea.kr/tools/margin-calculator,tool,UNKNOWN,UNKNOWN,UNKNOWN,UNKNOWN,UNKNOWN,UNKNOWN,UNKNOWN,UNKNOWN,UNKNOWN,UNKNOWN,ROBOTS_RULE_ALLOW,False,UNKNOWN,UNKNOWN,UNKNOWN,UNKNOWN,UNKNOWN,REVIEW,UNKNOWN,Candidate only: source/future/stale-build/link evidence is not proof of public availability
https://spinkorea.kr/tools/margin-calculator#tool-guide,https://spinkorea.kr/tools/margin-calculator,link:https://spinkorea.kr/tools/margin-calculator,tool,UNKNOWN,UNKNOWN,UNKNOWN,UNKNOWN,UNKNOWN,UNKNOWN,UNKNOWN,UNKNOWN,UNKNOWN,UNKNOWN,ROBOTS_RULE_ALLOW,False,UNKNOWN,UNKNOWN,UNKNOWN,UNKNOWN,UNKNOWN,REVIEW,UNKNOWN,Candidate only: source/future/stale-build/link evidence is not proof of public availability
https://spinkorea.kr/tools/markdown-previewer,https://spinkorea.kr/tools/markdown-previewer,site-pages.json;existing-dist-unverified-build;LIVE_SITEMAP;link:https://spinkorea.kr/tools;link:https://spinkorea.kr/blog/css-shadow-states;link:https://spinkorea.kr/blog/diff-whitespace-review;link:https://spinkorea.kr/blog/gratitude-journal;link:https://spinkorea.kr/blog/lorem-ipsum-layout-qa;link:https://spinkorea.kr/blog/markdown-guide;link:https://spinkorea.kr/blog/markdown-writing;link:https://spinkorea.kr/blog/note-taking-art;LIVE_HTTP,tool,마크다운 프리뷰어 | Markdown 실시간 미리보기,src/data/site-pages.json,static;date=UNKNOWN,EXISTING_ARTIFACT_NOT_FRESH,200,https://spinkorea.kr/tools/markdown-previewer,[],https://spinkorea.kr/tools/markdown-previewer,ABSENT,ABSENT,ROBOTS_RULE_ALLOW,True,True,2,UNKNOWN,SCRIPT_PRESENT;DISPLAY_UNKNOWN,2026-09-19T23:04:21.801996+09:00,REVIEW,http-evidence.json,HTTP observation applies to fetched URL only; fragment variants retained; deployment SHA UNKNOWN
https://spinkorea.kr/tools/markdown-previewer#page-summary,https://spinkorea.kr/tools/markdown-previewer,link:https://spinkorea.kr/tools/markdown-previewer,tool,UNKNOWN,UNKNOWN,UNKNOWN,UNKNOWN,UNKNOWN,UNKNOWN,UNKNOWN,UNKNOWN,UNKNOWN,UNKNOWN,ROBOTS_RULE_ALLOW,False,UNKNOWN,UNKNOWN,UNKNOWN,UNKNOWN,UNKNOWN,REVIEW,UNKNOWN,Candidate only: source/future/stale-build/link evidence is not proof of public availability
https://spinkorea.kr/tools/markdown-previewer#reference-links,https://spinkorea.kr/tools/markdown-previewer,link:https://spinkorea.kr/tools/markdown-previewer,tool,UNKNOWN,UNKNOWN,UNKNOWN,UNKNOWN,UNKNOWN,UNKNOWN,UNKNOWN,UNKNOWN,UNKNOWN,UNKNOWN,ROBOTS_RULE_ALLOW,False,UNKNOWN,UNKNOWN,UNKNOWN,UNKNOWN,UNKNOWN,REVIEW,UNKNOWN,Candidate only: source/future/stale-build/link evidence is not proof of public availability
https://spinkorea.kr/tools/markdown-previewer#related-tools,https://spinkorea.kr/tools/markdown-previewer,link:https://spinkorea.kr/tools/markdown-previewer,tool,UNKNOWN,UNKNOWN,UNKNOWN,UNKNOWN,UNKNOWN,UNKNOWN,UNKNOWN,UNKNOWN,UNKNOWN,UNKNOWN,ROBOTS_RULE_ALLOW,False,UNKNOWN,UNKNOWN,UNKNOWN,UNKNOWN,UNKNOWN,REVIEW,UNKNOWN,Candidate only: source/future/stale-build/link evidence is not proof of public availability
https://spinkorea.kr/tools/markdown-previewer#tool-guide,https://spinkorea.kr/tools/markdown-previewer,link:https://spinkorea.kr/tools/markdown-previewer,tool,UNKNOWN,UNKNOWN,UNKNOWN,UNKNOWN,UNKNOWN,UNKNOWN,UNKNOWN,UNKNOWN,UNKNOWN,UNKNOWN,ROBOTS_RULE_ALLOW,False,UNKNOWN,UNKNOWN,UNKNOWN,UNKNOWN,UNKNOWN,REVIEW,UNKNOWN,Candidate only: source/future/stale-build/link evidence is not proof of public availability
https://spinkorea.kr/tools/net-salary,https://spinkorea.kr/tools/net-salary,site-pages.json;existing-dist-unverified-build;LIVE_SITEMAP;link:https://spinkorea.kr/tools;LIVE_HTTP,tool,연봉 실수령액 계산기 | 4대보험·소득세 공제 후 월급,src/data/site-pages.json,static;date=UNKNOWN,EXISTING_ARTIFACT_NOT_FRESH,200,https://spinkorea.kr/tools/net-salary,[],https://spinkorea.kr/tools/net-salary,ABSENT,ABSENT,ROBOTS_RULE_ALLOW,True,True,1,UNKNOWN,SCRIPT_PRESENT;DISPLAY_UNKNOWN,2026-09-19T23:04:22.528905+09:00,REVIEW,http-evidence.json,HTTP observation applies to fetched URL only; fragment variants retained; deployment SHA UNKNOWN
https://spinkorea.kr/tools/net-salary#page-summary,https://spinkorea.kr/tools/net-salary,link:https://spinkorea.kr/tools/net-salary,tool,UNKNOWN,UNKNOWN,UNKNOWN,UNKNOWN,UNKNOWN,UNKNOWN,UNKNOWN,UNKNOWN,UNKNOWN,UNKNOWN,ROBOTS_RULE_ALLOW,False,UNKNOWN,UNKNOWN,UNKNOWN,UNKNOWN,UNKNOWN,REVIEW,UNKNOWN,Candidate only: source/future/stale-build/link evidence is not proof of public availability
https://spinkorea.kr/tools/net-salary#reference-links,https://spinkorea.kr/tools/net-salary,link:https://spinkorea.kr/tools/net-salary,tool,UNKNOWN,UNKNOWN,UNKNOWN,UNKNOWN,UNKNOWN,UNKNOWN,UNKNOWN,UNKNOWN,UNKNOWN,UNKNOWN,ROBOTS_RULE_ALLOW,False,UNKNOWN,UNKNOWN,UNKNOWN,UNKNOWN,UNKNOWN,REVIEW,UNKNOWN,Candidate only: source/future/stale-build/link evidence is not proof of public availability
https://spinkorea.kr/tools/net-salary#related-tools,https://spinkorea.kr/tools/net-salary,link:https://spinkorea.kr/tools/net-salary,tool,UNKNOWN,UNKNOWN,UNKNOWN,UNKNOWN,UNKNOWN,UNKNOWN,UNKNOWN,UNKNOWN,UNKNOWN,UNKNOWN,ROBOTS_RULE_ALLOW,False,UNKNOWN,UNKNOWN,UNKNOWN,UNKNOWN,UNKNOWN,REVIEW,UNKNOWN,Candidate only: source/future/stale-build/link evidence is not proof of public availability
https://spinkorea.kr/tools/net-salary#tool-guide,https://spinkorea.kr/tools/net-salary,link:https://spinkorea.kr/tools/net-salary,tool,UNKNOWN,UNKNOWN,UNKNOWN,UNKNOWN,UNKNOWN,UNKNOWN,UNKNOWN,UNKNOWN,UNKNOWN,UNKNOWN,ROBOTS_RULE_ALLOW,False,UNKNOWN,UNKNOWN,UNKNOWN,UNKNOWN,UNKNOWN,REVIEW,UNKNOWN,Candidate only: source/future/stale-build/link evidence is not proof of public availability
https://spinkorea.kr/tools/password-generator,https://spinkorea.kr/tools/password-generator,link:https://spinkorea.kr/blog/password-strength,tool,UNKNOWN,UNKNOWN,UNKNOWN,UNKNOWN,UNKNOWN,UNKNOWN,UNKNOWN,UNKNOWN,UNKNOWN,UNKNOWN,ROBOTS_RULE_ALLOW,False,False,2,UNKNOWN,UNKNOWN,UNKNOWN,REVIEW,UNKNOWN,Candidate only: source/future/stale-build/link evidence is not proof of public availability
https://spinkorea.kr/tools/percentage-calculator,https://spinkorea.kr/tools/percentage-calculator,site-pages.json;existing-dist-unverified-build;LIVE_SITEMAP;link:https://spinkorea.kr/tools;LIVE_HTTP;link:https://spinkorea.kr/blog/calculator-vs-excel;link:https://spinkorea.kr/blog/percentage-calculator-guide;link:https://spinkorea.kr/blog/percentage-life-hacks,tool,퍼센트 계산기 | 할인율·증감률 계산,src/data/site-pages.json,static;date=UNKNOWN,EXISTING_ARTIFACT_NOT_FRESH,200,https://spinkorea.kr/tools/percentage-calculator,[],https://spinkorea.kr/tools/percentage-calculator,ABSENT,ABSENT,ROBOTS_RULE_ALLOW,True,True,1,UNKNOWN,SCRIPT_PRESENT;DISPLAY_UNKNOWN,2026-09-19T22:57:25.449320+09:00,REVIEW,http-evidence.json,HTTP observation applies to fetched URL only; fragment variants retained; deployment SHA UNKNOWN
https://spinkorea.kr/tools/percentage-calculator#page-summary,https://spinkorea.kr/tools/percentage-calculator,link:https://spinkorea.kr/tools/percentage-calculator,tool,UNKNOWN,UNKNOWN,UNKNOWN,UNKNOWN,UNKNOWN,UNKNOWN,UNKNOWN,UNKNOWN,UNKNOWN,UNKNOWN,ROBOTS_RULE_ALLOW,False,False,1,UNKNOWN,UNKNOWN,UNKNOWN,REVIEW,UNKNOWN,Candidate only: source/future/stale-build/link evidence is not proof of public availability
https://spinkorea.kr/tools/percentage-calculator#reference-links,https://spinkorea.kr/tools/percentage-calculator,link:https://spinkorea.kr/tools/percentage-calculator,tool,UNKNOWN,UNKNOWN,UNKNOWN,UNKNOWN,UNKNOWN,UNKNOWN,UNKNOWN,UNKNOWN,UNKNOWN,UNKNOWN,ROBOTS_RULE_ALLOW,False,False,1,UNKNOWN,UNKNOWN,UNKNOWN,REVIEW,UNKNOWN,Candidate only: source/future/stale-build/link evidence is not proof of public availability
https://spinkorea.kr/tools/percentage-calculator#related-tools,https://spinkorea.kr/tools/percentage-calculator,link:https://spinkorea.kr/tools/percentage-calculator,tool,UNKNOWN,UNKNOWN,UNKNOWN,UNKNOWN,UNKNOWN,UNKNOWN,UNKNOWN,UNKNOWN,UNKNOWN,UNKNOWN,ROBOTS_RULE_ALLOW,False,False,1,UNKNOWN,UNKNOWN,UNKNOWN,REVIEW,UNKNOWN,Candidate only: source/future/stale-build/link evidence is not proof of public availability
https://spinkorea.kr/tools/percentage-calculator#tool-guide,https://spinkorea.kr/tools/percentage-calculator,link:https://spinkorea.kr/tools/percentage-calculator,tool,UNKNOWN,UNKNOWN,UNKNOWN,UNKNOWN,UNKNOWN,UNKNOWN,UNKNOWN,UNKNOWN,UNKNOWN,UNKNOWN,ROBOTS_RULE_ALLOW,False,False,1,UNKNOWN,UNKNOWN,UNKNOWN,REVIEW,UNKNOWN,Candidate only: source/future/stale-build/link evidence is not proof of public availability
https://spinkorea.kr/tools/qr-code-generator,https://spinkorea.kr/tools/qr-code-generator,site-pages.json;existing-dist-unverified-build;LIVE_SITEMAP;link:https://spinkorea.kr/tools;LIVE_HTTP;link:https://spinkorea.kr/blog/hex-rgb-hsl-rounding;link:https://spinkorea.kr/blog/qr-code-generator-guide;link:https://spinkorea.kr/blog/qr-code-guide;link:https://spinkorea.kr/blog/qr-code-uses;link:https://spinkorea.kr/blog/qr-print-scan-test,tool,QR 코드 생성기 | URL을 QR로 변환,src/data/site-pages.json,static;date=UNKNOWN,EXISTING_ARTIFACT_NOT_FRESH,200,https://spinkorea.kr/tools/qr-code-generator,[],https://spinkorea.kr/tools/qr-code-generator,ABSENT,ABSENT,ROBOTS_RULE_ALLOW,True,True,1,UNKNOWN,SCRIPT_PRESENT;DISPLAY_UNKNOWN,2026-09-19T22:57:26.953461+09:00,REVIEW,http-evidence.json,HTTP observation applies to fetched URL only; fragment variants retained; deployment SHA UNKNOWN
https://spinkorea.kr/tools/qr-code-generator#page-summary,https://spinkorea.kr/tools/qr-code-generator,link:https://spinkorea.kr/tools/qr-code-generator,tool,UNKNOWN,UNKNOWN,UNKNOWN,UNKNOWN,UNKNOWN,UNKNOWN,UNKNOWN,UNKNOWN,UNKNOWN,UNKNOWN,ROBOTS_RULE_ALLOW,False,False,1,UNKNOWN,UNKNOWN,UNKNOWN,REVIEW,UNKNOWN,Candidate only: source/future/stale-build/link evidence is not proof of public availability
https://spinkorea.kr/tools/qr-code-generator#reference-links,https://spinkorea.kr/tools/qr-code-generator,link:https://spinkorea.kr/tools/qr-code-generator,tool,UNKNOWN,UNKNOWN,UNKNOWN,UNKNOWN,UNKNOWN,UNKNOWN,UNKNOWN,UNKNOWN,UNKNOWN,UNKNOWN,ROBOTS_RULE_ALLOW,False,False,1,UNKNOWN,UNKNOWN,UNKNOWN,REVIEW,UNKNOWN,Candidate only: source/future/stale-build/link evidence is not proof of public availability
https://spinkorea.kr/tools/qr-code-generator#related-tools,https://spinkorea.kr/tools/qr-code-generator,link:https://spinkorea.kr/tools/qr-code-generator,tool,UNKNOWN,UNKNOWN,UNKNOWN,UNKNOWN,UNKNOWN,UNKNOWN,UNKNOWN,UNKNOWN,UNKNOWN,UNKNOWN,ROBOTS_RULE_ALLOW,False,False,1,UNKNOWN,UNKNOWN,UNKNOWN,REVIEW,UNKNOWN,Candidate only: source/future/stale-build/link evidence is not proof of public availability
https://spinkorea.kr/tools/qr-code-generator#tool-guide,https://spinkorea.kr/tools/qr-code-generator,link:https://spinkorea.kr/tools/qr-code-generator,tool,UNKNOWN,UNKNOWN,UNKNOWN,UNKNOWN,UNKNOWN,UNKNOWN,UNKNOWN,UNKNOWN,UNKNOWN,UNKNOWN,ROBOTS_RULE_ALLOW,False,False,1,UNKNOWN,UNKNOWN,UNKNOWN,REVIEW,UNKNOWN,Candidate only: source/future/stale-build/link evidence is not proof of public availability
https://spinkorea.kr/tools/random-password,https://spinkorea.kr/tools/random-password,site-pages.json;existing-dist-unverified-build;LIVE_SITEMAP;link:https://spinkorea.kr/tools;link:https://spinkorea.kr/tools/random-team;LIVE_HTTP;link:https://spinkorea.kr/tools/lotto-generator;link:https://spinkorea.kr/blog/password-security-guide;link:https://spinkorea.kr/blog/strong-password-guide;link:https://spinkorea.kr/tools/coin-flip;link:https://spinkorea.kr/tools/dice-roller;link:https://spinkorea.kr/tools/yes-no-oracle,tool,비밀번호 생성기 | 안전한 랜덤 암호 만들기,src/data/site-pages.json,static;date=UNKNOWN,EXISTING_ARTIFACT_NOT_FRESH,200,https://spinkorea.kr/tools/random-password,[],https://spinkorea.kr/tools/random-password,ABSENT,ABSENT,ROBOTS_RULE_ALLOW,True,True,3,UNKNOWN,SCRIPT_PRESENT;DISPLAY_UNKNOWN,2026-09-19T22:57:23.652046+09:00,REVIEW,http-evidence.json,HTTP observation applies to fetched URL only; fragment variants retained; deployment SHA UNKNOWN
https://spinkorea.kr/tools/random-password#page-summary,https://spinkorea.kr/tools/random-password,link:https://spinkorea.kr/tools/random-password,tool,UNKNOWN,UNKNOWN,UNKNOWN,UNKNOWN,UNKNOWN,UNKNOWN,UNKNOWN,UNKNOWN,UNKNOWN,UNKNOWN,ROBOTS_RULE_ALLOW,False,False,1,UNKNOWN,UNKNOWN,UNKNOWN,REVIEW,UNKNOWN,Candidate only: source/future/stale-build/link evidence is not proof of public availability
https://spinkorea.kr/tools/random-password#reference-links,https://spinkorea.kr/tools/random-password,link:https://spinkorea.kr/tools/random-password,tool,UNKNOWN,UNKNOWN,UNKNOWN,UNKNOWN,UNKNOWN,UNKNOWN,UNKNOWN,UNKNOWN,UNKNOWN,UNKNOWN,ROBOTS_RULE_ALLOW,False,False,1,UNKNOWN,UNKNOWN,UNKNOWN,REVIEW,UNKNOWN,Candidate only: source/future/stale-build/link evidence is not proof of public availability
https://spinkorea.kr/tools/random-password#related-tools,https://spinkorea.kr/tools/random-password,link:https://spinkorea.kr/tools/random-password,tool,UNKNOWN,UNKNOWN,UNKNOWN,UNKNOWN,UNKNOWN,UNKNOWN,UNKNOWN,UNKNOWN,UNKNOWN,UNKNOWN,ROBOTS_RULE_ALLOW,False,False,1,UNKNOWN,UNKNOWN,UNKNOWN,REVIEW,UNKNOWN,Candidate only: source/future/stale-build/link evidence is not proof of public availability
https://spinkorea.kr/tools/random-password#tool-guide,https://spinkorea.kr/tools/random-password,link:https://spinkorea.kr/tools/random-password,tool,UNKNOWN,UNKNOWN,UNKNOWN,UNKNOWN,UNKNOWN,UNKNOWN,UNKNOWN,UNKNOWN,UNKNOWN,UNKNOWN,ROBOTS_RULE_ALLOW,False,False,1,UNKNOWN,UNKNOWN,UNKNOWN,REVIEW,UNKNOWN,Candidate only: source/future/stale-build/link evidence is not proof of public availability
https://spinkorea.kr/tools/random-team,https://spinkorea.kr/tools/random-team,site-pages.json;existing-dist-unverified-build;LIVE_SITEMAP;link:https://spinkorea.kr/tools;link:https://spinkorea.kr/tools/text-counter;LIVE_HTTP;link:https://spinkorea.kr/tools/random-password;link:https://spinkorea.kr/tools/loan-calculator;link:https://spinkorea.kr/tools/date-calculator;link:https://spinkorea.kr/tools/percentage-calculator;link:https://spinkorea.kr/tools/json-formatter;link:https://spinkorea.kr/tools/qr-code-generator;link:https://spinkorea.kr/tools/sleep-calculator;link:https://spinkorea.kr/tools/bmi-calculator;link:https://spinkorea.kr/tools/hourly-wage;link:https://spinkorea.kr/tools/lotto-generator;link:https://spinkorea.kr/blog/random-number-exclusion;link:https://spinkorea.kr/blog/random-team-building;link:https://spinkorea.kr/blog/random-team-odd-members;link:https://spinkorea.kr/tools/age-calculator;link:https://spinkorea.kr/tools/annual-leave;link:https://spinkorea.kr/tools/area-converter;link:https://spinkorea.kr/tools/base-converter;link:https://spinkorea.kr/tools/base64-encoder;link:https://spinkorea.kr/tools/body-fat;link:https://spinkorea.kr/tools/calorie-burn;link:https://spinkorea.kr/tools/calorie-calculator;link:https://spinkorea.kr/tools/case-converter;link:https://spinkorea.kr/tools/coin-flip;link:https://spinkorea.kr/tools/color-converter;link:https://spinkorea.kr/tools/compound-interest;link:https://spinkorea.kr/tools/css-shadow-generator;link:https://spinkorea.kr/tools/d-day-counter;link:https://spinkorea.kr/tools/dice-roller;link:https://spinkorea.kr/tools/diff-checker;link:https://spinkorea.kr/tools/discount-calculator;link:https://spinkorea.kr/tools/dutch-pay;link:https://spinkorea.kr/tools/fuel-economy;link:https://spinkorea.kr/tools/ideal-weight;link:https://spinkorea.kr/tools/jeonse-converter;link:https://spinkorea.kr/tools/lorem-ipsum;link:https://spinkorea.kr/tools/margin-calculator;link:https://spinkorea.kr/tools/markdown-previewer;link:https://spinkorea.kr/tools/net-salary;link:https://spinkorea.kr/tools/roi-calculator;link:https://spinkorea.kr/tools/severance-pay;link:https://spinkorea.kr/tools/speed-calculator;link:https://spinkorea.kr/tools/statistics-calculator;link:https://spinkorea.kr/tools/time-calculator;link:https://spinkorea.kr/tools/timer;link:https://spinkorea.kr/tools/unit-converter;link:https://spinkorea.kr/tools/unix-timestamp;link:https://spinkorea.kr/tools/uri-encoder;link:https://spinkorea.kr/tools/uuid-generator;link:https://spinkorea.kr/tools/vat-calculator;link:https://spinkorea.kr/tools/water-intake;link:https://spinkorea.kr/tools/word-frequency;link:https://spinkorea.kr/tools/yes-no-oracle,tool,랜덤 팀 편성기 | 조 편성·팀 나누기,src/data/site-pages.json,static;date=UNKNOWN,EXISTING_ARTIFACT_NOT_FRESH,200,https://spinkorea.kr/tools/random-team,[],https://spinkorea.kr/tools/random-team,ABSENT,ABSENT,ROBOTS_RULE_ALLOW,True,True,12,UNKNOWN,SCRIPT_PRESENT;DISPLAY_UNKNOWN,2026-09-19T22:57:22.911955+09:00,REVIEW,http-evidence.json,HTTP observation applies to fetched URL only; fragment variants retained; deployment SHA UNKNOWN
https://spinkorea.kr/tools/random-team#page-summary,https://spinkorea.kr/tools/random-team,link:https://spinkorea.kr/tools/random-team,tool,UNKNOWN,UNKNOWN,UNKNOWN,UNKNOWN,UNKNOWN,UNKNOWN,UNKNOWN,UNKNOWN,UNKNOWN,UNKNOWN,ROBOTS_RULE_ALLOW,False,False,1,UNKNOWN,UNKNOWN,UNKNOWN,REVIEW,UNKNOWN,Candidate only: source/future/stale-build/link evidence is not proof of public availability
https://spinkorea.kr/tools/random-team#reference-links,https://spinkorea.kr/tools/random-team,link:https://spinkorea.kr/tools/random-team,tool,UNKNOWN,UNKNOWN,UNKNOWN,UNKNOWN,UNKNOWN,UNKNOWN,UNKNOWN,UNKNOWN,UNKNOWN,UNKNOWN,ROBOTS_RULE_ALLOW,False,False,1,UNKNOWN,UNKNOWN,UNKNOWN,REVIEW,UNKNOWN,Candidate only: source/future/stale-build/link evidence is not proof of public availability
https://spinkorea.kr/tools/random-team#related-tools,https://spinkorea.kr/tools/random-team,link:https://spinkorea.kr/tools/random-team,tool,UNKNOWN,UNKNOWN,UNKNOWN,UNKNOWN,UNKNOWN,UNKNOWN,UNKNOWN,UNKNOWN,UNKNOWN,UNKNOWN,ROBOTS_RULE_ALLOW,False,False,1,UNKNOWN,UNKNOWN,UNKNOWN,REVIEW,UNKNOWN,Candidate only: source/future/stale-build/link evidence is not proof of public availability
https://spinkorea.kr/tools/random-team#tool-guide,https://spinkorea.kr/tools/random-team,link:https://spinkorea.kr/tools/random-team,tool,UNKNOWN,UNKNOWN,UNKNOWN,UNKNOWN,UNKNOWN,UNKNOWN,UNKNOWN,UNKNOWN,UNKNOWN,UNKNOWN,ROBOTS_RULE_ALLOW,False,False,1,UNKNOWN,UNKNOWN,UNKNOWN,REVIEW,UNKNOWN,Candidate only: source/future/stale-build/link evidence is not proof of public availability
https://spinkorea.kr/tools/roi-calculator,https://spinkorea.kr/tools/roi-calculator,site-pages.json;existing-dist-unverified-build;LIVE_SITEMAP;link:https://spinkorea.kr/tools;LIVE_HTTP,tool,투자 수익률 계산기 | ROI·CAGR·목표 금액 계산,src/data/site-pages.json,static;date=UNKNOWN,EXISTING_ARTIFACT_NOT_FRESH,200,https://spinkorea.kr/tools/roi-calculator,[],https://spinkorea.kr/tools/roi-calculator,ABSENT,ABSENT,ROBOTS_RULE_ALLOW,True,True,1,UNKNOWN,SCRIPT_PRESENT;DISPLAY_UNKNOWN,2026-09-19T23:04:23.313431+09:00,REVIEW,http-evidence.json,HTTP observation applies to fetched URL only; fragment variants retained; deployment SHA UNKNOWN
https://spinkorea.kr/tools/roi-calculator#page-summary,https://spinkorea.kr/tools/roi-calculator,link:https://spinkorea.kr/tools/roi-calculator,tool,UNKNOWN,UNKNOWN,UNKNOWN,UNKNOWN,UNKNOWN,UNKNOWN,UNKNOWN,UNKNOWN,UNKNOWN,UNKNOWN,ROBOTS_RULE_ALLOW,False,UNKNOWN,UNKNOWN,UNKNOWN,UNKNOWN,UNKNOWN,REVIEW,UNKNOWN,Candidate only: source/future/stale-build/link evidence is not proof of public availability
https://spinkorea.kr/tools/roi-calculator#reference-links,https://spinkorea.kr/tools/roi-calculator,link:https://spinkorea.kr/tools/roi-calculator,tool,UNKNOWN,UNKNOWN,UNKNOWN,UNKNOWN,UNKNOWN,UNKNOWN,UNKNOWN,UNKNOWN,UNKNOWN,UNKNOWN,ROBOTS_RULE_ALLOW,False,UNKNOWN,UNKNOWN,UNKNOWN,UNKNOWN,UNKNOWN,REVIEW,UNKNOWN,Candidate only: source/future/stale-build/link evidence is not proof of public availability
https://spinkorea.kr/tools/roi-calculator#related-tools,https://spinkorea.kr/tools/roi-calculator,link:https://spinkorea.kr/tools/roi-calculator,tool,UNKNOWN,UNKNOWN,UNKNOWN,UNKNOWN,UNKNOWN,UNKNOWN,UNKNOWN,UNKNOWN,UNKNOWN,UNKNOWN,ROBOTS_RULE_ALLOW,False,UNKNOWN,UNKNOWN,UNKNOWN,UNKNOWN,UNKNOWN,REVIEW,UNKNOWN,Candidate only: source/future/stale-build/link evidence is not proof of public availability
https://spinkorea.kr/tools/roi-calculator#tool-guide,https://spinkorea.kr/tools/roi-calculator,link:https://spinkorea.kr/tools/roi-calculator,tool,UNKNOWN,UNKNOWN,UNKNOWN,UNKNOWN,UNKNOWN,UNKNOWN,UNKNOWN,UNKNOWN,UNKNOWN,UNKNOWN,ROBOTS_RULE_ALLOW,False,UNKNOWN,UNKNOWN,UNKNOWN,UNKNOWN,UNKNOWN,REVIEW,UNKNOWN,Candidate only: source/future/stale-build/link evidence is not proof of public availability
https://spinkorea.kr/tools/severance-pay,https://spinkorea.kr/tools/severance-pay,site-pages.json;existing-dist-unverified-build;LIVE_SITEMAP;link:https://spinkorea.kr/tools;LIVE_HTTP,tool,퇴직금 계산기 | 법정 퇴직금 자동 계산,src/data/site-pages.json,static;date=UNKNOWN,EXISTING_ARTIFACT_NOT_FRESH,200,https://spinkorea.kr/tools/severance-pay,[],https://spinkorea.kr/tools/severance-pay,ABSENT,ABSENT,ROBOTS_RULE_ALLOW,True,True,1,UNKNOWN,SCRIPT_PRESENT;DISPLAY_UNKNOWN,2026-09-19T23:04:24.069142+09:00,REVIEW,http-evidence.json,HTTP observation applies to fetched URL only; fragment variants retained; deployment SHA UNKNOWN
https://spinkorea.kr/tools/severance-pay#page-summary,https://spinkorea.kr/tools/severance-pay,link:https://spinkorea.kr/tools/severance-pay,tool,UNKNOWN,UNKNOWN,UNKNOWN,UNKNOWN,UNKNOWN,UNKNOWN,UNKNOWN,UNKNOWN,UNKNOWN,UNKNOWN,ROBOTS_RULE_ALLOW,False,UNKNOWN,UNKNOWN,UNKNOWN,UNKNOWN,UNKNOWN,REVIEW,UNKNOWN,Candidate only: source/future/stale-build/link evidence is not proof of public availability
https://spinkorea.kr/tools/severance-pay#reference-links,https://spinkorea.kr/tools/severance-pay,link:https://spinkorea.kr/tools/severance-pay,tool,UNKNOWN,UNKNOWN,UNKNOWN,UNKNOWN,UNKNOWN,UNKNOWN,UNKNOWN,UNKNOWN,UNKNOWN,UNKNOWN,ROBOTS_RULE_ALLOW,False,UNKNOWN,UNKNOWN,UNKNOWN,UNKNOWN,UNKNOWN,REVIEW,UNKNOWN,Candidate only: source/future/stale-build/link evidence is not proof of public availability
https://spinkorea.kr/tools/severance-pay#related-tools,https://spinkorea.kr/tools/severance-pay,link:https://spinkorea.kr/tools/severance-pay,tool,UNKNOWN,UNKNOWN,UNKNOWN,UNKNOWN,UNKNOWN,UNKNOWN,UNKNOWN,UNKNOWN,UNKNOWN,UNKNOWN,ROBOTS_RULE_ALLOW,False,UNKNOWN,UNKNOWN,UNKNOWN,UNKNOWN,UNKNOWN,REVIEW,UNKNOWN,Candidate only: source/future/stale-build/link evidence is not proof of public availability
https://spinkorea.kr/tools/severance-pay#tool-guide,https://spinkorea.kr/tools/severance-pay,link:https://spinkorea.kr/tools/severance-pay,tool,UNKNOWN,UNKNOWN,UNKNOWN,UNKNOWN,UNKNOWN,UNKNOWN,UNKNOWN,UNKNOWN,UNKNOWN,UNKNOWN,ROBOTS_RULE_ALLOW,False,UNKNOWN,UNKNOWN,UNKNOWN,UNKNOWN,UNKNOWN,REVIEW,UNKNOWN,Candidate only: source/future/stale-build/link evidence is not proof of public availability
https://spinkorea.kr/tools/sleep-calculator,https://spinkorea.kr/tools/sleep-calculator,site-pages.json;existing-dist-unverified-build;LIVE_SITEMAP;link:https://spinkorea.kr/tools;LIVE_HTTP,tool,수면 계산기 | 90분 사이클 최적 기상·취침 시각,src/data/site-pages.json,static;date=UNKNOWN,EXISTING_ARTIFACT_NOT_FRESH,200,https://spinkorea.kr/tools/sleep-calculator,[],https://spinkorea.kr/tools/sleep-calculator,ABSENT,ABSENT,ROBOTS_RULE_ALLOW,True,True,1,UNKNOWN,SCRIPT_PRESENT;DISPLAY_UNKNOWN,2026-09-19T22:57:27.704717+09:00,REVIEW,http-evidence.json,HTTP observation applies to fetched URL only; fragment variants retained; deployment SHA UNKNOWN
https://spinkorea.kr/tools/sleep-calculator#page-summary,https://spinkorea.kr/tools/sleep-calculator,link:https://spinkorea.kr/tools/sleep-calculator,tool,UNKNOWN,UNKNOWN,UNKNOWN,UNKNOWN,UNKNOWN,UNKNOWN,UNKNOWN,UNKNOWN,UNKNOWN,UNKNOWN,ROBOTS_RULE_ALLOW,False,False,1,UNKNOWN,UNKNOWN,UNKNOWN,REVIEW,UNKNOWN,Candidate only: source/future/stale-build/link evidence is not proof of public availability
https://spinkorea.kr/tools/sleep-calculator#reference-links,https://spinkorea.kr/tools/sleep-calculator,link:https://spinkorea.kr/tools/sleep-calculator,tool,UNKNOWN,UNKNOWN,UNKNOWN,UNKNOWN,UNKNOWN,UNKNOWN,UNKNOWN,UNKNOWN,UNKNOWN,UNKNOWN,ROBOTS_RULE_ALLOW,False,False,1,UNKNOWN,UNKNOWN,UNKNOWN,REVIEW,UNKNOWN,Candidate only: source/future/stale-build/link evidence is not proof of public availability
https://spinkorea.kr/tools/sleep-calculator#related-tools,https://spinkorea.kr/tools/sleep-calculator,link:https://spinkorea.kr/tools/sleep-calculator,tool,UNKNOWN,UNKNOWN,UNKNOWN,UNKNOWN,UNKNOWN,UNKNOWN,UNKNOWN,UNKNOWN,UNKNOWN,UNKNOWN,ROBOTS_RULE_ALLOW,False,False,1,UNKNOWN,UNKNOWN,UNKNOWN,REVIEW,UNKNOWN,Candidate only: source/future/stale-build/link evidence is not proof of public availability
https://spinkorea.kr/tools/sleep-calculator#tool-guide,https://spinkorea.kr/tools/sleep-calculator,link:https://spinkorea.kr/tools/sleep-calculator,tool,UNKNOWN,UNKNOWN,UNKNOWN,UNKNOWN,UNKNOWN,UNKNOWN,UNKNOWN,UNKNOWN,UNKNOWN,UNKNOWN,ROBOTS_RULE_ALLOW,False,False,1,UNKNOWN,UNKNOWN,UNKNOWN,REVIEW,UNKNOWN,Candidate only: source/future/stale-build/link evidence is not proof of public availability
https://spinkorea.kr/tools/speed-calculator,https://spinkorea.kr/tools/speed-calculator,site-pages.json;existing-dist-unverified-build;LIVE_SITEMAP;link:https://spinkorea.kr/tools;LIVE_HTTP,tool,속도 계산기 | 거리·시간·속도 3방향 계산,src/data/site-pages.json,static;date=UNKNOWN,EXISTING_ARTIFACT_NOT_FRESH,200,https://spinkorea.kr/tools/speed-calculator,[],https://spinkorea.kr/tools/speed-calculator,ABSENT,ABSENT,ROBOTS_RULE_ALLOW,True,True,1,UNKNOWN,SCRIPT_PRESENT;DISPLAY_UNKNOWN,2026-09-19T23:04:24.835979+09:00,REVIEW,http-evidence.json,HTTP observation applies to fetched URL only; fragment variants retained; deployment SHA UNKNOWN
https://spinkorea.kr/tools/speed-calculator#page-summary,https://spinkorea.kr/tools/speed-calculator,link:https://spinkorea.kr/tools/speed-calculator,tool,UNKNOWN,UNKNOWN,UNKNOWN,UNKNOWN,UNKNOWN,UNKNOWN,UNKNOWN,UNKNOWN,UNKNOWN,UNKNOWN,ROBOTS_RULE_ALLOW,False,UNKNOWN,UNKNOWN,UNKNOWN,UNKNOWN,UNKNOWN,REVIEW,UNKNOWN,Candidate only: source/future/stale-build/link evidence is not proof of public availability
https://spinkorea.kr/tools/speed-calculator#reference-links,https://spinkorea.kr/tools/speed-calculator,link:https://spinkorea.kr/tools/speed-calculator,tool,UNKNOWN,UNKNOWN,UNKNOWN,UNKNOWN,UNKNOWN,UNKNOWN,UNKNOWN,UNKNOWN,UNKNOWN,UNKNOWN,ROBOTS_RULE_ALLOW,False,UNKNOWN,UNKNOWN,UNKNOWN,UNKNOWN,UNKNOWN,REVIEW,UNKNOWN,Candidate only: source/future/stale-build/link evidence is not proof of public availability
https://spinkorea.kr/tools/speed-calculator#related-tools,https://spinkorea.kr/tools/speed-calculator,link:https://spinkorea.kr/tools/speed-calculator,tool,UNKNOWN,UNKNOWN,UNKNOWN,UNKNOWN,UNKNOWN,UNKNOWN,UNKNOWN,UNKNOWN,UNKNOWN,UNKNOWN,ROBOTS_RULE_ALLOW,False,UNKNOWN,UNKNOWN,UNKNOWN,UNKNOWN,UNKNOWN,REVIEW,UNKNOWN,Candidate only: source/future/stale-build/link evidence is not proof of public availability
https://spinkorea.kr/tools/speed-calculator#tool-guide,https://spinkorea.kr/tools/speed-calculator,link:https://spinkorea.kr/tools/speed-calculator,tool,UNKNOWN,UNKNOWN,UNKNOWN,UNKNOWN,UNKNOWN,UNKNOWN,UNKNOWN,UNKNOWN,UNKNOWN,UNKNOWN,ROBOTS_RULE_ALLOW,False,UNKNOWN,UNKNOWN,UNKNOWN,UNKNOWN,UNKNOWN,REVIEW,UNKNOWN,Candidate only: source/future/stale-build/link evidence is not proof of public availability
https://spinkorea.kr/tools/statistics-calculator,https://spinkorea.kr/tools/statistics-calculator,site-pages.json;existing-dist-unverified-build;LIVE_SITEMAP;link:https://spinkorea.kr/tools;link:https://spinkorea.kr/blog/lotto-random-combination;LIVE_HTTP,tool,통계 계산기 | 평균·중앙값·표준편차·분산 한번에 계산,src/data/site-pages.json,static;date=UNKNOWN,EXISTING_ARTIFACT_NOT_FRESH,200,https://spinkorea.kr/tools/statistics-calculator,[],https://spinkorea.kr/tools/statistics-calculator,ABSENT,ABSENT,ROBOTS_RULE_ALLOW,True,True,1,UNKNOWN,SCRIPT_PRESENT;DISPLAY_UNKNOWN,2026-09-19T23:04:25.589725+09:00,REVIEW,http-evidence.json,HTTP observation applies to fetched URL only; fragment variants retained; deployment SHA UNKNOWN
https://spinkorea.kr/tools/statistics-calculator#page-summary,https://spinkorea.kr/tools/statistics-calculator,link:https://spinkorea.kr/tools/statistics-calculator,tool,UNKNOWN,UNKNOWN,UNKNOWN,UNKNOWN,UNKNOWN,UNKNOWN,UNKNOWN,UNKNOWN,UNKNOWN,UNKNOWN,ROBOTS_RULE_ALLOW,False,UNKNOWN,UNKNOWN,UNKNOWN,UNKNOWN,UNKNOWN,REVIEW,UNKNOWN,Candidate only: source/future/stale-build/link evidence is not proof of public availability
https://spinkorea.kr/tools/statistics-calculator#reference-links,https://spinkorea.kr/tools/statistics-calculator,link:https://spinkorea.kr/tools/statistics-calculator,tool,UNKNOWN,UNKNOWN,UNKNOWN,UNKNOWN,UNKNOWN,UNKNOWN,UNKNOWN,UNKNOWN,UNKNOWN,UNKNOWN,ROBOTS_RULE_ALLOW,False,UNKNOWN,UNKNOWN,UNKNOWN,UNKNOWN,UNKNOWN,REVIEW,UNKNOWN,Candidate only: source/future/stale-build/link evidence is not proof of public availability
https://spinkorea.kr/tools/statistics-calculator#related-tools,https://spinkorea.kr/tools/statistics-calculator,link:https://spinkorea.kr/tools/statistics-calculator,tool,UNKNOWN,UNKNOWN,UNKNOWN,UNKNOWN,UNKNOWN,UNKNOWN,UNKNOWN,UNKNOWN,UNKNOWN,UNKNOWN,ROBOTS_RULE_ALLOW,False,UNKNOWN,UNKNOWN,UNKNOWN,UNKNOWN,UNKNOWN,REVIEW,UNKNOWN,Candidate only: source/future/stale-build/link evidence is not proof of public availability
https://spinkorea.kr/tools/statistics-calculator#tool-guide,https://spinkorea.kr/tools/statistics-calculator,link:https://spinkorea.kr/tools/statistics-calculator,tool,UNKNOWN,UNKNOWN,UNKNOWN,UNKNOWN,UNKNOWN,UNKNOWN,UNKNOWN,UNKNOWN,UNKNOWN,UNKNOWN,ROBOTS_RULE_ALLOW,False,UNKNOWN,UNKNOWN,UNKNOWN,UNKNOWN,UNKNOWN,REVIEW,UNKNOWN,Candidate only: source/future/stale-build/link evidence is not proof of public availability
https://spinkorea.kr/tools/text-counter,https://spinkorea.kr/tools/text-counter,site-pages.json;existing-dist-unverified-build;LIVE_SITEMAP;link:https://spinkorea.kr/tools;LIVE_HTTP;link:https://spinkorea.kr/blog/gratitude-journal;link:https://spinkorea.kr/blog/lorem-ipsum-layout-qa;link:https://spinkorea.kr/blog/morning-routine;link:https://spinkorea.kr/blog/note-taking-art;link:https://spinkorea.kr/blog/text-analysis-basics;link:https://spinkorea.kr/blog/text-counter-guide;link:https://spinkorea.kr/blog/text-formatting-situations,tool,글자수 세기 | 공백 포함·제외 문자수 계산,src/data/site-pages.json,static;date=UNKNOWN,EXISTING_ARTIFACT_NOT_FRESH,200,https://spinkorea.kr/tools/text-counter,[],https://spinkorea.kr/tools/text-counter,ABSENT,ABSENT,ROBOTS_RULE_ALLOW,True,True,1,LIVE_DOM_OBSERVED_THIRD_PARTIES_BLOCKED,SCRIPT_PRESENT;DISPLAY_UNKNOWN,2026-09-19T22:57:22.403608+09:00,REVIEW,http-evidence.json,HTTP observation applies to fetched URL only; fragment variants retained; deployment SHA UNKNOWN
https://spinkorea.kr/tools/text-counter#page-summary,https://spinkorea.kr/tools/text-counter,link:https://spinkorea.kr/tools/text-counter,tool,UNKNOWN,UNKNOWN,UNKNOWN,UNKNOWN,UNKNOWN,UNKNOWN,UNKNOWN,UNKNOWN,UNKNOWN,UNKNOWN,ROBOTS_RULE_ALLOW,False,False,1,UNKNOWN,UNKNOWN,UNKNOWN,REVIEW,UNKNOWN,Candidate only: source/future/stale-build/link evidence is not proof of public availability
https://spinkorea.kr/tools/text-counter#reference-links,https://spinkorea.kr/tools/text-counter,link:https://spinkorea.kr/tools/text-counter,tool,UNKNOWN,UNKNOWN,UNKNOWN,UNKNOWN,UNKNOWN,UNKNOWN,UNKNOWN,UNKNOWN,UNKNOWN,UNKNOWN,ROBOTS_RULE_ALLOW,False,False,1,UNKNOWN,UNKNOWN,UNKNOWN,REVIEW,UNKNOWN,Candidate only: source/future/stale-build/link evidence is not proof of public availability
https://spinkorea.kr/tools/text-counter#related-tools,https://spinkorea.kr/tools/text-counter,link:https://spinkorea.kr/tools/text-counter,tool,UNKNOWN,UNKNOWN,UNKNOWN,UNKNOWN,UNKNOWN,UNKNOWN,UNKNOWN,UNKNOWN,UNKNOWN,UNKNOWN,ROBOTS_RULE_ALLOW,False,False,1,UNKNOWN,UNKNOWN,UNKNOWN,REVIEW,UNKNOWN,Candidate only: source/future/stale-build/link evidence is not proof of public availability
https://spinkorea.kr/tools/text-counter#tool-guide,https://spinkorea.kr/tools/text-counter,link:https://spinkorea.kr/tools/text-counter,tool,UNKNOWN,UNKNOWN,UNKNOWN,UNKNOWN,UNKNOWN,UNKNOWN,UNKNOWN,UNKNOWN,UNKNOWN,UNKNOWN,ROBOTS_RULE_ALLOW,False,False,1,UNKNOWN,UNKNOWN,UNKNOWN,REVIEW,UNKNOWN,Candidate only: source/future/stale-build/link evidence is not proof of public availability
https://spinkorea.kr/tools/time-calculator,https://spinkorea.kr/tools/time-calculator,site-pages.json;existing-dist-unverified-build;LIVE_SITEMAP;link:https://spinkorea.kr/tools;link:https://spinkorea.kr/blog/sleep-optimization;link:https://spinkorea.kr/blog/calculator-vs-excel;link:https://spinkorea.kr/blog/fewer-meetings;link:https://spinkorea.kr/blog/pomodoro-technique;link:https://spinkorea.kr/blog/time-calculator-guide;link:https://spinkorea.kr/blog/time-management-productivity;link:https://spinkorea.kr/blog/work-hours-calculator;LIVE_HTTP,tool,시간 계산기 | 시간 더하기·빼기,src/data/site-pages.json,static;date=UNKNOWN,EXISTING_ARTIFACT_NOT_FRESH,200,https://spinkorea.kr/tools/time-calculator,[],https://spinkorea.kr/tools/time-calculator,ABSENT,ABSENT,ROBOTS_RULE_ALLOW,True,True,2,UNKNOWN,SCRIPT_PRESENT;DISPLAY_UNKNOWN,2026-09-19T23:04:26.367044+09:00,REVIEW,http-evidence.json,HTTP observation applies to fetched URL only; fragment variants retained; deployment SHA UNKNOWN
https://spinkorea.kr/tools/time-calculator#page-summary,https://spinkorea.kr/tools/time-calculator,link:https://spinkorea.kr/tools/time-calculator,tool,UNKNOWN,UNKNOWN,UNKNOWN,UNKNOWN,UNKNOWN,UNKNOWN,UNKNOWN,UNKNOWN,UNKNOWN,UNKNOWN,ROBOTS_RULE_ALLOW,False,UNKNOWN,UNKNOWN,UNKNOWN,UNKNOWN,UNKNOWN,REVIEW,UNKNOWN,Candidate only: source/future/stale-build/link evidence is not proof of public availability
https://spinkorea.kr/tools/time-calculator#reference-links,https://spinkorea.kr/tools/time-calculator,link:https://spinkorea.kr/tools/time-calculator,tool,UNKNOWN,UNKNOWN,UNKNOWN,UNKNOWN,UNKNOWN,UNKNOWN,UNKNOWN,UNKNOWN,UNKNOWN,UNKNOWN,ROBOTS_RULE_ALLOW,False,UNKNOWN,UNKNOWN,UNKNOWN,UNKNOWN,UNKNOWN,REVIEW,UNKNOWN,Candidate only: source/future/stale-build/link evidence is not proof of public availability
https://spinkorea.kr/tools/time-calculator#related-tools,https://spinkorea.kr/tools/time-calculator,link:https://spinkorea.kr/tools/time-calculator,tool,UNKNOWN,UNKNOWN,UNKNOWN,UNKNOWN,UNKNOWN,UNKNOWN,UNKNOWN,UNKNOWN,UNKNOWN,UNKNOWN,ROBOTS_RULE_ALLOW,False,UNKNOWN,UNKNOWN,UNKNOWN,UNKNOWN,UNKNOWN,REVIEW,UNKNOWN,Candidate only: source/future/stale-build/link evidence is not proof of public availability
https://spinkorea.kr/tools/time-calculator#tool-guide,https://spinkorea.kr/tools/time-calculator,link:https://spinkorea.kr/tools/time-calculator,tool,UNKNOWN,UNKNOWN,UNKNOWN,UNKNOWN,UNKNOWN,UNKNOWN,UNKNOWN,UNKNOWN,UNKNOWN,UNKNOWN,ROBOTS_RULE_ALLOW,False,UNKNOWN,UNKNOWN,UNKNOWN,UNKNOWN,UNKNOWN,REVIEW,UNKNOWN,Candidate only: source/future/stale-build/link evidence is not proof of public availability
https://spinkorea.kr/tools/timer,https://spinkorea.kr/tools/timer,site-pages.json;existing-dist-unverified-build;LIVE_SITEMAP;link:https://spinkorea.kr/tools;LIVE_HTTP,tool,타이머 | 카운트다운·스톱워치·뽀모도로,src/data/site-pages.json,static;date=UNKNOWN,EXISTING_ARTIFACT_NOT_FRESH,200,https://spinkorea.kr/tools/timer,[],https://spinkorea.kr/tools/timer,ABSENT,ABSENT,ROBOTS_RULE_ALLOW,True,True,1,UNKNOWN,SCRIPT_PRESENT;DISPLAY_UNKNOWN,2026-09-19T23:04:27.267122+09:00,REVIEW,http-evidence.json,HTTP observation applies to fetched URL only; fragment variants retained; deployment SHA UNKNOWN
https://spinkorea.kr/tools/timer#page-summary,https://spinkorea.kr/tools/timer,link:https://spinkorea.kr/tools/timer,tool,UNKNOWN,UNKNOWN,UNKNOWN,UNKNOWN,UNKNOWN,UNKNOWN,UNKNOWN,UNKNOWN,UNKNOWN,UNKNOWN,ROBOTS_RULE_ALLOW,False,UNKNOWN,UNKNOWN,UNKNOWN,UNKNOWN,UNKNOWN,REVIEW,UNKNOWN,Candidate only: source/future/stale-build/link evidence is not proof of public availability
https://spinkorea.kr/tools/timer#reference-links,https://spinkorea.kr/tools/timer,link:https://spinkorea.kr/tools/timer,tool,UNKNOWN,UNKNOWN,UNKNOWN,UNKNOWN,UNKNOWN,UNKNOWN,UNKNOWN,UNKNOWN,UNKNOWN,UNKNOWN,ROBOTS_RULE_ALLOW,False,UNKNOWN,UNKNOWN,UNKNOWN,UNKNOWN,UNKNOWN,REVIEW,UNKNOWN,Candidate only: source/future/stale-build/link evidence is not proof of public availability
https://spinkorea.kr/tools/timer#related-tools,https://spinkorea.kr/tools/timer,link:https://spinkorea.kr/tools/timer,tool,UNKNOWN,UNKNOWN,UNKNOWN,UNKNOWN,UNKNOWN,UNKNOWN,UNKNOWN,UNKNOWN,UNKNOWN,UNKNOWN,ROBOTS_RULE_ALLOW,False,UNKNOWN,UNKNOWN,UNKNOWN,UNKNOWN,UNKNOWN,REVIEW,UNKNOWN,Candidate only: source/future/stale-build/link evidence is not proof of public availability
https://spinkorea.kr/tools/timer#tool-guide,https://spinkorea.kr/tools/timer,link:https://spinkorea.kr/tools/timer,tool,UNKNOWN,UNKNOWN,UNKNOWN,UNKNOWN,UNKNOWN,UNKNOWN,UNKNOWN,UNKNOWN,UNKNOWN,UNKNOWN,ROBOTS_RULE_ALLOW,False,UNKNOWN,UNKNOWN,UNKNOWN,UNKNOWN,UNKNOWN,REVIEW,UNKNOWN,Candidate only: source/future/stale-build/link evidence is not proof of public availability
https://spinkorea.kr/tools/unit-converter,https://spinkorea.kr/tools/unit-converter,site-pages.json;existing-dist-unverified-build;LIVE_SITEMAP;link:https://spinkorea.kr/tools;link:https://spinkorea.kr/blog/calculator-vs-excel;link:https://spinkorea.kr/blog/unit-conversion-life;link:https://spinkorea.kr/blog/unit-converter-guide;LIVE_HTTP,tool,단위 변환기 | 길이·무게·온도 변환,src/data/site-pages.json,static;date=UNKNOWN,EXISTING_ARTIFACT_NOT_FRESH,200,https://spinkorea.kr/tools/unit-converter,[],https://spinkorea.kr/tools/unit-converter,ABSENT,ABSENT,ROBOTS_RULE_ALLOW,True,True,1,UNKNOWN,SCRIPT_PRESENT;DISPLAY_UNKNOWN,2026-09-19T23:04:28.017381+09:00,REVIEW,http-evidence.json,HTTP observation applies to fetched URL only; fragment variants retained; deployment SHA UNKNOWN
https://spinkorea.kr/tools/unit-converter#page-summary,https://spinkorea.kr/tools/unit-converter,link:https://spinkorea.kr/tools/unit-converter,tool,UNKNOWN,UNKNOWN,UNKNOWN,UNKNOWN,UNKNOWN,UNKNOWN,UNKNOWN,UNKNOWN,UNKNOWN,UNKNOWN,ROBOTS_RULE_ALLOW,False,UNKNOWN,UNKNOWN,UNKNOWN,UNKNOWN,UNKNOWN,REVIEW,UNKNOWN,Candidate only: source/future/stale-build/link evidence is not proof of public availability
https://spinkorea.kr/tools/unit-converter#reference-links,https://spinkorea.kr/tools/unit-converter,link:https://spinkorea.kr/tools/unit-converter,tool,UNKNOWN,UNKNOWN,UNKNOWN,UNKNOWN,UNKNOWN,UNKNOWN,UNKNOWN,UNKNOWN,UNKNOWN,UNKNOWN,ROBOTS_RULE_ALLOW,False,UNKNOWN,UNKNOWN,UNKNOWN,UNKNOWN,UNKNOWN,REVIEW,UNKNOWN,Candidate only: source/future/stale-build/link evidence is not proof of public availability
https://spinkorea.kr/tools/unit-converter#related-tools,https://spinkorea.kr/tools/unit-converter,link:https://spinkorea.kr/tools/unit-converter,tool,UNKNOWN,UNKNOWN,UNKNOWN,UNKNOWN,UNKNOWN,UNKNOWN,UNKNOWN,UNKNOWN,UNKNOWN,UNKNOWN,ROBOTS_RULE_ALLOW,False,UNKNOWN,UNKNOWN,UNKNOWN,UNKNOWN,UNKNOWN,REVIEW,UNKNOWN,Candidate only: source/future/stale-build/link evidence is not proof of public availability
https://spinkorea.kr/tools/unit-converter#tool-guide,https://spinkorea.kr/tools/unit-converter,link:https://spinkorea.kr/tools/unit-converter,tool,UNKNOWN,UNKNOWN,UNKNOWN,UNKNOWN,UNKNOWN,UNKNOWN,UNKNOWN,UNKNOWN,UNKNOWN,UNKNOWN,ROBOTS_RULE_ALLOW,False,UNKNOWN,UNKNOWN,UNKNOWN,UNKNOWN,UNKNOWN,REVIEW,UNKNOWN,Candidate only: source/future/stale-build/link evidence is not proof of public availability
https://spinkorea.kr/tools/unix-timestamp,https://spinkorea.kr/tools/unix-timestamp,site-pages.json;existing-dist-unverified-build;LIVE_SITEMAP;link:https://spinkorea.kr/tools;link:https://spinkorea.kr/blog/developer-tools-collection;link:https://spinkorea.kr/blog/unix-timestamp-guide;LIVE_HTTP,tool,Unix 타임스탬프 변환기 | 날짜 변환,src/data/site-pages.json,static;date=UNKNOWN,EXISTING_ARTIFACT_NOT_FRESH,200,https://spinkorea.kr/tools/unix-timestamp,[],https://spinkorea.kr/tools/unix-timestamp,ABSENT,ABSENT,ROBOTS_RULE_ALLOW,True,True,1,UNKNOWN,SCRIPT_PRESENT;DISPLAY_UNKNOWN,2026-09-19T23:04:28.771577+09:00,REVIEW,http-evidence.json,HTTP observation applies to fetched URL only; fragment variants retained; deployment SHA UNKNOWN
https://spinkorea.kr/tools/unix-timestamp#page-summary,https://spinkorea.kr/tools/unix-timestamp,link:https://spinkorea.kr/tools/unix-timestamp,tool,UNKNOWN,UNKNOWN,UNKNOWN,UNKNOWN,UNKNOWN,UNKNOWN,UNKNOWN,UNKNOWN,UNKNOWN,UNKNOWN,ROBOTS_RULE_ALLOW,False,UNKNOWN,UNKNOWN,UNKNOWN,UNKNOWN,UNKNOWN,REVIEW,UNKNOWN,Candidate only: source/future/stale-build/link evidence is not proof of public availability
https://spinkorea.kr/tools/unix-timestamp#reference-links,https://spinkorea.kr/tools/unix-timestamp,link:https://spinkorea.kr/tools/unix-timestamp,tool,UNKNOWN,UNKNOWN,UNKNOWN,UNKNOWN,UNKNOWN,UNKNOWN,UNKNOWN,UNKNOWN,UNKNOWN,UNKNOWN,ROBOTS_RULE_ALLOW,False,UNKNOWN,UNKNOWN,UNKNOWN,UNKNOWN,UNKNOWN,REVIEW,UNKNOWN,Candidate only: source/future/stale-build/link evidence is not proof of public availability
https://spinkorea.kr/tools/unix-timestamp#related-tools,https://spinkorea.kr/tools/unix-timestamp,link:https://spinkorea.kr/tools/unix-timestamp,tool,UNKNOWN,UNKNOWN,UNKNOWN,UNKNOWN,UNKNOWN,UNKNOWN,UNKNOWN,UNKNOWN,UNKNOWN,UNKNOWN,ROBOTS_RULE_ALLOW,False,UNKNOWN,UNKNOWN,UNKNOWN,UNKNOWN,UNKNOWN,REVIEW,UNKNOWN,Candidate only: source/future/stale-build/link evidence is not proof of public availability
https://spinkorea.kr/tools/unix-timestamp#tool-guide,https://spinkorea.kr/tools/unix-timestamp,link:https://spinkorea.kr/tools/unix-timestamp,tool,UNKNOWN,UNKNOWN,UNKNOWN,UNKNOWN,UNKNOWN,UNKNOWN,UNKNOWN,UNKNOWN,UNKNOWN,UNKNOWN,ROBOTS_RULE_ALLOW,False,UNKNOWN,UNKNOWN,UNKNOWN,UNKNOWN,UNKNOWN,REVIEW,UNKNOWN,Candidate only: source/future/stale-build/link evidence is not proof of public availability
https://spinkorea.kr/tools/uri-encoder,https://spinkorea.kr/tools/uri-encoder,site-pages.json;existing-dist-unverified-build;LIVE_SITEMAP;link:https://spinkorea.kr/tools;link:https://spinkorea.kr/blog/developer-tools-collection;link:https://spinkorea.kr/blog/qr-print-scan-test;link:https://spinkorea.kr/blog/uri-encoder-guide;link:https://spinkorea.kr/blog/url-shortener-tech;LIVE_HTTP,tool,URL 인코더 | URI 인코딩·디코딩,src/data/site-pages.json,static;date=UNKNOWN,EXISTING_ARTIFACT_NOT_FRESH,200,https://spinkorea.kr/tools/uri-encoder,[],https://spinkorea.kr/tools/uri-encoder,ABSENT,ABSENT,ROBOTS_RULE_ALLOW,True,True,1,UNKNOWN,SCRIPT_PRESENT;DISPLAY_UNKNOWN,2026-09-19T23:04:29.518781+09:00,REVIEW,http-evidence.json,HTTP observation applies to fetched URL only; fragment variants retained; deployment SHA UNKNOWN
https://spinkorea.kr/tools/uri-encoder#page-summary,https://spinkorea.kr/tools/uri-encoder,link:https://spinkorea.kr/tools/uri-encoder,tool,UNKNOWN,UNKNOWN,UNKNOWN,UNKNOWN,UNKNOWN,UNKNOWN,UNKNOWN,UNKNOWN,UNKNOWN,UNKNOWN,ROBOTS_RULE_ALLOW,False,UNKNOWN,UNKNOWN,UNKNOWN,UNKNOWN,UNKNOWN,REVIEW,UNKNOWN,Candidate only: source/future/stale-build/link evidence is not proof of public availability
https://spinkorea.kr/tools/uri-encoder#reference-links,https://spinkorea.kr/tools/uri-encoder,link:https://spinkorea.kr/tools/uri-encoder,tool,UNKNOWN,UNKNOWN,UNKNOWN,UNKNOWN,UNKNOWN,UNKNOWN,UNKNOWN,UNKNOWN,UNKNOWN,UNKNOWN,ROBOTS_RULE_ALLOW,False,UNKNOWN,UNKNOWN,UNKNOWN,UNKNOWN,UNKNOWN,REVIEW,UNKNOWN,Candidate only: source/future/stale-build/link evidence is not proof of public availability
https://spinkorea.kr/tools/uri-encoder#related-tools,https://spinkorea.kr/tools/uri-encoder,link:https://spinkorea.kr/tools/uri-encoder,tool,UNKNOWN,UNKNOWN,UNKNOWN,UNKNOWN,UNKNOWN,UNKNOWN,UNKNOWN,UNKNOWN,UNKNOWN,UNKNOWN,ROBOTS_RULE_ALLOW,False,UNKNOWN,UNKNOWN,UNKNOWN,UNKNOWN,UNKNOWN,REVIEW,UNKNOWN,Candidate only: source/future/stale-build/link evidence is not proof of public availability
https://spinkorea.kr/tools/uri-encoder#tool-guide,https://spinkorea.kr/tools/uri-encoder,link:https://spinkorea.kr/tools/uri-encoder,tool,UNKNOWN,UNKNOWN,UNKNOWN,UNKNOWN,UNKNOWN,UNKNOWN,UNKNOWN,UNKNOWN,UNKNOWN,UNKNOWN,ROBOTS_RULE_ALLOW,False,UNKNOWN,UNKNOWN,UNKNOWN,UNKNOWN,UNKNOWN,REVIEW,UNKNOWN,Candidate only: source/future/stale-build/link evidence is not proof of public availability
https://spinkorea.kr/tools/uuid-generator,https://spinkorea.kr/tools/uuid-generator,site-pages.json;existing-dist-unverified-build;LIVE_SITEMAP;link:https://spinkorea.kr/tools;LIVE_HTTP,tool,UUID 생성기 | UUID v4 온라인 무료 생성,src/data/site-pages.json,static;date=UNKNOWN,EXISTING_ARTIFACT_NOT_FRESH,200,https://spinkorea.kr/tools/uuid-generator,[],https://spinkorea.kr/tools/uuid-generator,ABSENT,ABSENT,ROBOTS_RULE_ALLOW,True,True,1,UNKNOWN,SCRIPT_PRESENT;DISPLAY_UNKNOWN,2026-09-19T23:04:30.321207+09:00,REVIEW,http-evidence.json,HTTP observation applies to fetched URL only; fragment variants retained; deployment SHA UNKNOWN
https://spinkorea.kr/tools/uuid-generator#page-summary,https://spinkorea.kr/tools/uuid-generator,link:https://spinkorea.kr/tools/uuid-generator,tool,UNKNOWN,UNKNOWN,UNKNOWN,UNKNOWN,UNKNOWN,UNKNOWN,UNKNOWN,UNKNOWN,UNKNOWN,UNKNOWN,ROBOTS_RULE_ALLOW,False,UNKNOWN,UNKNOWN,UNKNOWN,UNKNOWN,UNKNOWN,REVIEW,UNKNOWN,Candidate only: source/future/stale-build/link evidence is not proof of public availability
https://spinkorea.kr/tools/uuid-generator#reference-links,https://spinkorea.kr/tools/uuid-generator,link:https://spinkorea.kr/tools/uuid-generator,tool,UNKNOWN,UNKNOWN,UNKNOWN,UNKNOWN,UNKNOWN,UNKNOWN,UNKNOWN,UNKNOWN,UNKNOWN,UNKNOWN,ROBOTS_RULE_ALLOW,False,UNKNOWN,UNKNOWN,UNKNOWN,UNKNOWN,UNKNOWN,REVIEW,UNKNOWN,Candidate only: source/future/stale-build/link evidence is not proof of public availability
https://spinkorea.kr/tools/uuid-generator#related-tools,https://spinkorea.kr/tools/uuid-generator,link:https://spinkorea.kr/tools/uuid-generator,tool,UNKNOWN,UNKNOWN,UNKNOWN,UNKNOWN,UNKNOWN,UNKNOWN,UNKNOWN,UNKNOWN,UNKNOWN,UNKNOWN,ROBOTS_RULE_ALLOW,False,UNKNOWN,UNKNOWN,UNKNOWN,UNKNOWN,UNKNOWN,REVIEW,UNKNOWN,Candidate only: source/future/stale-build/link evidence is not proof of public availability
https://spinkorea.kr/tools/uuid-generator#tool-guide,https://spinkorea.kr/tools/uuid-generator,link:https://spinkorea.kr/tools/uuid-generator,tool,UNKNOWN,UNKNOWN,UNKNOWN,UNKNOWN,UNKNOWN,UNKNOWN,UNKNOWN,UNKNOWN,UNKNOWN,UNKNOWN,ROBOTS_RULE_ALLOW,False,UNKNOWN,UNKNOWN,UNKNOWN,UNKNOWN,UNKNOWN,REVIEW,UNKNOWN,Candidate only: source/future/stale-build/link evidence is not proof of public availability
https://spinkorea.kr/tools/vat-calculator,https://spinkorea.kr/tools/vat-calculator,site-pages.json;existing-dist-unverified-build;LIVE_SITEMAP;link:https://spinkorea.kr/tools;LIVE_HTTP,tool,부가세 계산기 | 공급가액·부가세·공급대가 자동 계산,src/data/site-pages.json,static;date=UNKNOWN,EXISTING_ARTIFACT_NOT_FRESH,200,https://spinkorea.kr/tools/vat-calculator,[],https://spinkorea.kr/tools/vat-calculator,ABSENT,ABSENT,ROBOTS_RULE_ALLOW,True,True,1,UNKNOWN,SCRIPT_PRESENT;DISPLAY_UNKNOWN,2026-09-19T23:04:30.858909+09:00,REVIEW,http-evidence.json,HTTP observation applies to fetched URL only; fragment variants retained; deployment SHA UNKNOWN
https://spinkorea.kr/tools/vat-calculator#page-summary,https://spinkorea.kr/tools/vat-calculator,link:https://spinkorea.kr/tools/vat-calculator,tool,UNKNOWN,UNKNOWN,UNKNOWN,UNKNOWN,UNKNOWN,UNKNOWN,UNKNOWN,UNKNOWN,UNKNOWN,UNKNOWN,ROBOTS_RULE_ALLOW,False,UNKNOWN,UNKNOWN,UNKNOWN,UNKNOWN,UNKNOWN,REVIEW,UNKNOWN,Candidate only: source/future/stale-build/link evidence is not proof of public availability
https://spinkorea.kr/tools/vat-calculator#reference-links,https://spinkorea.kr/tools/vat-calculator,link:https://spinkorea.kr/tools/vat-calculator,tool,UNKNOWN,UNKNOWN,UNKNOWN,UNKNOWN,UNKNOWN,UNKNOWN,UNKNOWN,UNKNOWN,UNKNOWN,UNKNOWN,ROBOTS_RULE_ALLOW,False,UNKNOWN,UNKNOWN,UNKNOWN,UNKNOWN,UNKNOWN,REVIEW,UNKNOWN,Candidate only: source/future/stale-build/link evidence is not proof of public availability
https://spinkorea.kr/tools/vat-calculator#related-tools,https://spinkorea.kr/tools/vat-calculator,link:https://spinkorea.kr/tools/vat-calculator,tool,UNKNOWN,UNKNOWN,UNKNOWN,UNKNOWN,UNKNOWN,UNKNOWN,UNKNOWN,UNKNOWN,UNKNOWN,UNKNOWN,ROBOTS_RULE_ALLOW,False,UNKNOWN,UNKNOWN,UNKNOWN,UNKNOWN,UNKNOWN,REVIEW,UNKNOWN,Candidate only: source/future/stale-build/link evidence is not proof of public availability
https://spinkorea.kr/tools/vat-calculator#tool-guide,https://spinkorea.kr/tools/vat-calculator,link:https://spinkorea.kr/tools/vat-calculator,tool,UNKNOWN,UNKNOWN,UNKNOWN,UNKNOWN,UNKNOWN,UNKNOWN,UNKNOWN,UNKNOWN,UNKNOWN,UNKNOWN,ROBOTS_RULE_ALLOW,False,UNKNOWN,UNKNOWN,UNKNOWN,UNKNOWN,UNKNOWN,REVIEW,UNKNOWN,Candidate only: source/future/stale-build/link evidence is not proof of public availability
https://spinkorea.kr/tools/water-intake,https://spinkorea.kr/tools/water-intake,site-pages.json;existing-dist-unverified-build;LIVE_SITEMAP;link:https://spinkorea.kr/tools;LIVE_HTTP,tool,수분 섭취량 계산기 | 체중·활동량별 하루 권장 물 섭취량,src/data/site-pages.json,static;date=UNKNOWN,EXISTING_ARTIFACT_NOT_FRESH,200,https://spinkorea.kr/tools/water-intake,[],https://spinkorea.kr/tools/water-intake,ABSENT,ABSENT,ROBOTS_RULE_ALLOW,True,True,1,UNKNOWN,SCRIPT_PRESENT;DISPLAY_UNKNOWN,2026-09-19T23:04:31.676454+09:00,REVIEW,http-evidence.json,HTTP observation applies to fetched URL only; fragment variants retained; deployment SHA UNKNOWN
https://spinkorea.kr/tools/water-intake#page-summary,https://spinkorea.kr/tools/water-intake,link:https://spinkorea.kr/tools/water-intake,tool,UNKNOWN,UNKNOWN,UNKNOWN,UNKNOWN,UNKNOWN,UNKNOWN,UNKNOWN,UNKNOWN,UNKNOWN,UNKNOWN,ROBOTS_RULE_ALLOW,False,UNKNOWN,UNKNOWN,UNKNOWN,UNKNOWN,UNKNOWN,REVIEW,UNKNOWN,Candidate only: source/future/stale-build/link evidence is not proof of public availability
https://spinkorea.kr/tools/water-intake#reference-links,https://spinkorea.kr/tools/water-intake,link:https://spinkorea.kr/tools/water-intake,tool,UNKNOWN,UNKNOWN,UNKNOWN,UNKNOWN,UNKNOWN,UNKNOWN,UNKNOWN,UNKNOWN,UNKNOWN,UNKNOWN,ROBOTS_RULE_ALLOW,False,UNKNOWN,UNKNOWN,UNKNOWN,UNKNOWN,UNKNOWN,REVIEW,UNKNOWN,Candidate only: source/future/stale-build/link evidence is not proof of public availability
https://spinkorea.kr/tools/water-intake#related-tools,https://spinkorea.kr/tools/water-intake,link:https://spinkorea.kr/tools/water-intake,tool,UNKNOWN,UNKNOWN,UNKNOWN,UNKNOWN,UNKNOWN,UNKNOWN,UNKNOWN,UNKNOWN,UNKNOWN,UNKNOWN,ROBOTS_RULE_ALLOW,False,UNKNOWN,UNKNOWN,UNKNOWN,UNKNOWN,UNKNOWN,REVIEW,UNKNOWN,Candidate only: source/future/stale-build/link evidence is not proof of public availability
https://spinkorea.kr/tools/water-intake#tool-guide,https://spinkorea.kr/tools/water-intake,link:https://spinkorea.kr/tools/water-intake,tool,UNKNOWN,UNKNOWN,UNKNOWN,UNKNOWN,UNKNOWN,UNKNOWN,UNKNOWN,UNKNOWN,UNKNOWN,UNKNOWN,ROBOTS_RULE_ALLOW,False,UNKNOWN,UNKNOWN,UNKNOWN,UNKNOWN,UNKNOWN,REVIEW,UNKNOWN,Candidate only: source/future/stale-build/link evidence is not proof of public availability
https://spinkorea.kr/tools/word-frequency,https://spinkorea.kr/tools/word-frequency,site-pages.json;existing-dist-unverified-build;LIVE_SITEMAP;link:https://spinkorea.kr/tools;LIVE_HTTP,tool,단어 빈도 분석기 | 텍스트 키워드 빈도 분석,src/data/site-pages.json,static;date=UNKNOWN,EXISTING_ARTIFACT_NOT_FRESH,200,https://spinkorea.kr/tools/word-frequency,[],https://spinkorea.kr/tools/word-frequency,ABSENT,ABSENT,ROBOTS_RULE_ALLOW,True,True,1,UNKNOWN,SCRIPT_PRESENT;DISPLAY_UNKNOWN,2026-09-19T23:04:32.429115+09:00,REVIEW,http-evidence.json,HTTP observation applies to fetched URL only; fragment variants retained; deployment SHA UNKNOWN
https://spinkorea.kr/tools/word-frequency#page-summary,https://spinkorea.kr/tools/word-frequency,link:https://spinkorea.kr/tools/word-frequency,tool,UNKNOWN,UNKNOWN,UNKNOWN,UNKNOWN,UNKNOWN,UNKNOWN,UNKNOWN,UNKNOWN,UNKNOWN,UNKNOWN,ROBOTS_RULE_ALLOW,False,UNKNOWN,UNKNOWN,UNKNOWN,UNKNOWN,UNKNOWN,REVIEW,UNKNOWN,Candidate only: source/future/stale-build/link evidence is not proof of public availability
https://spinkorea.kr/tools/word-frequency#reference-links,https://spinkorea.kr/tools/word-frequency,link:https://spinkorea.kr/tools/word-frequency,tool,UNKNOWN,UNKNOWN,UNKNOWN,UNKNOWN,UNKNOWN,UNKNOWN,UNKNOWN,UNKNOWN,UNKNOWN,UNKNOWN,ROBOTS_RULE_ALLOW,False,UNKNOWN,UNKNOWN,UNKNOWN,UNKNOWN,UNKNOWN,REVIEW,UNKNOWN,Candidate only: source/future/stale-build/link evidence is not proof of public availability
https://spinkorea.kr/tools/word-frequency#related-tools,https://spinkorea.kr/tools/word-frequency,link:https://spinkorea.kr/tools/word-frequency,tool,UNKNOWN,UNKNOWN,UNKNOWN,UNKNOWN,UNKNOWN,UNKNOWN,UNKNOWN,UNKNOWN,UNKNOWN,UNKNOWN,ROBOTS_RULE_ALLOW,False,UNKNOWN,UNKNOWN,UNKNOWN,UNKNOWN,UNKNOWN,REVIEW,UNKNOWN,Candidate only: source/future/stale-build/link evidence is not proof of public availability
https://spinkorea.kr/tools/word-frequency#tool-guide,https://spinkorea.kr/tools/word-frequency,link:https://spinkorea.kr/tools/word-frequency,tool,UNKNOWN,UNKNOWN,UNKNOWN,UNKNOWN,UNKNOWN,UNKNOWN,UNKNOWN,UNKNOWN,UNKNOWN,UNKNOWN,ROBOTS_RULE_ALLOW,False,UNKNOWN,UNKNOWN,UNKNOWN,UNKNOWN,UNKNOWN,REVIEW,UNKNOWN,Candidate only: source/future/stale-build/link evidence is not proof of public availability
https://spinkorea.kr/tools/yes-no-oracle,https://spinkorea.kr/tools/yes-no-oracle,site-pages.json;existing-dist-unverified-build;LIVE_SITEMAP;link:https://spinkorea.kr/tools;link:https://spinkorea.kr/blog/yes-no-oracle-guide;link:https://spinkorea.kr/blog/yes-no-reversible-choice;link:https://spinkorea.kr/blog/exercise-brain;link:https://spinkorea.kr/blog/boundaries-relationship;link:https://spinkorea.kr/tools/text-counter;link:https://spinkorea.kr/tools/random-team;link:https://spinkorea.kr/tools/random-password;link:https://spinkorea.kr/tools/loan-calculator;link:https://spinkorea.kr/tools/date-calculator;link:https://spinkorea.kr/tools/percentage-calculator;link:https://spinkorea.kr/tools/json-formatter;link:https://spinkorea.kr/tools/qr-code-generator;link:https://spinkorea.kr/tools/sleep-calculator;link:https://spinkorea.kr/tools/bmi-calculator;link:https://spinkorea.kr/tools/hourly-wage;link:https://spinkorea.kr/tools/lotto-generator;link:https://spinkorea.kr/blog/coin-flip-question;link:https://spinkorea.kr/blog/five-second-rule;link:https://spinkorea.kr/tools/age-calculator;link:https://spinkorea.kr/tools/annual-leave;link:https://spinkorea.kr/tools/area-converter;link:https://spinkorea.kr/tools/base-converter;link:https://spinkorea.kr/tools/base64-encoder;link:https://spinkorea.kr/tools/body-fat;link:https://spinkorea.kr/tools/calorie-burn;link:https://spinkorea.kr/tools/calorie-calculator;link:https://spinkorea.kr/tools/case-converter;link:https://spinkorea.kr/tools/coin-flip;link:https://spinkorea.kr/tools/color-converter;link:https://spinkorea.kr/tools/compound-interest;link:https://spinkorea.kr/tools/css-shadow-generator;link:https://spinkorea.kr/tools/d-day-counter;link:https://spinkorea.kr/tools/dice-roller;link:https://spinkorea.kr/tools/diff-checker;link:https://spinkorea.kr/tools/discount-calculator;link:https://spinkorea.kr/tools/dutch-pay;link:https://spinkorea.kr/tools/fuel-economy;link:https://spinkorea.kr/tools/ideal-weight;link:https://spinkorea.kr/tools/jeonse-converter;link:https://spinkorea.kr/tools/lorem-ipsum;link:https://spinkorea.kr/tools/margin-calculator;link:https://spinkorea.kr/tools/markdown-previewer;link:https://spinkorea.kr/tools/net-salary;link:https://spinkorea.kr/tools/roi-calculator;link:https://spinkorea.kr/tools/severance-pay;link:https://spinkorea.kr/tools/speed-calculator;link:https://spinkorea.kr/tools/statistics-calculator;link:https://spinkorea.kr/tools/time-calculator;link:https://spinkorea.kr/tools/timer;link:https://spinkorea.kr/tools/unit-converter;link:https://spinkorea.kr/tools/unix-timestamp;link:https://spinkorea.kr/tools/uri-encoder;link:https://spinkorea.kr/tools/uuid-generator;link:https://spinkorea.kr/tools/vat-calculator;link:https://spinkorea.kr/tools/water-intake;link:https://spinkorea.kr/tools/word-frequency;LIVE_HTTP,tool,Yes or No 결정 도구 | 예 아니오 랜덤 선택,src/data/site-pages.json,static;date=UNKNOWN,EXISTING_ARTIFACT_NOT_FRESH,200,https://spinkorea.kr/tools/yes-no-oracle,[],https://spinkorea.kr/tools/yes-no-oracle,ABSENT,ABSENT,ROBOTS_RULE_ALLOW,True,True,20,UNKNOWN,SCRIPT_PRESENT;DISPLAY_UNKNOWN,2026-09-19T23:04:33.211143+09:00,REVIEW,http-evidence.json,HTTP observation applies to fetched URL only; fragment variants retained; deployment SHA UNKNOWN
https://spinkorea.kr/tools/yes-no-oracle#page-summary,https://spinkorea.kr/tools/yes-no-oracle,link:https://spinkorea.kr/tools/yes-no-oracle,tool,UNKNOWN,UNKNOWN,UNKNOWN,UNKNOWN,UNKNOWN,UNKNOWN,UNKNOWN,UNKNOWN,UNKNOWN,UNKNOWN,ROBOTS_RULE_ALLOW,False,UNKNOWN,UNKNOWN,UNKNOWN,UNKNOWN,UNKNOWN,REVIEW,UNKNOWN,Candidate only: source/future/stale-build/link evidence is not proof of public availability
https://spinkorea.kr/tools/yes-no-oracle#reference-links,https://spinkorea.kr/tools/yes-no-oracle,link:https://spinkorea.kr/tools/yes-no-oracle,tool,UNKNOWN,UNKNOWN,UNKNOWN,UNKNOWN,UNKNOWN,UNKNOWN,UNKNOWN,UNKNOWN,UNKNOWN,UNKNOWN,ROBOTS_RULE_ALLOW,False,UNKNOWN,UNKNOWN,UNKNOWN,UNKNOWN,UNKNOWN,REVIEW,UNKNOWN,Candidate only: source/future/stale-build/link evidence is not proof of public availability
https://spinkorea.kr/tools/yes-no-oracle#related-tools,https://spinkorea.kr/tools/yes-no-oracle,link:https://spinkorea.kr/tools/yes-no-oracle,tool,UNKNOWN,UNKNOWN,UNKNOWN,UNKNOWN,UNKNOWN,UNKNOWN,UNKNOWN,UNKNOWN,UNKNOWN,UNKNOWN,ROBOTS_RULE_ALLOW,False,UNKNOWN,UNKNOWN,UNKNOWN,UNKNOWN,UNKNOWN,REVIEW,UNKNOWN,Candidate only: source/future/stale-build/link evidence is not proof of public availability
https://spinkorea.kr/tools/yes-no-oracle#tool-guide,https://spinkorea.kr/tools/yes-no-oracle,link:https://spinkorea.kr/tools/yes-no-oracle,tool,UNKNOWN,UNKNOWN,UNKNOWN,UNKNOWN,UNKNOWN,UNKNOWN,UNKNOWN,UNKNOWN,UNKNOWN,UNKNOWN,ROBOTS_RULE_ALLOW,False,UNKNOWN,UNKNOWN,UNKNOWN,UNKNOWN,UNKNOWN,REVIEW,UNKNOWN,Candidate only: source/future/stale-build/link evidence is not proof of public availability
https://www.spinkorea.kr/,https://www.spinkorea.kr/,LIVE_HTTP,page,온라인 룰렛 돌리기 | 무료 원판돌리기·스핀 추첨,UNKNOWN,UNKNOWN,UNKNOWN,200,https://spinkorea.kr/,"[{""status"": 308, ""url"": ""https://www.spinkorea.kr/"", ""destination"": ""https://spinkorea.kr/""}]",https://spinkorea.kr/,ABSENT,ABSENT,UNKNOWN,False,False,0,UNKNOWN,SCRIPT_PRESENT;DISPLAY_UNKNOWN,2026-09-19T22:57:34.241894+09:00,REVIEW,http-evidence.json,HTTP observation applies to fetched URL only; fragment variants retained; deployment SHA UNKNOWN
